Everything I Am,Kanye West,Hip-Hop / Rap / R&B,Vocals / Lyrics,2007
Everything I Am,DJ Premier,Hip-Hop / Rap / R&B,Vocals / Lyrics,2007
Bass (How Low Can You Go),Simon Harris,Electronic / Dance,Vocals / Lyrics,1988
How Low,Ludacris,Hip-Hop / Rap / R&B,Vocals / Lyrics,2009
I'm Back,Eminem,Hip-Hop / Rap / R&B,Vocals / Lyrics,2000
Here We Go Again!,Portrait,Hip-Hop / Rap / R&B,Vocals / Lyrics,1992
Guess Who's Back,Rakim,Hip-Hop / Rap / R&B,Vocals / Lyrics,1997
Total Confusion (Confusion Mix),"A Homeboy, a Hippie & a Funki Dredd",Electronic / Dance,Vocals / Lyrics,1990
Concrete Jungle (1999),Bob Marley,Reggae / Dub,Vocals / Lyrics,1999
Concrete Jungle (1999),The Wailers,Reggae / Dub,Vocals / Lyrics,1999
Concrete Jungle (1999),Rakim,Reggae / Dub,Vocals / Lyrics,1999
Much More,De La Soul,Hip-Hop / Rap / R&B,Vocals / Lyrics,2003
Much More,Yummy Bingham,Hip-Hop / Rap / R&B,Vocals / Lyrics,2003
Showdown,Pendulum,Electronic / Dance,Vocals / Lyrics,2008
Safe 2 Say (The Incredible),Fat Joe,Hip-Hop / Rap / R&B,Vocals / Lyrics,2005
Undisputed,Prince,Rock / Pop,Vocals / Lyrics,1999
Undisputed,Chuck D,Rock / Pop,Vocals / Lyrics,1999
Plug Tunin',De La Soul,Hip-Hop / Rap / R&B,Vocals / Lyrics,1989
Black Steel in the Hour of Chaos,Public Enemy,Hip-Hop / Rap / R&B,Vocals / Lyrics,1988
Crossover,EPMD,Hip-Hop / Rap / R&B,Vocals / Lyrics,1992
Egg Man,Beastie Boys,Hip-Hop / Rap / R&B,Vocals / Lyrics,1989
Everything I Am,Kanye West,Hip-Hop / Rap / R&B,Vocals / Lyrics,2007
Everything I Am,DJ Premier,Hip-Hop / Rap / R&B,Vocals / Lyrics,2007
Bass (How Low Can You Go),Simon Harris,Electronic / Dance,Vocals / Lyrics,1988
How Low,Ludacris,Hip-Hop / Rap / R&B,Vocals / Lyrics,2009
I'm Back,Eminem,Hip-Hop / Rap / R&B,Vocals / Lyrics,2000
Here We Go Again!,Portrait,Hip-Hop / Rap / R&B,Vocals / Lyrics,1992
Guess Who's Back,Rakim,Hip-Hop / Rap / R&B,Vocals / Lyrics,1997
Total Confusion (Confusion Mix),"A Homeboy, a Hippie & a Funki Dredd",Electronic / Dance,Vocals / Lyrics,1990
Concrete Jungle (1999),Bob Marley,Reggae / Dub,Vocals / Lyrics,1999
Concrete Jungle (1999),The Wailers,Reggae / Dub,Vocals / Lyrics,1999
Concrete Jungle (1999),Rakim,Reggae / Dub,Vocals / Lyrics,1999
Much More,De La Soul,Hip-Hop / Rap / R&B,Vocals / Lyrics,2003
Much More,Yummy Bingham,Hip-Hop / Rap / R&B,Vocals / Lyrics,2003
Showdown,Pendulum,Electronic / Dance,Vocals / Lyrics,2008
Safe 2 Say (The Incredible),Fat Joe,Hip-Hop / Rap / R&B,Vocals / Lyrics,2005
Undisputed,Prince,Rock / Pop,Vocals / Lyrics,1999
Undisputed,Chuck D,Rock / Pop,Vocals / Lyrics,1999
Plug Tunin',De La Soul,Hip-Hop / Rap / R&B,Vocals / Lyrics,1989
Black Steel in the Hour of Chaos,Public Enemy,Hip-Hop / Rap / R&B,Vocals / Lyrics,1988
Crossover,EPMD,Hip-Hop / Rap / R&B,Vocals / Lyrics,1992
Egg Man,Beastie Boys,Hip-Hop / Rap / R&B,Vocals / Lyrics,1989
Get Ready 4 Action,Hommer,Electronic / Dance,Vocals / Lyrics,2012
Bits and Pieces (Return to the Classics),Kevin Sweeney,Rock / Pop,Vocals / Lyrics,2004
Tahong Ni Carla,DJ Red Core,Electronic / Dance,Vocals / Lyrics,2018
Tahong Ni Carla,Ivor B.,Electronic / Dance,Vocals / Lyrics,2018
The Digital Snitch Dropz,Awkward Silence,Electronic / Dance,Vocals / Lyrics,2014
Harmless Feather Bed,High Frequency Bandwidth,Hip-Hop / Rap / R&B,Vocals / Lyrics,2010
Back to Black,Marla Mar,Hip-Hop / Rap / R&B,Vocals / Lyrics,1992
Back to Black,The Good 'N' Plenty Cru,Hip-Hop / Rap / R&B,Vocals / Lyrics,1992
Indication,DHHD,Electronic / Dance,Vocals / Lyrics,2003
Droppin' the Beats,Check 1-2 (Hip Hop),Hip-Hop / Rap / R&B,Vocals / Lyrics,1992
Ghetto Latino,Omega El Ctm,Hip-Hop / Rap / R&B,Vocals / Lyrics,2015
Reject Baller Bitch,Mel-Low,Hip-Hop / Rap / R&B,Vocals / Lyrics,1993
Crooked Ass Cop,O.C.C.,Hip-Hop / Rap / R&B,Vocals / Lyrics,1994
Rainbow Noise,DJ Sailor Moon,Electronic / Dance,Vocals / Lyrics,2016
Can I Pick It Up,Gee Rock & Tha C.N.D. Coalition,Hip-Hop / Rap / R&B,Vocals / Lyrics,1993
My Bass,Bass T (MC),Hip-Hop / Rap / R&B,Vocals / Lyrics,1990
My Bass,DJ Domination,Hip-Hop / Rap / R&B,Vocals / Lyrics,1990
Chicken Head,Too Brown,Hip-Hop / Rap / R&B,Vocals / Lyrics,1989
Dthaenemy,D1: Priority,Hip-Hop / Rap / R&B,Vocals / Lyrics,1993
Kingstown,Trotter,Electronic / Dance,Vocals / Lyrics,2010
Hungry,Prozack Turner,Hip-Hop / Rap / R&B,Vocals / Lyrics,2006
Lección 2012,Mano Armada,Hip-Hop / Rap / R&B,Vocals / Lyrics,2012
"Babe, We're Gonna Love Tonite (12"" Remix)",Funky Sisters,Electronic / Dance,Vocals / Lyrics,1990
Government Decides,First Offence,Hip-Hop / Rap / R&B,Vocals / Lyrics,1990
Satisfactory Noise,R0CKET SAUCE!!!,Electronic / Dance,Multiple Elements,2013
Pump Up the Volume,Stacey James,Electronic / Dance,Vocals / Lyrics,2016
Pump Up the Volume,Marcel De Van,Electronic / Dance,Vocals / Lyrics,2014
Gangster Touch,Dr. Ease,Hip-Hop / Rap / R&B,Vocals / Lyrics,1992
Turn It Too,The Abrahammer,Rock / Pop,Vocals / Lyrics,2011
"Focus on the Bass (Quadro 7"" Version)",Melissa Beckford,Electronic / Dance,Vocals / Lyrics,1991
Dogga Mixxx II,The Dogs,Hip-Hop / Rap / R&B,Vocals / Lyrics,1992
Boys From the Bec,S.W.S.,Hip-Hop / Rap / R&B,Vocals / Lyrics,1988
Make My Fly,DJ Cornelius,Electronic / Dance,Vocals / Lyrics,1995
Pump It Up,KMSM,Hip-Hop / Rap / R&B,Vocals / Lyrics,1991
Pump It Up,Kidd Money,Hip-Hop / Rap / R&B,Vocals / Lyrics,1991
Home Invasion,Mix Master Mike,Hip-Hop / Rap / R&B,Vocals / Lyrics,2000
Parę Słów Wstecz,Smarki Smark,Hip-Hop / Rap / R&B,Vocals / Lyrics,2007
Rock the Boat '89 (House Mix),Forrest,Electronic / Dance,Vocals / Lyrics,1989
I Got That Feeling,Fresh Celeste,Hip-Hop / Rap / R&B,Vocals / Lyrics,1989
As I Get Funky,Ruthless Rod,Hip-Hop / Rap / R&B,Vocals / Lyrics,1989
As I Get Funky,MC Dollar,Hip-Hop / Rap / R&B,Vocals / Lyrics,1989
Ain't Nothing Like the Bass,W-Def,Hip-Hop / Rap / R&B,Vocals / Lyrics,1989
Miami Rumble '89,"D.J. Deryck ""D""",Hip-Hop / Rap / R&B,Vocals / Lyrics,1989
No Sellout,Tuff Crew,Hip-Hop / Rap / R&B,Vocals / Lyrics,1991
I Want Your Car,MC Luscious,Hip-Hop / Rap / R&B,Vocals / Lyrics,1990
T.S.U.,Silk Tymes Leather,Hip-Hop / Rap / R&B,Vocals / Lyrics,1990
The Rhyme Goes On,Silk Tymes Leather,Hip-Hop / Rap / R&B,Vocals / Lyrics,1990
Psychosis,Bass Selective,Electronic / Dance,Vocals / Lyrics,1992
So Legit,"Silky Rio & ""Lil"" Dex",Hip-Hop / Rap / R&B,Vocals / Lyrics,1990
As I Come Back,MC Madness,Hip-Hop / Rap / R&B,Vocals / Lyrics,1993
Get Loc'd Out,D-Loc (2),Hip-Hop / Rap / R&B,Vocals / Lyrics,1990
I Thought U Knew!,The Wild Boyz,Hip-Hop / Rap / R&B,Vocals / Lyrics,1989
King of Discoin',P.Trot & D.J. EZT,Hip-Hop / Rap / R&B,Vocals / Lyrics,1989
Ward of the State (Radio Edit),Askari X,Hip-Hop / Rap / R&B,Vocals / Lyrics,1992
All or Nothing,Roonie G,Rock / Pop,Vocals / Lyrics,1990
Sunrise,Kish,Hip-Hop / Rap / R&B,Vocals / Lyrics,1994
Celsius2,Celsius (Hardcore),Electronic / Dance,Vocals / Lyrics,2022
U Wanna Frsh!,Liricistas,Hip-Hop / Rap / R&B,Vocals / Lyrics,2016
Stop the World,"Black, Rock & Ron",Hip-Hop / Rap / R&B,Vocals / Lyrics,1989
T.D.A. (How Many Sugars) (Double Trouble Mix),Doctor K,Electronic / Dance,Vocals / Lyrics,1988
Who Am I?,K-Bee & Ceil-B,Hip-Hop / Rap / R&B,Vocals / Lyrics,1988
Brain Child,Yomo & Maulkie,Hip-Hop / Rap / R&B,Vocals / Lyrics,1991
Coming Right at You,Daddy D,Hip-Hop / Rap / R&B,Vocals / Lyrics,1990
Let's Go,Metropolis (Spain),Electronic / Dance,Vocals / Lyrics,1994
The Incredible Lyrical & Original,Dementores,Hip-Hop / Rap / R&B,Vocals / Lyrics,2010
HyperDrive,DJ Ten,Electronic / Dance,Vocals / Lyrics,2013
His Name Is Kyper (And He Is Kyper),Kyper,Hip-Hop / Rap / R&B,Vocals / Lyrics,1993
Master Mix 89 (Side B),Underground Posse,Hip-Hop / Rap / R&B,Vocals / Lyrics,1989
It's Groovy,Priority One,Hip-Hop / Rap / R&B,Vocals / Lyrics,1989
Beat 'N' the Lines,2 Deep,Hip-Hop / Rap / R&B,Vocals / Lyrics,1990
Ride Down on Em (Day the Cops Took Over),O.C.C.,Hip-Hop / Rap / R&B,Vocals / Lyrics,1994
Outta Here,Furries in a Blender,Electronic / Dance,Vocals / Lyrics,2009
If You Don't Like Rap,Deadly D,Hip-Hop / Rap / R&B,Vocals / Lyrics,1988
Let's Have a Party,Brain Damage,Hip-Hop / Rap / R&B,Vocals / Lyrics,1990
Listen Closely (Bozack) (Remix) (7 Minute Workout Mix),Tam Rock & E.Q.,Hip-Hop / Rap / R&B,Vocals / Lyrics,1992
Listen Closely (Bozack) (Remix) (Eastside Jeep Mix),Tam Rock & E.Q.,Hip-Hop / Rap / R&B,Vocals / Lyrics,1992
Hip Hop Addict (Hollywood Live),Candyman,Hip-Hop / Rap / R&B,Vocals / Lyrics,1989
Jive Time Jimmy,Butchy-B,Hip-Hop / Rap / R&B,Vocals / Lyrics,1988
I'm Civilized,The Original MC Fresh,Hip-Hop / Rap / R&B,Vocals / Lyrics,1989
Rappin' Black in a White World,Po Broke Souls,Hip-Hop / Rap / R&B,Vocals / Lyrics,1992
Total Chaos,Priority One,Hip-Hop / Rap / R&B,Vocals / Lyrics,1989
Bonnes Résolutions,Leeroy Kesiah,Hip-Hop / Rap / R&B,Vocals / Lyrics,2009
Panther Power,PE 2.0,Hip-Hop / Rap / R&B,Vocals / Lyrics,2014
Smooth Operator,Sir Rock T,Hip-Hop / Rap / R&B,Vocals / Lyrics,1991
Cher Sounds Like a Man Robot,R0CKET SAUCE!!!,Electronic / Dance,Multiple Elements,2013
Put Your Money (Where Your Mouth Is),Courageous Chief,Hip-Hop / Rap / R&B,Vocals / Lyrics,1991
You Punk Mother Piece of Shit,Kepa La Pierre,Electronic / Dance,Vocals / Lyrics,2007
Dredd Tune,Manaia Toa,Electronic / Dance,Vocals / Lyrics,2018
Mystro on the Flex (Dog Re-Mix),Kaos & Mystro,Hip-Hop / Rap / R&B,Vocals / Lyrics,1989
Our Own Style,Def IV,Hip-Hop / Rap / R&B,Vocals / Lyrics,1988
Saga (Iron Fist),Def Wish Cast,Hip-Hop / Rap / R&B,Vocals / Lyrics,1993
Har Gunga (Underground Mix),Achanak,Hip-Hop / Rap / R&B,Vocals / Lyrics,1992
Har Gunga (Underground Mix),Double Impact (British Rapper),Hip-Hop / Rap / R&B,Vocals / Lyrics,1992
"Devil, This Is Where the Party Ends",Beat Master Clay D,Hip-Hop / Rap / R&B,Vocals / Lyrics,1990
"Devil, This Is Where the Party Ends",Prince Rahiem,Hip-Hop / Rap / R&B,Vocals / Lyrics,1990
Dandansoy Boi,Bass Relief,Electronic / Dance,Vocals / Lyrics,2020
Hold Your Own,Blade,Hip-Hop / Rap / R&B,Vocals / Lyrics,1993
Qué Triste,Kodigo Norte,Hip-Hop / Rap / R&B,Vocals / Lyrics,2006
I Wanna Be Loved,Four Sure,Hip-Hop / Rap / R&B,Vocals / Lyrics,1993
I Want U,Ghastly,Electronic / Dance,Vocals / Lyrics,2019
I Want U,NITE OUT,Electronic / Dance,Vocals / Lyrics,2019
Hit Me,Vin's Da Cuero,Hip-Hop / Rap / R&B,Vocals / Lyrics,2013
Beat of the Drum,Gallo,Electronic / Dance,Vocals / Lyrics,2013
Beat of the Drum,Alaia,Electronic / Dance,Vocals / Lyrics,2013
Break It Down,Unity Klan,Hip-Hop / Rap / R&B,Vocals / Lyrics,1999
Break It Down,T-Boy,Hip-Hop / Rap / R&B,Vocals / Lyrics,1999
Deja Tus Penas,Ruben DJ,Hip-Hop / Rap / R&B,Vocals / Lyrics,1989
Dark Room KITAKAGAYA,Doddodo,Hip-Hop / Rap / R&B,Vocals / Lyrics,2006
Rappers Delight 1990,Rob Harvey,Hip-Hop / Rap / R&B,Vocals / Lyrics,1990
CTRL+Z,NESSYOU,Hip-Hop / Rap / R&B,Vocals / Lyrics,2017
Kotch,Michie Mee and LA Luv,Hip-Hop / Rap / R&B,Vocals / Lyrics,1991
Funked Up,South Central Cartel,Hip-Hop / Rap / R&B,Vocals / Lyrics,1990
Get From in Fronna Me,Royal Flush (Rap Group),Hip-Hop / Rap / R&B,Vocals / Lyrics,1988
Seein'In,B.L.A.C.K.,Hip-Hop / Rap / R&B,Vocals / Lyrics,1995
Miami Power Mixx Vol. 1,"D.J. Deryck ""D""",Hip-Hop / Rap / R&B,Vocals / Lyrics,1988
Demes Shuffle,Allstar Fresh,Hip-Hop / Rap / R&B,Vocals / Lyrics,1989
Demes Shuffle,M.C. Demes,Hip-Hop / Rap / R&B,Vocals / Lyrics,1989
How You Love Me Now (Dutch Mix),Crystal Rock,Electronic / Dance,Vocals / Lyrics,2011
Remix of a Nation,Public Enemy,Hip-Hop / Rap / R&B,Vocals / Lyrics,2007
Black Gold Strategy,C.O.D. (2),Hip-Hop / Rap / R&B,Vocals / Lyrics,1990
Makes You Blind,Public Enemy,Hip-Hop / Rap / R&B,Vocals / Lyrics,2005
Outlaws in Effect,Outlaw Posse,Hip-Hop / Rap / R&B,Vocals / Lyrics,1988
No Setting Down,The Airport District,Rock / Pop,Vocals / Lyrics,2021
The DL,Mobstyle,Hip-Hop / Rap / R&B,Vocals / Lyrics,1990
Female Force,MC Martay & DJ DBM,Hip-Hop / Rap / R&B,Vocals / Lyrics,1989
Class Is in Session,DJ Magic Mike,Hip-Hop / Rap / R&B,Vocals / Lyrics,1992
Class Is in Session,MC Madness,Hip-Hop / Rap / R&B,Vocals / Lyrics,1992
Ultimate Drive-By,Success - N - Effect,Hip-Hop / Rap / R&B,Vocals / Lyrics,1992
Rated P.G.,Da Youngsta's,Hip-Hop / Rap / R&B,Vocals / Lyrics,1992
Diary Rap Megamix 1988,Chris Read,Hip-Hop / Rap / R&B,Multiple Elements,2007
Bonus Noise #1,Dan the Automator,Hip-Hop / Rap / R&B,Vocals / Lyrics,1989
Chaos Middle,Doddodo,Other,Vocals / Lyrics,2004
Uptown,Rich Perez,Hip-Hop / Rap / R&B,Vocals / Lyrics,2014
Follow for Now,Gee Rock & Tha C.N.D. Coalition,Hip-Hop / Rap / R&B,Vocals / Lyrics,1993
Basick,Cycheouts Ghost,Electronic / Dance,Vocals / Lyrics,2018
Rollin' Wit the Roughness,Coop B,Hip-Hop / Rap / R&B,Vocals / Lyrics,1993
Juvenile Gangster,Juvenile Committee,Hip-Hop / Rap / R&B,Vocals / Lyrics,1993
Opinólogos,Adickta Sinfonia,Hip-Hop / Rap / R&B,Vocals / Lyrics,2009
I Can't Stop,Jewel-T,Hip-Hop / Rap / R&B,Vocals / Lyrics,1991
Higher (Greg Wilson Version),Cisco Cisco,Electronic / Dance,Vocals / Lyrics,2011
Gimmie Some Bass,Bass Patrol,Hip-Hop / Rap / R&B,Vocals / Lyrics,1994
How Lo Can You Go,Aux 88,Electronic / Dance,Vocals / Lyrics,1994
The Real Thang,G Love E,Hip-Hop / Rap / R&B,Vocals / Lyrics,1990
Prisoners of Watts,P.O.W.,Hip-Hop / Rap / R&B,Vocals / Lyrics,1990
Set the Record Straight,BYB,Hip-Hop / Rap / R&B,Vocals / Lyrics,1991
The DJ Volume Megamix,DJ Valium,Electronic / Dance,Vocals / Lyrics,2008
Fresh Outta County,Public Servants,Hip-Hop / Rap / R&B,Vocals / Lyrics,1992
"My Afros on Fire, Vol. 2",Outlaw Posse,Hip-Hop / Rap / R&B,Vocals / Lyrics,2018
Hard Rhymin',Public Enemy,Hip-Hop / Rap / R&B,Vocals / Lyrics,2006
Hard Rhymin',Paris,Hip-Hop / Rap / R&B,Vocals / Lyrics,2006
Hard Rhymin',Sister Souljah,Hip-Hop / Rap / R&B,Vocals / Lyrics,2006
Sylar03,Interface68,Electronic / Dance,Vocals / Lyrics,2011
Get It,GRITS,Hip-Hop / Rap / R&B,Vocals / Lyrics,2002
I'll Roll You Up,Sir Mix-a-Lot,Hip-Hop / Rap / R&B,Vocals / Lyrics,1989
Everybody Get Up,Beat Master Clay D,Hip-Hop / Rap / R&B,Vocals / Lyrics,1988
Everybody Get Up,The Get Funky Crew,Hip-Hop / Rap / R&B,Vocals / Lyrics,1988
Come on Yours,B Master J,Electronic / Dance,Vocals / Lyrics,1990
Twisted Tambourine,Hibrid,Hip-Hop / Rap / R&B,Vocals / Lyrics,1990
Come as You Are,Face Down,Hip-Hop / Rap / R&B,Vocals / Lyrics,1990
Don't Smile,Pesos,Hip-Hop / Rap / R&B,Vocals / Lyrics,1992
Sometimes,CxCxIxGxTxKxAxRxFxOxHxAxRxPxAxTxSxAxGxIxHxMxAxOxH,Electronic / Dance,Vocals / Lyrics,2021
Straight From the Underground,C.O.D. (4),Hip-Hop / Rap / R&B,Vocals / Lyrics,1993
Beter He!,Tieum,Electronic / Dance,Vocals / Lyrics,2016
Beter He!,D-Fence,Electronic / Dance,Vocals / Lyrics,2016
Rise (Ascension Mix),Public Enemy,Hip-Hop / Rap / R&B,Vocals / Lyrics,2007
I Am Going to Kill Myself at Work,Lolicoin,Electronic / Dance,Vocals / Lyrics,2020
Hide Your Wrecords When We Come Through,Kool DJ E.Q.,Hip-Hop / Rap / R&B,Vocals / Lyrics,1997
Bustin' Loose,Drack,Hip-Hop / Rap / R&B,Vocals / Lyrics,1990
Don't Smile at Me,Ruff & Rugged,Hip-Hop / Rap / R&B,Vocals / Lyrics,1992
Get on the Dance Floor,Francis M.,Hip-Hop / Rap / R&B,Vocals / Lyrics,1990
Home,Furyan,Electronic / Dance,Vocals / Lyrics,2021
Home,Empyrical Noize,Electronic / Dance,Vocals / Lyrics,2021
Home,Vorwerk,Electronic / Dance,Vocals / Lyrics,2021
Side A,Butchwax,Hip-Hop / Rap / R&B,Vocals / Lyrics,1999
Dam That D.J.,Pizo,Hip-Hop / Rap / R&B,Vocals / Lyrics,1995
Standing on the Top,Phase II (2),Hip-Hop / Rap / R&B,Vocals / Lyrics,1990
All About Technic,UTFO,Hip-Hop / Rap / R&B,Multiple Elements,1989
Live,The Kleptones,Electronic / Dance,Vocals / Lyrics,2004
Beats Like This,5ive-O-Posse,Hip-Hop / Rap / R&B,Vocals / Lyrics,1989
The Incredible,KMSM,Hip-Hop / Rap / R&B,Vocals / Lyrics,1991
Hard Rhymin' (Extended Mix),Public Enemy,Hip-Hop / Rap / R&B,Vocals / Lyrics,2007
Preachin to the Quiet,Public Enemy,Hip-Hop / Rap / R&B,Vocals / Lyrics,2005
Soul on a Roll,M.A.C. 10,Hip-Hop / Rap / R&B,Vocals / Lyrics,1989
I Got the Key,Undercover Elephant,Electronic / Dance,Vocals / Lyrics,1993
Rising Passion,DJ Energy (Kevin Thorpe),Electronic / Dance,Vocals / Lyrics,1997
Cage 1,Cage 1,Hip-Hop / Rap / R&B,Vocals / Lyrics,1989
Rattle Back,Rittz,Hip-Hop / Rap / R&B,Vocals / Lyrics,2011
Rhyme Animal,Side F-X,Hip-Hop / Rap / R&B,Vocals / Lyrics,1990
Beat It Up and Rap It Up,The Bovver Boys,Hip-Hop / Rap / R&B,Multiple Elements,1988
The Bay-Bronx Bridge (Kutmasta Kurt Remix),Masters of Illusion,Hip-Hop / Rap / R&B,Vocals / Lyrics,2012
31 Flavors,Public Enemy,Hip-Hop / Rap / R&B,Vocals / Lyrics,2012
Track 17,Den Sorte Skole,Hip-Hop / Rap / R&B,Vocals / Lyrics,2005
She's Bad,MC Malika Love,Hip-Hop / Rap / R&B,Vocals / Lyrics,1988
That One Beat,N-Effect,Hip-Hop / Rap / R&B,Vocals / Lyrics,1990
Instrumental Proficiency,Fdel,Electronic / Dance,Vocals / Lyrics,2005
Dog Dance,K.A. Posse,Electronic / Dance,Vocals / Lyrics,1989
Don't Distress This Groove,Private Party,Hip-Hop / Rap / R&B,Vocals / Lyrics,1988
Surprise,Top Billin',Hip-Hop / Rap / R&B,Vocals / Lyrics,1989
Yo Chuck,Hardhouse,Electronic / Dance,Vocals / Lyrics,1990
Pay the Price,Credit to the Nation,Hip-Hop / Rap / R&B,Vocals / Lyrics,1991
Who I Am,Pacewon,Hip-Hop / Rap / R&B,Vocals / Lyrics,2008
Low M.F.,Juvenile Style,Hip-Hop / Rap / R&B,Vocals / Lyrics,1993
Bee Boy Fly,Emapea,Hip-Hop / Rap / R&B,Vocals / Lyrics,2021
Rhyme Slayer,Rated X,Hip-Hop / Rap / R&B,Multiple Elements,1992
Prologue 1990,Overlord X,Hip-Hop / Rap / R&B,Vocals / Lyrics,1990
No Sell Out,K-9 Posse,Hip-Hop / Rap / R&B,Vocals / Lyrics,1988
Give the People,MC Freeze,Hip-Hop / Rap / R&B,Vocals / Lyrics,1992
Бодрый,кАчевники,Hip-Hop / Rap / R&B,Vocals / Lyrics,2018
Running,Max B. Grant,Electronic / Dance,Vocals / Lyrics,2002
Hump All Night,DJ Laz,Hip-Hop / Rap / R&B,Vocals / Lyrics,1991
Tokio Phonk Beatz,Coretex,Electronic / Dance,Vocals / Lyrics,2021
Get on Up,Rhyme Poets,Hip-Hop / Rap / R&B,Vocals / Lyrics,1989
Don't Even Feel It,The Real Roxanne,Hip-Hop / Rap / R&B,Vocals / Lyrics,1988
"¡Hey,Pijo!",Mc Randy & Dj Jonco,Hip-Hop / Rap / R&B,Vocals / Lyrics,1990
Turn It Up,Sneaky Kot,Electronic / Dance,Vocals / Lyrics,2021
Spinderella's Not a Fella (But a Girl DJ),Salt-N-Pepa,Hip-Hop / Rap / R&B,Vocals / Lyrics,1988
Say Hey,The Yakuzah,Electronic / Dance,Vocals / Lyrics,2022
Asanova,A.Y.B Force,Hip-Hop / Rap / R&B,Vocals / Lyrics,2006
Make You Feel Alright,Doctor Ice,Hip-Hop / Rap / R&B,Vocals / Lyrics,1989
Make You Feel Alright,Red Alert,Hip-Hop / Rap / R&B,Vocals / Lyrics,1989
We Are the Ones,Wristerons,Hip-Hop / Rap / R&B,Vocals / Lyrics,2001
Let's Get Brutal (The Final Mix),Nitro Deluxe,Electronic / Dance,Vocals / Lyrics,1988
Pitman Sez,Pitman,Hip-Hop / Rap / R&B,Vocals / Lyrics,2002
Backyard (Outta the Hood Version),Pebbles,Hip-Hop / Rap / R&B,Vocals / Lyrics,1991
Backyard (Outta the Hood Version),Salt-N-Pepa,Hip-Hop / Rap / R&B,Vocals / Lyrics,1991
Heartless Killa,Brothas Most Wanted,Hip-Hop / Rap / R&B,Vocals / Lyrics,1995
Deep End,A.M.W.,Hip-Hop / Rap / R&B,Vocals / Lyrics,1990
Run That Go-Power Thang,Terminator X,Hip-Hop / Rap / R&B,Vocals / Lyrics,1991
Smash the Disco (Elvis Jackson Remix),Technohead,Electronic / Dance,Vocals / Lyrics,2023
Old Skool Cuts,DJ Rectangle,Hip-Hop / Rap / R&B,Vocals / Lyrics,1997
It Ain't My Baby,The Singing MC Breeze,Hip-Hop / Rap / R&B,Vocals / Lyrics,1989
Run to Me,E-Logic,Electronic / Dance,Vocals / Lyrics,1999
That's How I'm Living (Remix),Tony Scott,Hip-Hop / Rap / R&B,Vocals / Lyrics,1989
Damn I'm Good,The Singing MC Breeze,Hip-Hop / Rap / R&B,Vocals / Lyrics,1988
Damn I'm Good,Dj Trevor,Hip-Hop / Rap / R&B,Vocals / Lyrics,1988
Thought U Knew,Ebonine,Hip-Hop / Rap / R&B,Vocals / Lyrics,1994
Thought U Knew,DJ Faader,Hip-Hop / Rap / R&B,Vocals / Lyrics,1994
So Dope (Original Mix by DJ Buzz Fuzz),Square Dimensione,Electronic / Dance,Vocals / Lyrics,1997
Here We Go Again,Omistettu,Electronic / Dance,Vocals / Lyrics,2022
Slinging Bass,Grand Daddy I.U.,Hip-Hop / Rap / R&B,Vocals / Lyrics,1994
Daddy Freddy's in Town,Daddy Freddy,Hip-Hop / Rap / R&B,Vocals / Lyrics,1991
Tentno,Sztigar Bonko,Hip-Hop / Rap / R&B,Vocals / Lyrics,2013
Bass! (Oldschool Mix),Pulsedriver,Electronic / Dance,Vocals / Lyrics,2016
Bass! (Oldschool Mix),Mellow Trax,Electronic / Dance,Vocals / Lyrics,2016
State of Accommodation: Why Aren't You Angry,Sister Souljah,Hip-Hop / Rap / R&B,Vocals / Lyrics,1992
State of Accommodation: Why Aren't You Angry,Chuck D,Hip-Hop / Rap / R&B,Vocals / Lyrics,1992
Ending Theme (Crash & Bernstein),Jamie Dunlap,Rock / Pop,Vocals / Lyrics,2012
Jjjames,Akhenaton,Hip-Hop / Rap / R&B,Vocals / Lyrics,2014
I-Papa-Clone Kita,Andrew E.,Hip-Hop / Rap / R&B,Vocals / Lyrics,2007
Police Chase,Popek,Hip-Hop / Rap / R&B,Vocals / Lyrics,2013
Police Chase,Chronik,Hip-Hop / Rap / R&B,Vocals / Lyrics,2013
Police Chase,Hijack Hood,Hip-Hop / Rap / R&B,Vocals / Lyrics,2013
Music for the Future,Dennis M,Electronic / Dance,Vocals / Lyrics,1996
Flavor Set (Timbo King),Public Enemy,Hip-Hop / Rap / R&B,Vocals / Lyrics,2006
2 - 4 - the Bass,Def Dames,Hip-Hop / Rap / R&B,Vocals / Lyrics,1989
Slammin',Freak-L,Hip-Hop / Rap / R&B,Multiple Elements,1987
B.A.S.S.,The PreC.I.S.E. MC,Hip-Hop / Rap / R&B,Vocals / Lyrics,1991
Hoover Music,Public Enemy,Hip-Hop / Rap / R&B,Vocals / Lyrics,2012
Incredible Bass (Slipmatt Remix),Oaysis,Electronic / Dance,Vocals / Lyrics,1993
Back on Tha Track,51.50 Illegally Insane,Hip-Hop / Rap / R&B,Vocals / Lyrics,1992
Peace,Marky Mark and the Funky Bunch,Hip-Hop / Rap / R&B,Vocals / Lyrics,1991
On the One,Stereo MD & DJ Weasul,Hip-Hop / Rap / R&B,Vocals / Lyrics,1990
K.O. Technik,Teknambul,Electronic / Dance,Vocals / Lyrics,2005
Pass Me Da 40 Ounce,Javier & the Str8jackers,Hip-Hop / Rap / R&B,Vocals / Lyrics,1991
Stronger,Angel Heredia,Electronic / Dance,Vocals / Lyrics,2018
Stronger,Jerome Robins,Electronic / Dance,Vocals / Lyrics,2018
This Is Only the Beginning,STV (Hardcore),Electronic / Dance,Vocals / Lyrics,2022
This Is Only the Beginning,Partyraiser,Electronic / Dance,Vocals / Lyrics,2022
Intro,Simon Harris,Hip-Hop / Rap / R&B,Vocals / Lyrics,1989
The Devil Came Up to Michigan,K.M.C. Kru,Hip-Hop / Rap / R&B,Vocals / Lyrics,1990
Check What You're Listening To,Public Enemy,Hip-Hop / Rap / R&B,Vocals / Lyrics,2005
Te Pone Bien,SHO-HAI,Hip-Hop / Rap / R&B,Vocals / Lyrics,2022
Te Pone Bien,Kase.O,Hip-Hop / Rap / R&B,Vocals / Lyrics,2022
(The D.L.),A.Z.,Hip-Hop / Rap / R&B,Vocals / Lyrics,1991
Keep on Scratchin',IAM,Hip-Hop / Rap / R&B,Vocals / Lyrics,1992
Pump Up the Jam (Mixx-It),Technotronic,Electronic / Dance,Vocals / Lyrics,1989
I Stąd Światło,Slums Attack,Hip-Hop / Rap / R&B,Vocals / Lyrics,1999
128.5,The Ace of Clubs,Electronic / Dance,Vocals / Lyrics,2002
It's Been a Long Time,Le Juan Love,Hip-Hop / Rap / R&B,Vocals / Lyrics,1992
Bassinvader,Interface,Electronic / Dance,Vocals / Lyrics,1992
Lollipop,Avrupts,Electronic / Dance,Vocals / Lyrics,2019
Lollipop,LLølita,Electronic / Dance,Vocals / Lyrics,2019
Woman in Love (Club Mix),Sissy Taylor,Rock / Pop,Vocals / Lyrics,1991
Jailbait,Stage Material,Hip-Hop / Rap / R&B,Vocals / Lyrics,1992
By My Side,GFOTY,Electronic / Dance,Vocals / Lyrics,2020
Eradicate,DJ Static,Hip-Hop / Rap / R&B,Vocals / Lyrics,2004
Eradicate,Nat Ill,Hip-Hop / Rap / R&B,Vocals / Lyrics,2004
Set the Mood,Style,Hip-Hop / Rap / R&B,Vocals / Lyrics,1990
Bring the Chicken,Fly by Night,Electronic / Dance,Vocals / Lyrics,2006
The Mic I Grip,DJ Chuck Chillout,Hip-Hop / Rap / R&B,Vocals / Lyrics,1989
The Mic I Grip,Kool Chip,Hip-Hop / Rap / R&B,Vocals / Lyrics,1989
Y.D.I.H.Y.L.M.S.I.P.S.I.T.S.S.Y.C.L.T.M.W.Y.L.T.M.,Super Mash Bros.,Electronic / Dance,Vocals / Lyrics,2012
Here We Go Again,Full Effect,Electronic / Dance,Vocals / Lyrics,1988
Intro,Micranots,Hip-Hop / Rap / R&B,Multiple Elements,2003
Odmienny Stan świadomości,Trzeci Wymiar,Hip-Hop / Rap / R&B,Vocals / Lyrics,2015
Late Great '88 Power Mix,Cameron Paul,Electronic / Dance,Multiple Elements,1988
May the Force Be With You,Prince Vince,Hip-Hop / Rap / R&B,Vocals / Lyrics,1989
May the Force Be With You,The Hip Hop Force,Hip-Hop / Rap / R&B,Vocals / Lyrics,1989
Diamond Sez,Diamond D (2),Hip-Hop / Rap / R&B,Vocals / Lyrics,1989
Diamond Sez,"Deryk ""D""",Hip-Hop / Rap / R&B,Vocals / Lyrics,1989
The Wizard (A Mike Dee Mix),The Posse NFX,Hip-Hop / Rap / R&B,Multiple Elements,1991
Get Ya 411 Straight,RazorBlayd,Hip-Hop / Rap / R&B,Vocals / Lyrics,1992
Baddest Mutha on 2 Turntables (Remix),Sway & King Tech,Hip-Hop / Rap / R&B,Vocals / Lyrics,1991
This Is How It Should Be Done,Hip Hop Culture,Hip-Hop / Rap / R&B,Vocals / Lyrics,1990
In Effect (Slipmatt Remix),DJ Red Alert & Mike Slammer,Electronic / Dance,Vocals / Lyrics,1995
Rhyme Animal,2 Young Brothers,Hip-Hop / Rap / R&B,Vocals / Lyrics,1989
Mirror Ballin',X-Ray Ted,Soul / Funk / Disco,Vocals / Lyrics,2019
Paradise II,Korell,Electronic / Dance,Vocals / Lyrics,1994
Enemy #1,Dangerous Minds,Electronic / Dance,Vocals / Lyrics,1998
There's a Riot Jumpin' Off,Uzi Bros.,Hip-Hop / Rap / R&B,Vocals / Lyrics,1990
Bring the Noise,Fabio Rodry,Electronic / Dance,Vocals / Lyrics,2017
Full Metal,Vents,Hip-Hop / Rap / R&B,Vocals / Lyrics,2007
Full Metal,Mortar,Hip-Hop / Rap / R&B,Vocals / Lyrics,2007
Full Metal,Trials,Hip-Hop / Rap / R&B,Vocals / Lyrics,2007
Dope House Is in Command,M.C. Kid,Electronic / Dance,Vocals / Lyrics,1988
Jimmie's Jam,DJ Jimmie Jam,Hip-Hop / Rap / R&B,Vocals / Lyrics,1997
That Same Line but Different,Block & Crown,Electronic / Dance,Vocals / Lyrics,2018
Sax Machine,Ministry of Funk,Electronic / Dance,Vocals / Lyrics,2017
The Dog,2 Damn,Hip-Hop / Rap / R&B,Vocals / Lyrics,1990
Lost in the Bass (Bad Boy Bill) ('89 Mix),The Bass Boyz,Electronic / Dance,Vocals / Lyrics,1989
Get on Up and Dance,"Danny ""D"" & D.J. ""Wiz""",Hip-Hop / Rap / R&B,Vocals / Lyrics,1989
Bad Money,MC Ali,Hip-Hop / Rap / R&B,Vocals / Lyrics,1989
Bad Money,The Mob,Hip-Hop / Rap / R&B,Vocals / Lyrics,1989
Here We Go Again (Radio Edit),Sequential One,Electronic / Dance,Vocals / Lyrics,1994
Daddy's Beats & Scratch Effects,DJ Daddy K,Hip-Hop / Rap / R&B,Vocals / Lyrics,1991
You Don't Stop!,Buzzy Bus,Electronic / Dance,Vocals / Lyrics,1998
Listen for Lessons,DJ Norman,Electronic / Dance,Vocals / Lyrics,1995
Intro,K-9 Posse,Hip-Hop / Rap / R&B,Vocals / Lyrics,1991
State of Accomodation: Why Aren’t You Angry,Sister Souljah,Hip-Hop / Rap / R&B,Vocals / Lyrics,1992
Here We Go Again (Diaz Mix),Diaz Brothers,Hip-Hop / Rap / R&B,Vocals / Lyrics,1988
Ventilation,DJ JS-One,Hip-Hop / Rap / R&B,Vocals / Lyrics,2003
A Brand New World (A New Dawning Mix),DMS,Electronic / Dance,Vocals / Lyrics,1990
Christmas in Hawaii,Tino,Electronic / Dance,Vocals / Lyrics,1999
Here We Go Again (PE Tour Intro: 2007),Public Enemy,Hip-Hop / Rap / R&B,Vocals / Lyrics,2006
Feel Tha Funk,The Funky Products,Hip-Hop / Rap / R&B,Vocals / Lyrics,1996
Rollin' With Bass (Big Foot Remix),Organized Rhymes,Hip-Hop / Rap / R&B,Vocals / Lyrics,1988
Take It Off,The Dogs,Hip-Hop / Rap / R&B,Vocals / Lyrics,1990
Can't Truss It (Funkymix),Public Enemy,Hip-Hop / Rap / R&B,Vocals / Lyrics,1991
Застой 2.0,Лигалайз,Hip-Hop / Rap / R&B,Multiple Elements,2019
... Animals,Yves Deruyter,Electronic / Dance,Vocals / Lyrics,1992
Back to Basix,Kid 'N Play,Hip-Hop / Rap / R&B,Vocals / Lyrics,1990
The Incredible,Techno Terrier,Electronic / Dance,Vocals / Lyrics,1995
New Found Strength,Andy Lewis,Electronic / Dance,Vocals / Lyrics,1992
King of Bass,DJ Laz,Hip-Hop / Rap / R&B,Vocals / Lyrics,1996
Point of No Return,Centory,Electronic / Dance,Vocals / Lyrics,1994
Look It Here,Public Enemy,Hip-Hop / Rap / R&B,Vocals / Lyrics,2005
Esoteria,Megabass,Electronic / Dance,Vocals / Lyrics,1991
Rated X Is 2,Rated X,Hip-Hop / Rap / R&B,Vocals / Lyrics,1990
Confonds Pas,Aktivist,Hip-Hop / Rap / R&B,Vocals / Lyrics,1998
Funky Club,Loco Mia,Rock / Pop,Vocals / Lyrics,1993
Magician Bassin It Up,DJ Magic Mike,Hip-Hop / Rap / R&B,Vocals / Lyrics,1989
"Hey You, Do You Feel Good?",Kyper,Hip-Hop / Rap / R&B,Vocals / Lyrics,1992
Hard Met M'n Hart,Osdorp Posse,Hip-Hop / Rap / R&B,Vocals / Lyrics,1992
My Girly (Extended Version),D.R. Flash,Hip-Hop / Rap / R&B,Vocals / Lyrics,1990
Lost Tape,Kali (Polish Rapper),Hip-Hop / Rap / R&B,Vocals / Lyrics,2019
Lost Tape,Magiera,Hip-Hop / Rap / R&B,Vocals / Lyrics,2019
Oo La La La,S.A.M. Jam,Rock / Pop,Vocals / Lyrics,1990
They Used to Call It Dope,Public Enemy,Hip-Hop / Rap / R&B,Vocals / Lyrics,1994
Attention: Shawanda's Souful Mix,Lo-Key?,Hip-Hop / Rap / R&B,Vocals / Lyrics,1992
Panu Dziękuj,Szad Akrobata,Hip-Hop / Rap / R&B,Vocals / Lyrics,2011
Gettin' Bass,Missy Mist,Hip-Hop / Rap / R&B,Vocals / Lyrics,1989
Action,Tycoon Tosh,Electronic / Dance,Vocals / Lyrics,1988
Action,Terminator Troops,Electronic / Dance,Vocals / Lyrics,1988
You've Been Messin Around (Rox's the Box Edit),Delle Del,Hip-Hop / Rap / R&B,Vocals / Lyrics,1990
You've Been Messin Around (Rox's the Box Edit),Jamin Jack Starling,Hip-Hop / Rap / R&B,Vocals / Lyrics,1990
You've Been Messin Around (Rox's the Box Edit),Scout #1,Hip-Hop / Rap / R&B,Vocals / Lyrics,1990
Kiss My Ass,Insane (2),Electronic / Dance,Vocals / Lyrics,1995
"Take That, MF",Psyche Out,Electronic / Dance,Vocals / Lyrics,1997
Di Mana Ibuku,Nico G,Hip-Hop / Rap / R&B,Vocals / Lyrics,1994
Lost City,Runeforce,Electronic / Dance,Vocals / Lyrics,2023
Punish Tha Sound,DJ Dave & the Chicago Hardcore Party Force,Electronic / Dance,Vocals / Lyrics,1996
The Rebel,To Kool Chris,Electronic / Dance,Vocals / Lyrics,1995
Stickem Up,Big City,Hip-Hop / Rap / R&B,Vocals / Lyrics,2007
Stickem Up,Greg Nice,Hip-Hop / Rap / R&B,Vocals / Lyrics,2007
I Like It Like That,Salt-N-Pepa,Hip-Hop / Rap / R&B,Vocals / Lyrics,1988
Don't Stop the Music,Cameron Paul,Electronic / Dance,Vocals / Lyrics,1988
Hard Corps,The Hard Corps,Rock / Pop,Vocals / Lyrics,1991
Turn Up the Music,Magnetic Force,Hip-Hop / Rap / R&B,Vocals / Lyrics,1989
Honest Expression,Maloney,Hip-Hop / Rap / R&B,Vocals / Lyrics,2010
Weekends,Latino Party,Electronic / Dance,Vocals / Lyrics,1990
89 Dynamite Mix (R/U/Def?) Mix,Bits & Pieces (Dynamite Mixers),Electronic / Dance,Vocals / Lyrics,1989
Losing My Religion,DJ Steff,Electronic / Dance,Vocals / Lyrics,2002
Pawns in the Game,Professor Griff,Hip-Hop / Rap / R&B,Vocals / Lyrics,1990
Pawns in the Game,The Last Asiatic Disciples,Hip-Hop / Rap / R&B,Vocals / Lyrics,1990
Something to Dance To,White Boy Mike,Electronic / Dance,Vocals / Lyrics,1989
Something to Dance To,D.J. The Boy,Electronic / Dance,Vocals / Lyrics,1989
Siente 'O Fank,99 Posse,Hip-Hop / Rap / R&B,Vocals / Lyrics,1998
"Lets Go, Lets Go",The Dogs,Hip-Hop / Rap / R&B,Vocals / Lyrics,1990
Sugar Cane,Space Monkeys,Rock / Pop,Vocals / Lyrics,1997
Chillin Wid Dope,Chilli D,Hip-Hop / Rap / R&B,Vocals / Lyrics,1988
Chillin Wid Dope,Dope Stuff,Hip-Hop / Rap / R&B,Vocals / Lyrics,1988
Whaddup,LL Cool J,Hip-Hop / Rap / R&B,Vocals / Lyrics,2013
Whaddup,Chuck D,Hip-Hop / Rap / R&B,Vocals / Lyrics,2013
Whaddup,Travis Barker,Hip-Hop / Rap / R&B,Vocals / Lyrics,2013
Whaddup,Tom Morello,Hip-Hop / Rap / R&B,Vocals / Lyrics,2013
Whaddup,Z-Trip,Hip-Hop / Rap / R&B,Vocals / Lyrics,2013
A Great Day,Project One,Electronic / Dance,Vocals / Lyrics,1991
Do That Shit!,DJ Mike & MC Cool D,Hip-Hop / Rap / R&B,Vocals / Lyrics,1988
Sample This,Boomer T,Electronic / Dance,Vocals / Lyrics,1988
Jam It on the Dancefloor,Unity (4),Electronic / Dance,Vocals / Lyrics,1990
Jam It on the Dancefloor,The Fresh Kid,Electronic / Dance,Vocals / Lyrics,1990
Passo Dark,Lento Violento,Electronic / Dance,Vocals / Lyrics,2004
La Calle Es Ancha,Panteras Negras,Hip-Hop / Rap / R&B,Vocals / Lyrics,2012
Convoy Style,Detroit Boxx & Step 2,Hip-Hop / Rap / R&B,Vocals / Lyrics,1990
Git Wit This,Jeff Ski,Hip-Hop / Rap / R&B,Vocals / Lyrics,1991
Jazz,The Kleptones,Electronic / Dance,Vocals / Lyrics,2004
NY/LA Rappers,Bobby Jimmy and the Critters,Hip-Hop / Rap / R&B,Multiple Elements,1988
Payback (On the Street Mix),Black on Track,Hip-Hop / Rap / R&B,Vocals / Lyrics,1992
Do You Wanna Acid,The Boozin' Bang 'N' Dance Crew,Electronic / Dance,Vocals / Lyrics,1989
Back Once Again,Hilltop Hoods,Hip-Hop / Rap / R&B,Vocals / Lyrics,1997
Back Once Again,Hooded Puppets,Hip-Hop / Rap / R&B,Vocals / Lyrics,1997
Funky Homosapien,4 East Flava,Hip-Hop / Rap / R&B,Vocals / Lyrics,1994
We've Got the Juice (Cut Thru Steel Mix),Derek B,Hip-Hop / Rap / R&B,Vocals / Lyrics,1988
Mars,DHS,Electronic / Dance,Vocals / Lyrics,2002
가위,Steve Yoo,Electronic / Dance,Vocals / Lyrics,1997
Positive Feedback (Genaside II Remix),The Cleptomaniacs,Electronic / Dance,Vocals / Lyrics,1992
"TBM Mix 4 (Work That Body, Move That Body)",Sample Syndicate,Electronic / Dance,Vocals / Lyrics,1990
Gangster Shit,Mobstyle,Hip-Hop / Rap / R&B,Sound Effect / Other,1990
Rock the House,3B,Electronic / Dance,Vocals / Lyrics,1990
Rock the House,The Brother D,Electronic / Dance,Vocals / Lyrics,1990
Raised On...,DJ Static,Hip-Hop / Rap / R&B,Vocals / Lyrics,2004
Raised On...,Nat Ill,Hip-Hop / Rap / R&B,Vocals / Lyrics,2004
Cold Bassin It Up,Dirty Red (2),Hip-Hop / Rap / R&B,Vocals / Lyrics,1988
Dopemix Vol. 2,DJ Prince Ice,Hip-Hop / Rap / R&B,Vocals / Lyrics,1989
Mr. Big Mouf Pt. II,Khrysis,Hip-Hop / Rap / R&B,Vocals / Lyrics,2021
Mr. Big Mouf Pt. II,De La Soul,Hip-Hop / Rap / R&B,Vocals / Lyrics,2021
Childhood,C-Rayz Walz,Hip-Hop / Rap / R&B,Vocals / Lyrics,2006
Childhood,Kosher Dillz,Hip-Hop / Rap / R&B,Vocals / Lyrics,2006
Childhood,Matisyahu,Hip-Hop / Rap / R&B,Vocals / Lyrics,2006
Severe Trauma,Industrial,Electronic / Dance,Multiple Elements,1990
Move Like Vibert,Kettama,Electronic / Dance,Vocals / Lyrics,2021
Bring the Noise,Mato,Reggae / Dub,Vocals / Lyrics,2010
Stormanimal,Storm,Electronic / Dance,Vocals / Lyrics,2000
Swoop,Eric Statz,Hip-Hop / Rap / R&B,Vocals / Lyrics,2014
Swoop,DJ Mustard,Hip-Hop / Rap / R&B,Vocals / Lyrics,2014
What Makes You Feel That About Me?,Wayne Cockerham,Hip-Hop / Rap / R&B,Vocals / Lyrics,1990
Geld Oder Liebe,Massive Töne,Hip-Hop / Rap / R&B,Vocals / Lyrics,2002
Geld Oder Liebe,Taïro,Hip-Hop / Rap / R&B,Vocals / Lyrics,2002
That's What I'm Sayn',Uncut,Hip-Hop / Rap / R&B,Vocals / Lyrics,1998
That's What I'm Sayn',Juice (Serbian Rapper),Hip-Hop / Rap / R&B,Vocals / Lyrics,1998
Bakin' Soda Free,Kokane,Hip-Hop / Rap / R&B,Vocals / Lyrics,1994
Lō-Key?...Where Dey At?,Lo-Key?,Hip-Hop / Rap / R&B,Vocals / Lyrics,1992
Esta Loca (The Latin Beat Mix),The Latin Age,Electronic / Dance,Vocals / Lyrics,1989
You & Me,DJ DNA,Electronic / Dance,Vocals / Lyrics,1997
Power of the Bass,EZB & DJ Los,Hip-Hop / Rap / R&B,Vocals / Lyrics,1988
Hold On,Cotton Club,Electronic / Dance,Vocals / Lyrics,1995
I Wanna Sex You Up (Mixx-it),Color Me Badd,Rock / Pop,Vocals / Lyrics,1991
Enemigo,SCR,Hip-Hop / Rap / R&B,Vocals / Lyrics,1992
Pump Up the Volume Louder,MC Smart,Hip-Hop / Rap / R&B,Vocals / Lyrics,1991
One Mile From Paradise,Robbie Mychals,Hip-Hop / Rap / R&B,Vocals / Lyrics,1990
Rollin' in My,Vanilla Ice,Hip-Hop / Rap / R&B,Vocals / Lyrics,2005
Porque Es Mi Sitio,Eat Meat,Hip-Hop / Rap / R&B,Vocals / Lyrics,1993
Take It Back (Dr. Rude Remix),Fenix,Electronic / Dance,Vocals / Lyrics,2010
Can't Get No Lower,Damage (Hip Hop Group),Hip-Hop / Rap / R&B,Vocals / Lyrics,1991
Rise,Public Enemy,Hip-Hop / Rap / R&B,Vocals / Lyrics,2006
Give It to Baby,Altern 8,Electronic / Dance,Vocals / Lyrics,1991
Can't Stop Raving (Club Mix),Dune,Electronic / Dance,Vocals / Lyrics,1995
Ridiculous Bass,MC Connection,Hip-Hop / Rap / R&B,Vocals / Lyrics,1990
Back Again,Diamond Shell,Hip-Hop / Rap / R&B,Multiple Elements,1991
I Got the Bass,DJ Bass Boy,Electronic / Dance,Vocals / Lyrics,1990
Tune In! (Shaky Club Remix),D-Shake,Electronic / Dance,Vocals / Lyrics,1989
Miss You Rip,DJ Yung Vamp,Hip-Hop / Rap / R&B,Vocals / Lyrics,2019
Miss You Rip,MYTHIC,Hip-Hop / Rap / R&B,Vocals / Lyrics,2019
Random Access,Strange Loop,Electronic / Dance,Vocals / Lyrics,1993
Mexican Power,Proper Dos,Hip-Hop / Rap / R&B,Vocals / Lyrics,1992
Where Is the Bass,Boyz Wit Da Bass,Hip-Hop / Rap / R&B,Vocals / Lyrics,1993
Vicious House,Ecology,Electronic / Dance,Vocals / Lyrics,1993
Rebirth of a Nation,Public Enemy,Hip-Hop / Rap / R&B,Vocals / Lyrics,2006
Venus,Slick Rick,Hip-Hop / Rap / R&B,Vocals / Lyrics,1991
Work That Body,Jealous J,Electronic / Dance,Vocals / Lyrics,1990
Jealousy,John Robinson (Techno),Electronic / Dance,Vocals / Lyrics,1993
Can't Get Enough (Of That Funky Stuff),M.C. Mike & D.J. Maze,Hip-Hop / Rap / R&B,Vocals / Lyrics,1988
TBM Mix 3 (I Wanna Make You Dance),Sample Syndicate,Electronic / Dance,Vocals / Lyrics,1989
1987,The Hood Internet,Rock / Pop,Multiple Elements,2020
Get Together,69 Boyz,Hip-Hop / Rap / R&B,Vocals / Lyrics,1994
Because I'm a Pro,M.D.S. Production,Hip-Hop / Rap / R&B,Vocals / Lyrics,1988
Interludio: Huamachuquiando,Panteras Negras,Hip-Hop / Rap / R&B,Vocals / Lyrics,2012
Medley,New Beat Less,Electronic / Dance,Vocals / Lyrics,1990
Another Monster Jam,Simon Harris,Electronic / Dance,Vocals / Lyrics,1989
Another Monster Jam,Einstein,Electronic / Dance,Vocals / Lyrics,1989
The Dreadd,Ed Rush,Electronic / Dance,Vocals / Lyrics,1993
Let's Get It Started,MC Hammer,Hip-Hop / Rap / R&B,Vocals / Lyrics,1988
Slip the Drummer One,Cornershop,Electronic / Dance,Vocals / Lyrics,2002
Quiero La Cabeza De Alfredo Garcia,Def Con Dos,Hip-Hop / Rap / R&B,Sound Effect / Other,1989
A U Fi Listen,Private Investigators,Hip-Hop / Rap / R&B,Vocals / Lyrics,1993
Racism,P.I.D.,Hip-Hop / Rap / R&B,Vocals / Lyrics,1989
You'll Be on It,Throw Down Twins,Hip-Hop / Rap / R&B,Vocals / Lyrics,1989
Poison to the Mind,Pop Will Eat Itself,Electronic / Dance,Vocals / Lyrics,1989
ABVGD,Rambo Amadeus,Hip-Hop / Rap / R&B,Vocals / Lyrics,1991
One Nation Under a Boom (Watt-A-Delic Mix),Bassadelic,Hip-Hop / Rap / R&B,Vocals / Lyrics,1988
Strange Gabber Music,Imil,Electronic / Dance,Vocals / Lyrics,2013
Sweet Bass,Brainkicker,Electronic / Dance,Vocals / Lyrics,2004
Check It Out,Doug E. Fresh,Hip-Hop / Rap / R&B,Vocals / Lyrics,1992
Follow 4 Now,Sway & King Tech,Hip-Hop / Rap / R&B,Vocals / Lyrics,1991
M.F.S.B. (In Full Effect),Well Red,Hip-Hop / Rap / R&B,Vocals / Lyrics,1988
M.F.S.B. (In Full Effect),DJ D-Zire,Hip-Hop / Rap / R&B,Vocals / Lyrics,1988
Planet Bass 93,Bass Cube,Electronic / Dance,Vocals / Lyrics,1993
Peace,People Against World Supremacy,Hip-Hop / Rap / R&B,Vocals / Lyrics,1991
Radio P.W.E.I.,Pop Will Eat Itself,Rock / Pop,Vocals / Lyrics,1989
Meron Akong Ano,Francis M.,Hip-Hop / Rap / R&B,Vocals / Lyrics,1993
Let's Do This,Fast Eddie,Electronic / Dance,Vocals / Lyrics,1990
Black,Oh No,Hip-Hop / Rap / R&B,Vocals / Lyrics,2006
Black,Wise Intelligent,Hip-Hop / Rap / R&B,Vocals / Lyrics,2006
Music for the People,Marky Mark and the Funky Bunch,Hip-Hop / Rap / R&B,Vocals / Lyrics,1991
Can You Feel the Passion,Northern Boys,Electronic / Dance,Vocals / Lyrics,1995
Out of Control,Mikey D & the LA Posse,Hip-Hop / Rap / R&B,Vocals / Lyrics,1988
Time to Jam,Techmaster P.E.B.,Hip-Hop / Rap / R&B,Vocals / Lyrics,1991
This Can't Be Love (Soft Landing on the Moon Version),Pizzicato Five,Hip-Hop / Rap / R&B,Vocals / Lyrics,1990
The Track,ASAP Productions,Hip-Hop / Rap / R&B,Vocals / Lyrics,1995
The Bass,Quad City DJ's,Hip-Hop / Rap / R&B,Vocals / Lyrics,1996
Lookin' at Me Sideways,Brother Ali,Hip-Hop / Rap / R&B,Vocals / Lyrics,2007
The Incredible,Maximum Peak,Electronic / Dance,Vocals / Lyrics,1991
Music to Be Murdered By,Dan the Automator,Hip-Hop / Rap / R&B,Vocals / Lyrics,1989
L'américain,Faf Larage,Hip-Hop / Rap / R&B,Vocals / Lyrics,2004
L'américain,Akhenaton,Hip-Hop / Rap / R&B,Vocals / Lyrics,2004
Real Deal (Shadow Remix),Lifers Group,Hip-Hop / Rap / R&B,Vocals / Lyrics,1991
Doug Lazy Gettin' Crazy,Doug Lazy,Hip-Hop / Rap / R&B,Vocals / Lyrics,1990
He Is DJ Crash,Gigolo Tony,Hip-Hop / Rap / R&B,Vocals / Lyrics,1989
Rhyme Animal (Intro),Sheek Louch,Hip-Hop / Rap / R&B,Vocals / Lyrics,2010
Burn (Flashpoint),Fear Factory,Electronic / Dance,Vocals / Lyrics,1997
Bass in Your Face,Timide Et Sans Complexe,Hip-Hop / Rap / R&B,Vocals / Lyrics,1992
Black Like Me,MCJX,Hip-Hop / Rap / R&B,Vocals / Lyrics,1990
DJ-N-Effect,DJ Battlecat,Hip-Hop / Rap / R&B,Vocals / Lyrics,1988
Il Rap,Jovanotti,Hip-Hop / Rap / R&B,Vocals / Lyrics,1992
Daddy Rich in the Land of 1210,3rd Bass,Hip-Hop / Rap / R&B,Vocals / Lyrics,1991
"Ye, Ye, Ye, Ye",Emce Beat Squad,Hip-Hop / Rap / R&B,Vocals / Lyrics,2000
Put Cha Thing Down,Terminator X,Hip-Hop / Rap / R&B,Vocals / Lyrics,1994
Put Cha Thing Down,Punk Barbarians,Hip-Hop / Rap / R&B,Vocals / Lyrics,1994
Electric City,Grand Analog,Hip-Hop / Rap / R&B,Vocals / Lyrics,2009
Electric City,Shad,Hip-Hop / Rap / R&B,Vocals / Lyrics,2009
D.J. Los' Concert Theme,EZB & DJ Los,Hip-Hop / Rap / R&B,Vocals / Lyrics,1988
These Beats Won't Stop,DJ Interface,Electronic / Dance,Vocals / Lyrics,1989
These Beats Won't Stop,The Sound Connection Mix Masters,Electronic / Dance,Vocals / Lyrics,1989
Shade Business,PMD,Hip-Hop / Rap / R&B,Vocals / Lyrics,1994
Hip Hop Quotable,A.G.,Hip-Hop / Rap / R&B,Vocals / Lyrics,2006
Hip Hop Quotable,Aloe Blacc,Hip-Hop / Rap / R&B,Vocals / Lyrics,2006
Cult of Brutality,DJ Shadow,Electronic / Dance,Vocals / Lyrics,2008
Puede Que,Mc Billeta,Hip-Hop / Rap / R&B,Vocals / Lyrics,2012
Time Tah Get Stupid,J.J. Fad,Hip-Hop / Rap / R&B,Vocals / Lyrics,1988
Girl You Know It's True (G. Spot - Remix Beats),Milli Vanilli,Rock / Pop,Vocals / Lyrics,1988
White Horse '89 (White House Mix),Laid Back,Electronic / Dance,Vocals / Lyrics,1989
Here We Go Again,E & J,Electronic / Dance,Vocals / Lyrics,1992
Welcome to the Terrordome - Live,Public Enemy,Hip-Hop / Rap / R&B,Vocals / Lyrics,2002
Miracle,Move.Meant,Hip-Hop / Rap / R&B,Vocals / Lyrics,2007
Just Can't Get Enough,Charly Lownoise,Electronic / Dance,Vocals / Lyrics,1997
Just Can't Get Enough,Mental Theo,Electronic / Dance,Vocals / Lyrics,1997
I'll Take Your Money,Rhun Girl Run,Hip-Hop / Rap / R&B,Vocals / Lyrics,1988
8 Volt Mix (Long Version),DJ Battery Brain,Hip-Hop / Rap / R&B,Vocals / Lyrics,1988
Bring the Noise,Future Prophecies,Electronic / Dance,Vocals / Lyrics,2005
Give the People,EPMD,Hip-Hop / Rap / R&B,Vocals / Lyrics,1990
Bring the Noise,909 Boyz,Hip-Hop / Rap / R&B,Vocals / Lyrics,1994
Mister President,Meat Beat Manifesto,Electronic / Dance,Vocals / Lyrics,1990
Jam on Bass,Daddy 'O' & the Ant Man,Hip-Hop / Rap / R&B,Vocals / Lyrics,1988
Stompin' to Tha 90's,Yo-Yo,Hip-Hop / Rap / R&B,Vocals / Lyrics,1991
"Rhythm Nation (12"" United Mix)",Janet Jackson,Hip-Hop / Rap / R&B,Vocals / Lyrics,1989
If You Groove (Live),Chinese Man,Hip-Hop / Rap / R&B,Vocals / Lyrics,2012
Armed and Dangerous,Donald D,Hip-Hop / Rap / R&B,Vocals / Lyrics,1989
Here Comes That Sound,Simon Harris,Electronic / Dance,Vocals / Lyrics,1988
The Long and Whining Road,Public Enemy,Hip-Hop / Rap / R&B,Vocals / Lyrics,2007
Miami's Rockin' Baby,Maggotron Crushing Crew,Electronic / Dance,Vocals / Lyrics,1991
Night of the Living Baseheads (Anti-High Blood Pressure Encounter Mix),Public Enemy,Hip-Hop / Rap / R&B,Vocals / Lyrics,1988
Start the Panic,"A Homeboy, a Hippie & a Funki Dredd",Electronic / Dance,Vocals / Lyrics,1991
Enamorado De Ti,Glup!,Rock / Pop,Vocals / Lyrics,2000
Slamjam,Fred & Ginger,Electronic / Dance,Vocals / Lyrics,1998
Hooveristic Trooper,DJ Noriken,Electronic / Dance,Vocals / Lyrics,2011
Social Psychotics,Gunshot,Hip-Hop / Rap / R&B,Vocals / Lyrics,1993
La Rage De Vivre,Original M.C.,Hip-Hop / Rap / R&B,Vocals / Lyrics,1991
Reality Check,Buckshot LeFonque,Hip-Hop / Rap / R&B,Vocals / Lyrics,1995
"Right Here, Right Now",Re-Style,Electronic / Dance,Vocals / Lyrics,2005
Keep Control,Marley Marl,Hip-Hop / Rap / R&B,Vocals / Lyrics,1991
Bond,Slick Rick,Hip-Hop / Rap / R&B,Vocals / Lyrics,1991
Mix,Jovanotti,Hip-Hop / Rap / R&B,Vocals / Lyrics,1988
Death Row,Black Population Resurection,Hip-Hop / Rap / R&B,Vocals / Lyrics,1990
[Line​:​δ],Nitro (Schranz),Electronic / Dance,Vocals / Lyrics,2016
The Beat Has Bass,Hugh E. MC,Hip-Hop / Rap / R&B,Vocals / Lyrics,1987
The Beat Has Bass,DJ Rock,Hip-Hop / Rap / R&B,Vocals / Lyrics,1987
Public Enema,Cut & Run,Electronic / Dance,Vocals / Lyrics,2006
A Message From Poet,Blaq Poet,Hip-Hop / Rap / R&B,Vocals / Lyrics,2003
ブス女 (B・A・S・S),Denki Groove,Electronic / Dance,Vocals / Lyrics,1990
Check Out the Hook,2 Young Brothers,Hip-Hop / Rap / R&B,Vocals / Lyrics,1991
Magic Orchestra,Frank De Wulf,Electronic / Dance,Vocals / Lyrics,1990
Deja Vu (The Awakening Mix),The Brothers Grimm,Electronic / Dance,Multiple Elements,1992
Numero Uno,Ensi,Hip-Hop / Rap / R&B,Vocals / Lyrics,2012
Do It to the Crowd,Twin Hype,Hip-Hop / Rap / R&B,Vocals / Lyrics,1989
Bass Kraft,Beat Dominator,Electronic / Dance,Vocals / Lyrics,1992
What's It All About,Run-DMC,Hip-Hop / Rap / R&B,Vocals / Lyrics,1990
Triple Double,Girl Talk,Other,Vocals / Lyrics,2010
Death Row,Intelligent Hoodlum,Hip-Hop / Rap / R&B,Vocals / Lyrics,1993
State of Emergency,Evil Activities,Electronic / Dance,Vocals / Lyrics,2003
State of Emergency,Chaosphere,Electronic / Dance,Vocals / Lyrics,2003
THX,Słoń,Hip-Hop / Rap / R&B,Vocals / Lyrics,2015
Kiss Your Love,The Orb,Electronic / Dance,Vocals / Lyrics,1989
Ranciofacts,ToteKing,Hip-Hop / Rap / R&B,Vocals / Lyrics,2015
Radical Kickbag,Overlord X,Hip-Hop / Rap / R&B,Vocals / Lyrics,1989
Most of My Heroes Still..,Public Enemy,Hip-Hop / Rap / R&B,Vocals / Lyrics,2012
Most of My Heroes Still..,Z-Trip,Hip-Hop / Rap / R&B,Vocals / Lyrics,2012
Land of Hardcore,Bass-D & King Matthew,Electronic / Dance,Vocals / Lyrics,2002
Land of Hardcore,Re-Style,Electronic / Dance,Vocals / Lyrics,2002
Rockit (Ultimix),Herbie Hancock,Hip-Hop / Rap / R&B,Vocals / Lyrics,1997
Can't Get No Lower,Damage,Hip-Hop / Rap / R&B,Vocals / Lyrics,1991
파티 피플 (Party People),Solid,Hip-Hop / Rap / R&B,Vocals / Lyrics,1993
The Dangerous New Jack Medley,Michael Jackson,Rock / Pop,Vocals / Lyrics,1992
Wonderfull Days (Rotterdam Mix),Charly Lownoise,Electronic / Dance,Vocals / Lyrics,1994
Wonderfull Days (Rotterdam Mix),Mental Theo,Electronic / Dance,Vocals / Lyrics,1994
The Incredible Base,Rob Base,Hip-Hop / Rap / R&B,Vocals / Lyrics,1989
Bring the Noise,Deekline,Electronic / Dance,Vocals / Lyrics,2000
Neon Green,Adraen,Electronic / Dance,Vocals / Lyrics,2009
We Can Do This,Frankie Bones,Electronic / Dance,Vocals / Lyrics,1993
Harda U R Tha Doppa U Faal,Above the Law,Hip-Hop / Rap / R&B,Vocals / Lyrics,1993
Ito Ang Gusto Ko,Francis M.,Hip-Hop / Rap / R&B,Vocals / Lyrics,1993
Disco D'oro,Gemitaiz,Hip-Hop / Rap / R&B,Vocals / Lyrics,2014
Disco D'oro,Madman (Italian Rapper),Hip-Hop / Rap / R&B,Vocals / Lyrics,2014
Disco D'oro,DJ Gengis,Hip-Hop / Rap / R&B,Vocals / Lyrics,2014
Party,Kris Kross,Hip-Hop / Rap / R&B,Vocals / Lyrics,1992
Our Special Place (FIAB Remix),The Queenstons,Electronic / Dance,Vocals / Lyrics,2010
Gettó,Ganxsta Zolee és a Kartel,Hip-Hop / Rap / R&B,Vocals / Lyrics,1995
Stars (Hardcore Mix),Charly Lownoise,Electronic / Dance,Vocals / Lyrics,1995
Throw Down,Kyper,Hip-Hop / Rap / R&B,Vocals / Lyrics,1987
Kłopotliwy Zero Piąty,Peja,Hip-Hop / Rap / R&B,Vocals / Lyrics,2006
Kłopotliwy Zero Piąty,Slums Attack,Hip-Hop / Rap / R&B,Vocals / Lyrics,2006
Marky Mark Is Here,Marky Mark and the Funky Bunch,Hip-Hop / Rap / R&B,Vocals / Lyrics,1991
Dancing Together,Critical Mass,Electronic / Dance,Multiple Elements,1995
Endangered Species (Tales From the Darkside) (Remix),Ice Cube,Hip-Hop / Rap / R&B,Vocals / Lyrics,1990
Endangered Species (Tales From the Darkside) (Remix),Chuck D,Hip-Hop / Rap / R&B,Vocals / Lyrics,1990
Na Mnie Warto Zaczekać,Szad Akrobata,Hip-Hop / Rap / R&B,Vocals / Lyrics,2011
Mr. Big Dick (Gangster's Story Version),Schoolly D,Hip-Hop / Rap / R&B,Vocals / Lyrics,1996
Get Busy,Mr. Lee (Chicago House),Electronic / Dance,Vocals / Lyrics,1989
Boogie Down (Do It),Catch-22,Electronic / Dance,Multiple Elements,1989
Lightbringer,Far Too Loud,Electronic / Dance,Vocals / Lyrics,2012
Yee Boy,Abradab,Hip-Hop / Rap / R&B,Vocals / Lyrics,2018
Yee Boy,Joka,Hip-Hop / Rap / R&B,Vocals / Lyrics,2018
The Magnificent,Chilli D,Hip-Hop / Rap / R&B,Vocals / Lyrics,1989
The Magnificent,Dope Stuff,Hip-Hop / Rap / R&B,Vocals / Lyrics,1989
Lord of Arabia,Markus,Electronic / Dance,Vocals / Lyrics,2000
Packin...Num,44 Max,Hip-Hop / Rap / R&B,Vocals / Lyrics,1992
I Got Bass,Busta Rhymes,Hip-Hop / Rap / R&B,Vocals / Lyrics,2008
Tunnel Rat,The Alchemist,Hip-Hop / Rap / R&B,Vocals / Lyrics,2015
I'm Not Going Out Like That,Run-DMC,Hip-Hop / Rap / R&B,Vocals / Lyrics,1988
Fresco,MLKMN,Hip-Hop / Rap / R&B,Vocals / Lyrics,2011
Do You Like Bass,DJ Magic Mike,Hip-Hop / Rap / R&B,Vocals / Lyrics,1991
Yeah Bwoy,Słoń,Hip-Hop / Rap / R&B,Vocals / Lyrics,2018
Mama Gave Birth to the Soul Children (The Secondary Mix),Queen Latifah,Hip-Hop / Rap / R&B,Vocals / Lyrics,1989
Mama Gave Birth to the Soul Children (The Secondary Mix),De La Soul,Hip-Hop / Rap / R&B,Vocals / Lyrics,1989
Don't Trust 'Em,Ice Cube,Hip-Hop / Rap / R&B,Vocals / Lyrics,1992
Party for Your Right to Fight,Public Enemy,Hip-Hop / Rap / R&B,Vocals / Lyrics,1988
Sample That! (Tropical House Mix),24-7-365,Electronic / Dance,Vocals / Lyrics,1989
She Knows,Joyner Lucas,Hip-Hop / Rap / R&B,Vocals / Lyrics,2015
Once Again Back (Tune In),Dexter,Hip-Hop / Rap / R&B,Vocals / Lyrics,2013
Phenomenon,Limp Bizkit,Hip-Hop / Rap / R&B,Vocals / Lyrics,2003
Black Is Back,Lakim Shabazz,Hip-Hop / Rap / R&B,Vocals / Lyrics,1988
Intro Du Mordor,IAM,Hip-Hop / Rap / R&B,Vocals / Lyrics,2007
Peep Game,2Pac,Hip-Hop / Rap / R&B,Vocals / Lyrics,1993
Peep Game,Deadly Threat,Hip-Hop / Rap / R&B,Vocals / Lyrics,1993
The Battle,DJ Skribble,Hip-Hop / Rap / R&B,Vocals / Lyrics,1997
The Battle,DJ Slynke,Hip-Hop / Rap / R&B,Vocals / Lyrics,1997
The Battle,Kenny Muhammad the Human Orchestra,Hip-Hop / Rap / R&B,Vocals / Lyrics,1997
The Battle,Rahzel,Hip-Hop / Rap / R&B,Vocals / Lyrics,1997
Lost at Birth,Public Enemy,Hip-Hop / Rap / R&B,Vocals / Lyrics,1991
Always,Jinsang,Hip-Hop / Rap / R&B,Vocals / Lyrics,2018
Gimme No Crack,Shinehead,Reggae / Dub,Vocals / Lyrics,1988
I'm Not Him,Erick Sermon,Hip-Hop / Rap / R&B,Vocals / Lyrics,2004
So Fabulous,Little Brother,Hip-Hop / Rap / R&B,Vocals / Lyrics,2003
Break Release,New Motion,Electronic / Dance,Vocals / Lyrics,1995
How Low (Can You Go),The Honeys (2),Hip-Hop / Rap / R&B,Vocals / Lyrics,1991
Strength of Bass,Devotion,Electronic / Dance,Vocals / Lyrics,1989
Theme of Mega Rave,DJ Sharpnel,Electronic / Dance,Vocals / Lyrics,2002
Get on the Dance Floor (The Danny D Remix),Rob Base & DJ E-Z Rock,Hip-Hop / Rap / R&B,Vocals / Lyrics,1989
"1, 2, 3, 4 (Sumpin' New) (Remix)",Coolio,Hip-Hop / Rap / R&B,Vocals / Lyrics,1997
Death of a Drum Machine,dBridge,Electronic / Dance,Vocals / Lyrics,2013
Harlem,Stephen Root,Soundtrack / Library,Vocals / Lyrics,1996
Harlem,Neil Palmer,Soundtrack / Library,Vocals / Lyrics,1996
Это Нормально,T-Killah,Hip-Hop / Rap / R&B,Vocals / Lyrics,2016
Shake the House,Misa,Hip-Hop / Rap / R&B,Vocals / Lyrics,1990
Superman's Black in the Building,Public Enemy,Hip-Hop / Rap / R&B,Vocals / Lyrics,2005
Childhoods,Mr. Green,Hip-Hop / Rap / R&B,Vocals / Lyrics,2009
P.E. 2000 (Rock Mix),P. Diddy,Hip-Hop / Rap / R&B,Vocals / Lyrics,1999
P.E. 2000 (Rock Mix),Chuck D,Hip-Hop / Rap / R&B,Vocals / Lyrics,1999
It's Alright,Buzz Fuzz,Electronic / Dance,Vocals / Lyrics,2000
It's Alright,Bass-D & King Matthew,Electronic / Dance,Vocals / Lyrics,2000
Basstronic,The Unknown DJ,Hip-Hop / Rap / R&B,Vocals / Lyrics,1988
F**k the KKK,Willie D,Hip-Hop / Rap / R&B,Vocals / Lyrics,1989
Who Stole the Soul?,Public Enemy,Hip-Hop / Rap / R&B,Vocals / Lyrics,1990
To the Death (Official Thunderdome 2019 Anthem),Dither,Electronic / Dance,Vocals / Lyrics,2019
Megablast (The Madd Skillz Bass Pipe Gett Off Remixx),Public Enemy,Hip-Hop / Rap / R&B,Vocals / Lyrics,1992
Windowdipper,Jib Kidder,Electronic / Dance,Vocals / Lyrics,2008
Najlepszy Zestaw,Małach,Hip-Hop / Rap / R&B,Vocals / Lyrics,2015
Najlepszy Zestaw,BoKoTy,Hip-Hop / Rap / R&B,Vocals / Lyrics,2015
Najlepszy Zestaw,Dj Grubaz,Hip-Hop / Rap / R&B,Vocals / Lyrics,2015
Hangin' Out,2 Live Crew,Hip-Hop / Rap / R&B,Vocals / Lyrics,1991
How Low Can U Touch Me (Fast Eddie's Boomin' Mix),Mix Masters,Electronic / Dance,Vocals / Lyrics,1990
How Low Can U Touch Me (Fast Eddie's Boomin' Mix),Fast Eddie,Electronic / Dance,Vocals / Lyrics,1990
How Low Can U Touch Me (Fast Eddie's Boomin' Mix),Andrea Salazar,Electronic / Dance,Vocals / Lyrics,1990
How Low Can U Touch Me (Fast Eddie's Boomin' Mix),Sundance,Electronic / Dance,Vocals / Lyrics,1990
How Low Can U Touch Me (Fast Eddie's Boomin' Mix),Tyree,Electronic / Dance,Vocals / Lyrics,1990
Something Big,They Livelong,Electronic / Dance,Vocals / Lyrics,1993
Something Big,DJ Dano,Electronic / Dance,Vocals / Lyrics,1993
Party People,Chosen Few,Electronic / Dance,Vocals / Lyrics,1994
Hardcore Fever,DJ Energy (Kevin Thorpe),Electronic / Dance,Vocals / Lyrics,1996
Side Gammon,Hoax,Electronic / Dance,Vocals / Lyrics,2011
Set Adrift on Memory Bliss (Clubtrax),P.M. Dawn,Hip-Hop / Rap / R&B,Vocals / Lyrics,1991
I'm All That,DJ Jazzy Jeff & the Fresh Prince,Hip-Hop / Rap / R&B,Vocals / Lyrics,1991
Hip-hop,Pacewon,Hip-Hop / Rap / R&B,Vocals / Lyrics,2008
Here We Go Again,Poor Righteous Teachers,Hip-Hop / Rap / R&B,Vocals / Lyrics,1993
Triple Stage Darkness,3rd Bass,Hip-Hop / Rap / R&B,Vocals / Lyrics,1989
Lemon Face,Crazy Town,Hip-Hop / Rap / R&B,Vocals / Lyrics,2013
So High,Alemán,Hip-Hop / Rap / R&B,Vocals / Lyrics,2021
So High,Muelas De Gallo,Hip-Hop / Rap / R&B,Vocals / Lyrics,2021
So High,Fntxy,Hip-Hop / Rap / R&B,Vocals / Lyrics,2021
So High,Jambene,Hip-Hop / Rap / R&B,Vocals / Lyrics,2021
Y We Go,DJ Maxwell,Electronic / Dance,Vocals / Lyrics,2010
No Feedback,Courageous Chief,Hip-Hop / Rap / R&B,Vocals / Lyrics,1991
#8th Space,Naofumi Hataya,Electronic / Dance,Vocals / Lyrics,1994
#8th Space,Masafumi Ogata,Electronic / Dance,Vocals / Lyrics,1994
Can't Do Nuttin' for Ya Man (Full Rub Mix),Public Enemy,Hip-Hop / Rap / R&B,Vocals / Lyrics,1990
Fake,Papa Dee,Hip-Hop / Rap / R&B,Vocals / Lyrics,1990
Incredible Bass (Slipmatt-Awaited Remix),Oaysis,Electronic / Dance,Vocals / Lyrics,1996
Jazzy's Groove,DJ Jazzy Jeff & the Fresh Prince,Hip-Hop / Rap / R&B,Vocals / Lyrics,1989
Fist Up,Yelawolf,Hip-Hop / Rap / R&B,Vocals / Lyrics,2005
SMS,Fünf Sterne Deluxe,Hip-Hop / Rap / R&B,Vocals / Lyrics,2017
Total Khéops II,DJ Khéops,Hip-Hop / Rap / R&B,Vocals / Lyrics,1997
Total Khéops II,Akhenaton,Hip-Hop / Rap / R&B,Vocals / Lyrics,1997
Lethal Breaks,Bazooka (Jungle & Hardcore),Electronic / Dance,Vocals / Lyrics,1997
Breakin' North,Tim Dog,Hip-Hop / Rap / R&B,Vocals / Lyrics,1993
This Beat Is Hot (Get Into the Rhythm Mix),B.G. The Prince of Rap,Hip-Hop / Rap / R&B,Vocals / Lyrics,1991
Incredible Bass,Oaysis,Electronic / Dance,Vocals / Lyrics,1992
I Just Want to Celebrate (Mocean Worker Remix),Rare Earth,Electronic / Dance,Vocals / Lyrics,2005
Jump (Funkymix),Kris Kross,Hip-Hop / Rap / R&B,Vocals / Lyrics,1992
How Low Can You Go 2,Boyz Wit Da Bass,Hip-Hop / Rap / R&B,Vocals / Lyrics,1995
Mondolay,Masters at Work,Electronic / Dance,Vocals / Lyrics,1990
The Rhyme,Basic Rhythm,Electronic / Dance,Multiple Elements,1991
Thug Tunin',Non Phixion,Hip-Hop / Rap / R&B,Vocals / Lyrics,2000
The Crew (Is in the House),The Lover Kool Dee,Hip-Hop / Rap / R&B,Vocals / Lyrics,1988
The Crew (Is in the House),DJ Freeze,Hip-Hop / Rap / R&B,Vocals / Lyrics,1988
Music Creator,Y.A.G.O.,Electronic / Dance,Vocals / Lyrics,2004
Breakadawn (Remix),De La Soul,Hip-Hop / Rap / R&B,Vocals / Lyrics,1994
Reggae Machine,Beat Dominator,Electronic / Dance,Vocals / Lyrics,1992
Fiesta Loca,M.C. Ninja,Hip-Hop / Rap / R&B,Vocals / Lyrics,1991
Playground,Another Bad Creation,Hip-Hop / Rap / R&B,Vocals / Lyrics,1991
I Need Some Sex,Clay D & the New Get Funky Crew,Hip-Hop / Rap / R&B,Vocals / Lyrics,1992
Turn It Up,Mr. Lee (Chicago House),Hip-Hop / Rap / R&B,Vocals / Lyrics,1990
Andrew Ford Medina,Andrew E.,Hip-Hop / Rap / R&B,Vocals / Lyrics,1990
Y Don't U Want 2 Play Me,Freedom of Soul,Hip-Hop / Rap / R&B,Vocals / Lyrics,1991
Quoting,Lento Violento Man,Electronic / Dance,Vocals / Lyrics,2007
Mind Blowin' (Remix),The D.O.C.,Hip-Hop / Rap / R&B,Vocals / Lyrics,1989
Mystro on the Flex,Kaos & Mystro,Hip-Hop / Rap / R&B,Vocals / Lyrics,1989
I'm on Fire,Kors K,Electronic / Dance,Vocals / Lyrics,2015
PICOLLO ピ​ッ​コ​ロ,MAITRO,Electronic / Dance,Vocals / Lyrics,2017
Total Kheops,IAM,Hip-Hop / Rap / R&B,Vocals / Lyrics,1990
This Iz It Cha'll,Villain,Hip-Hop / Rap / R&B,Vocals / Lyrics,1994
Heads Up,Sound of Stereo,Electronic / Dance,Vocals / Lyrics,2009
Rushing,Sy,Electronic / Dance,Vocals / Lyrics,1997
Rushing,DJ Seduction,Electronic / Dance,Vocals / Lyrics,1997
What Happened to the Beatles? (2 Kool Techno Mixx),To Kool Chris,Electronic / Dance,Vocals / Lyrics,1992
Make You Yeah,Groove Gangsters,Electronic / Dance,Vocals / Lyrics,1998
Miracles,MC Duke,Hip-Hop / Rap / R&B,Vocals / Lyrics,1988
Miracles,DJ Leader One,Hip-Hop / Rap / R&B,Vocals / Lyrics,1988
The Incredible Bass Machine,Bass Selective,Electronic / Dance,Vocals / Lyrics,1992
Dance Classics - the Mix,Ben Liebrand,Soul / Funk / Disco,Vocals / Lyrics,1989
Mistakes of a Woman in Love With Other Men,Slick Rick,Hip-Hop / Rap / R&B,Vocals / Lyrics,1991
Bad Coffee (Regular Mix),Funk D'Void,Electronic / Dance,Vocals / Lyrics,1997
Word 2 Tha D,AMG,Hip-Hop / Rap / R&B,Vocals / Lyrics,1991
La Subida,La Pozze Latina,Hip-Hop / Rap / R&B,Vocals / Lyrics,1996
Rock This Party,Maximum Strength,Electronic / Dance,Vocals / Lyrics,1989
Just Another Killer,Schoolly D,Hip-Hop / Rap / R&B,Vocals / Lyrics,1991
Bring Da Noise,Mark v. & Poogie Bear,Electronic / Dance,Vocals / Lyrics,1998
Get It In,Public Enemy,Hip-Hop / Rap / R&B,Vocals / Lyrics,2012
Do You Hear Bass,Boyz Wit Da Bass,Hip-Hop / Rap / R&B,Vocals / Lyrics,1993
You Oughta Get Rushed,Overlord X,Hip-Hop / Rap / R&B,Vocals / Lyrics,1990
Let's Get Busy,Ligit,Hip-Hop / Rap / R&B,Vocals / Lyrics,1989
Jazz Keep the Beat Bumpin',Too Brown,Hip-Hop / Rap / R&B,Vocals / Lyrics,1989
Gotta Have Bass,Boyz Wit Da Bass,Hip-Hop / Rap / R&B,Vocals / Lyrics,1993
Boom 'N' Pound (The Return of the Boom Bap),Empire,Hip-Hop / Rap / R&B,Vocals / Lyrics,2009
Beats and Lines,Moonbootica,Electronic / Dance,Vocals / Lyrics,2014
It's Like That (Bad Boy Bill Mix),Powerful Juvenile,Hip-Hop / Rap / R&B,Vocals / Lyrics,1991
Fresh Bass,T.F.D. Crew,Hip-Hop / Rap / R&B,Vocals / Lyrics,1988
Sicilian Brown,Bass Cube,Electronic / Dance,Vocals / Lyrics,1993
Boom Tiyaya Boom,Baby Girl (2),Electronic / Dance,Vocals / Lyrics,2007
Boom Tiyaya Boom,John Robert,Electronic / Dance,Vocals / Lyrics,2007
Who Da Rapper Is,Butchy-B,Hip-Hop / Rap / R&B,Vocals / Lyrics,1988
Bullets Entering Chest,Gunshot,Hip-Hop / Rap / R&B,Vocals / Lyrics,1993
The Ray of Sunlight,P*Light,Electronic / Dance,Vocals / Lyrics,2009
Side B,DJ Q-Bert,Hip-Hop / Rap / R&B,Vocals / Lyrics,1995
Mass Confusion,Kaos & Mystro,Hip-Hop / Rap / R&B,Vocals / Lyrics,1989
Scandlous,I.M.P.,Hip-Hop / Rap / R&B,Vocals / Lyrics,1993
Good Groove (The Changing Gears Remix),Derek B,Hip-Hop / Rap / R&B,Multiple Elements,1988
Addicted to Bass (Smoove Mix),M.C. Krash,Electronic / Dance,Vocals / Lyrics,1989
Addicted to Bass (Smoove Mix),"Mike ""Hitman"" Wilson",Electronic / Dance,Vocals / Lyrics,1989
Buss the Speaker,Jaz,Hip-Hop / Rap / R&B,Vocals / Lyrics,1989
I Love to Bass,Bardeux,Electronic / Dance,Vocals / Lyrics,1989
Incredicool,Different Heaven,Electronic / Dance,Vocals / Lyrics,2014
Incredicool,Omar Varela,Electronic / Dance,Vocals / Lyrics,2014
Set Me Free,Beverlee,Electronic / Dance,Vocals / Lyrics,1990
Outlaw,Two Smooth,Hip-Hop / Rap / R&B,Vocals / Lyrics,1988
Rappers in Wonderland,Mind Over Matter (Aus),Hip-Hop / Rap / R&B,Multiple Elements,2011
Don't Speak,Sonic Solutions,Electronic / Dance,Vocals / Lyrics,2003
"PE, Break It to P.E.ACES",Public Enemy,Hip-Hop / Rap / R&B,Vocals / Lyrics,2006
NPQ,JeanJass,Hip-Hop / Rap / R&B,Vocals / Lyrics,2014
Oakland Stroke,Tony! Toni! Toné!,Hip-Hop / Rap / R&B,Vocals / Lyrics,1990
Oakland Stroke,Vanessa Williams,Hip-Hop / Rap / R&B,Vocals / Lyrics,1990
Cut the Midrange (Drop the Bass),DJ Paul Elstak,Electronic / Dance,Vocals / Lyrics,2021
On the Rampage,Awesome Dré,Hip-Hop / Rap / R&B,Vocals / Lyrics,1989
Posse in E-F-F-E-C-T,"Shampel ""C""",Hip-Hop / Rap / R&B,Vocals / Lyrics,1989
Four Rhymes to Go,Nikki Rap N Scratch,Hip-Hop / Rap / R&B,Vocals / Lyrics,1988
Ain't It Funky,Makeba & Skratch,Hip-Hop / Rap / R&B,Vocals / Lyrics,1989
Miracle Maker,Sample Rippers,Electronic / Dance,Vocals / Lyrics,2006
Девочка не спит,Сергей Жуков,Rock / Pop,Vocals / Lyrics,2007
We Need Some Bass,Style Posse,Hip-Hop / Rap / R&B,Vocals / Lyrics,1987
My AK-47,The Black Mafia,Hip-Hop / Rap / R&B,Vocals / Lyrics,1992
Go Bumrush the Sound,Block & Crown,Electronic / Dance,Vocals / Lyrics,2018
Check It Out (Sample Mix),The Lincoln Boys,Electronic / Dance,Vocals / Lyrics,1989
Seinalea,Negu Gorriak,Rock / Pop,Multiple Elements,1990
Bully Breaks 2 (Side B),DJ Craze,Hip-Hop / Rap / R&B,Vocals / Lyrics,2003
Hump N' Ya Back,69 Boyz,Hip-Hop / Rap / R&B,Vocals / Lyrics,1994
Old Dena,Issues,Electronic / Dance,Vocals / Lyrics,2014
Ain't No Body,Portal,Electronic / Dance,Vocals / Lyrics,2006
You Can't Bring Me Down,D.J. Johnny Fresh,Hip-Hop / Rap / R&B,Vocals / Lyrics,1992
Punk Shit,Hi-C,Hip-Hop / Rap / R&B,Vocals / Lyrics,1991
Theme From Full Time Play Boy,Bulljun,Hip-Hop / Rap / R&B,Vocals / Lyrics,2006
Dance to the Bass,M.C. Ric,Hip-Hop / Rap / R&B,Vocals / Lyrics,1990
Its Andrew E,Andrew E.,Hip-Hop / Rap / R&B,Vocals / Lyrics,1990
Back 2 the Bass,Simon Harris,Electronic / Dance,Vocals / Lyrics,1992
She Taught Me How to Yodel,Bombalurina,Rock / Pop,Vocals / Lyrics,1990
Dopemix Vol. 1,DJ Prince Ice,Hip-Hop / Rap / R&B,Vocals / Lyrics,1988
LTBCYB,Beat Dominator,Electronic / Dance,Vocals / Lyrics,1992
Cut It Up Def,Jealous J,Hip-Hop / Rap / R&B,Vocals / Lyrics,1989
Cut It Up Def,MC Gemini,Hip-Hop / Rap / R&B,Vocals / Lyrics,1989
Take It to the Ground,M.C. Toy & the Strictly Blacque Crew,Hip-Hop / Rap / R&B,Vocals / Lyrics,1993
The Boombox Saints,RedCloud,Hip-Hop / Rap / R&B,Vocals / Lyrics,2007
Seek & Destroy,A.P.G. Crew,Hip-Hop / Rap / R&B,Vocals / Lyrics,1989
Once Again,Taiyamo Denku,Hip-Hop / Rap / R&B,Multiple Elements,2018
We Ge Mo' Soul,Uzi Bros.,Hip-Hop / Rap / R&B,Vocals / Lyrics,1990
Hi Lo Cut,Loose J and the Master of Wax,Hip-Hop / Rap / R&B,Vocals / Lyrics,1988
Yeah,Bassi Maestro,Hip-Hop / Rap / R&B,Vocals / Lyrics,2004
Yeah,Mondo Marcio,Hip-Hop / Rap / R&B,Vocals / Lyrics,2004
Rain Dance,2 Deep,Hip-Hop / Rap / R&B,Vocals / Lyrics,1990
OAB,Sensi,Hip-Hop / Rap / R&B,Vocals / Lyrics,2014
OAB,DJ Eprom,Hip-Hop / Rap / R&B,Vocals / Lyrics,2014
OAB,DJ Lem,Hip-Hop / Rap / R&B,Vocals / Lyrics,2014
OAB,Tytson,Hip-Hop / Rap / R&B,Vocals / Lyrics,2014
Preachin' to the Quiet,Public Enemy,Hip-Hop / Rap / R&B,Vocals / Lyrics,2005
Rough Potential,MC Cardi,Hip-Hop / Rap / R&B,Vocals / Lyrics,1989
Go With the Flow (Radio Mix),The Mellow One,Hip-Hop / Rap / R&B,Vocals / Lyrics,1991
Da' Mad Scientist,Bass Patrol,Electronic / Dance,Vocals / Lyrics,1992
"Yes, I Have Returned",Richie Rich,Hip-Hop / Rap / R&B,Vocals / Lyrics,1988
Seatown Ballers,Kid Sensation,Hip-Hop / Rap / R&B,Vocals / Lyrics,1990
PWEI Is a Four Letter Word,Pop Will Eat Itself,Rock / Pop,Vocals / Lyrics,1989
Girl You Know It's True (Ultimix),Milli Vanilli,Rock / Pop,Vocals / Lyrics,1989
Follow for Now,Snoman,Hip-Hop / Rap / R&B,Vocals / Lyrics,1993
What I Write,Too Hard Too Hype,Hip-Hop / Rap / R&B,Vocals / Lyrics,1991
Too Much Bass,Death (2),Hip-Hop / Rap / R&B,Vocals / Lyrics,1993
Sometimes It's Got to Be That Way,Schoolly D,Hip-Hop / Rap / R&B,Vocals / Lyrics,1991
Better Luck Next Time,B-Boy-X and the 13th District Posse,Hip-Hop / Rap / R&B,Vocals / Lyrics,1989
Good Old Days,Most Wanted,Hip-Hop / Rap / R&B,Vocals / Lyrics,1988
Public Enemy,The Dream Team,Electronic / Dance,Vocals / Lyrics,1998
It Ain't Mine!,Mel-Man,Hip-Hop / Rap / R&B,Vocals / Lyrics,1991
If This Gets Out (It'll Cause Worldwide Panic),Bumble B.H.E.,Hip-Hop / Rap / R&B,Vocals / Lyrics,1992
Straight to the Bank,Kid Frost,Hip-Hop / Rap / R&B,Vocals / Lyrics,1990
New Whirl Odor,Public Enemy,Hip-Hop / Rap / R&B,Vocals / Lyrics,2005
Na Serio,Peja,Hip-Hop / Rap / R&B,Vocals / Lyrics,2009
Bring the Noize,Barron,Electronic / Dance,Vocals / Lyrics,2013
Keep It Fresh,It Takes Two to Tango,Electronic / Dance,Vocals / Lyrics,2012
Who Dares Wins,Derek B,Hip-Hop / Rap / R&B,Vocals / Lyrics,1990
Brothers & Sisters,Cozmic Guys,Electronic / Dance,Vocals / Lyrics,1998
Real Def Y'All,Raw Material & Def Intelligence,Hip-Hop / Rap / R&B,Vocals / Lyrics,1990
Untitled (B2),TDK,Electronic / Dance,Vocals / Lyrics,1994
Too Late (Funkymix),The Real Milli Vanilli,Hip-Hop / Rap / R&B,Vocals / Lyrics,1991
Hook Me Up! (Drive Time Vocal Mix),DJ Excel,Hip-Hop / Rap / R&B,Vocals / Lyrics,1997
City,Sirah,Hip-Hop / Rap / R&B,Vocals / Lyrics,2007
City,DJ Hoppa,Hip-Hop / Rap / R&B,Vocals / Lyrics,2007
"Bass, What's Happenin' Black",Maggotron,Electronic / Dance,Vocals / Lyrics,1989
Spin to the Grooveline (Convoy Mix),The Box,Hip-Hop / Rap / R&B,Vocals / Lyrics,1990
So Damn Tough,Rhythm Mode:D,Electronic / Dance,Vocals / Lyrics,1988
Party All Night,Stylz & the J.I.Z.,Hip-Hop / Rap / R&B,Vocals / Lyrics,1993
Drop That Thing,DJ Taso,Electronic / Dance,Vocals / Lyrics,2014
Baby Wants to Ride (X-rated Swemix Version),Jamie Principle,Electronic / Dance,Vocals / Lyrics,1988
Peace of Mind,Top Choice Clique,Hip-Hop / Rap / R&B,Vocals / Lyrics,1990
Shut Up,MC 900 Ft. Jesus,Hip-Hop / Rap / R&B,Vocals / Lyrics,1989
Shut Up,DJ Zero,Hip-Hop / Rap / R&B,Vocals / Lyrics,1989
Dj D'enfer,Benny B,Hip-Hop / Rap / R&B,Vocals / Lyrics,1990
Negro X.,Bumble B.H.E.,Hip-Hop / Rap / R&B,Vocals / Lyrics,1992
This Is How We Do It,Kooley C,Hip-Hop / Rap / R&B,Vocals / Lyrics,1988
Slipping Into Darkness,Dazzie Dee,Hip-Hop / Rap / R&B,Vocals / Lyrics,1989
Kid Ice Groove,Fresh Kid Ice,Hip-Hop / Rap / R&B,Vocals / Lyrics,1992
Hotel Trap,Downlink,Electronic / Dance,Vocals / Lyrics,2015
Nothing on Me (Phiso Remix),Warrioez,Electronic / Dance,Vocals / Lyrics,2015
Late at Night,Fast House,Electronic / Dance,Vocals / Lyrics,1989
Work Your Body,To Kool Chris,Electronic / Dance,Vocals / Lyrics,1994
Da Hand That Rob's the Craddle,Black Poets,Hip-Hop / Rap / R&B,Vocals / Lyrics,1993
Simple Demonstration,800 Money & J. Swiff,Hip-Hop / Rap / R&B,Vocals / Lyrics,1987
Simple Demonstration,Cool Ace,Hip-Hop / Rap / R&B,Vocals / Lyrics,1987
See,The Kleptones,Electronic / Dance,Vocals / Lyrics,2004
Here We Go Again,Ryan Campbell,Electronic / Dance,Vocals / Lyrics,1996
Never Had Your Back,Arrested Development,Hip-Hop / Rap / R&B,Vocals / Lyrics,2021
Never Had Your Back,Speech,Hip-Hop / Rap / R&B,Vocals / Lyrics,2021
Never Had Your Back,Configa,Hip-Hop / Rap / R&B,Vocals / Lyrics,2021
Never Had Your Back,Ke'Andra,Hip-Hop / Rap / R&B,Vocals / Lyrics,2021
Bass,Impulse Factory,Electronic / Dance,Vocals / Lyrics,1998
Last Breath,Mike D Chill,Hip-Hop / Rap / R&B,Vocals / Lyrics,1994
Black and Proud,The Dismasters,Hip-Hop / Rap / R&B,Vocals / Lyrics,1989
Uh So Vit,Missin Lynx,Hip-Hop / Rap / R&B,Vocals / Lyrics,1993
Pumped in Power,39 Posse,Hip-Hop / Rap / R&B,Vocals / Lyrics,1991
超楽C-E-Z (Get Busy Y'all),You the Rock,Hip-Hop / Rap / R&B,Vocals / Lyrics,1999
Police Brutality,D2E-Posse,Hip-Hop / Rap / R&B,Vocals / Lyrics,1992
Too Legit,MessyPandas,Electronic / Dance,Vocals / Lyrics,2014
You Want Bass,Vicious Base,Hip-Hop / Rap / R&B,Vocals / Lyrics,1991
Scandalist Diggas,Long Beach Undercover,Hip-Hop / Rap / R&B,Vocals / Lyrics,1997
We in the House,J.J. Fad,Hip-Hop / Rap / R&B,Vocals / Lyrics,1990
Break the Limits,Seeque,Hip-Hop / Rap / R&B,Vocals / Lyrics,1988
Break the Limits,DJ Soul Shock,Hip-Hop / Rap / R&B,Vocals / Lyrics,1988
Pump That Stupid Bass (DJ Friendly Mix),DJ Weirdo,Electronic / Dance,Vocals / Lyrics,1995
Pump That Stupid Bass (DJ Friendly Mix),DJ SIM,Electronic / Dance,Vocals / Lyrics,1995
Take Notes (Uptown Version),Les Baby Love,Hip-Hop / Rap / R&B,Vocals / Lyrics,1990
Don't Wanna Work,Drapht,Hip-Hop / Rap / R&B,Sound Effect / Other,2008
Professional Enemy,Pilferer,Electronic / Dance,Vocals / Lyrics,2002
I Can Work This,Creative & Prime Time,Hip-Hop / Rap / R&B,Vocals / Lyrics,1988
The Incredible,J-Live,Hip-Hop / Rap / R&B,Vocals / Lyrics,2007
Murderride,J-Bad,Hip-Hop / Rap / R&B,Vocals / Lyrics,1993
Warm Pole,Nothing,Electronic / Dance,Vocals / Lyrics,2005
Bassnium,Random,Hip-Hop / Rap / R&B,Vocals / Lyrics,2011
Everybody Dance,K-Cloud and the Crew,Hip-Hop / Rap / R&B,Vocals / Lyrics,1989
The M-Go,Cobra MCees,Hip-Hop / Rap / R&B,Vocals / Lyrics,1988
Head Grit (Promo Remix),Hellfish,Electronic / Dance,Vocals / Lyrics,2011
Listen Up!,Waxolutionists,Hip-Hop / Rap / R&B,Vocals / Lyrics,1999
Lyrical Madness,Two X Strong,Hip-Hop / Rap / R&B,Vocals / Lyrics,1991
Here We Go Again,Ian Carrera,Electronic / Dance,Vocals / Lyrics,2017
The Enemy Assault Vehicles Mixx,Public Enemy,Hip-Hop / Rap / R&B,Multiple Elements,1990
Till Your Fingers Break,DJ Debris,Hip-Hop / Rap / R&B,Vocals / Lyrics,2002
Till Your Fingers Break,DJ Reflux,Hip-Hop / Rap / R&B,Vocals / Lyrics,2002
Sun Nee Kuriye,Bally Sagoo,World / Latin,Vocals / Lyrics,1991
Wild Thing,Donnie Bennett,Hip-Hop / Rap / R&B,Vocals / Lyrics,2001
They Won't Let Me Pump My Base,Just for Kicks JFK,Hip-Hop / Rap / R&B,Vocals / Lyrics,1990
Au Dessus Des Lois,Ministere A.M.E.R.,Hip-Hop / Rap / R&B,Vocals / Lyrics,1992
Get in to It,Capital Tax,Hip-Hop / Rap / R&B,Vocals / Lyrics,1989
Let the Beat Flow,Bass Rhyme Posse,Hip-Hop / Rap / R&B,Vocals / Lyrics,1991
I Call Him Mad,Paris,Hip-Hop / Rap / R&B,Vocals / Lyrics,1989
Here We Go Again,Killshot,Hip-Hop / Rap / R&B,Vocals / Lyrics,2021
Here We Go Again,The Straikerz,Hip-Hop / Rap / R&B,Vocals / Lyrics,2021
The Buck Stops Here,5ive-O-Posse,Hip-Hop / Rap / R&B,Vocals / Lyrics,1989
Dopest 2,Took-N-Bone,Hip-Hop / Rap / R&B,Vocals / Lyrics,1993
You Can't Handle the Format,First Degree the D.E.,Hip-Hop / Rap / R&B,Vocals / Lyrics,1992
Say-N-Nothin',Double Dose,Hip-Hop / Rap / R&B,Vocals / Lyrics,1990
Here We Come,Boot Camp Clik,Hip-Hop / Rap / R&B,Vocals / Lyrics,2006
Tiroteo,Tiro De Gracia,Hip-Hop / Rap / R&B,Vocals / Lyrics,1993
Timebomb,808 State,Electronic / Dance,Vocals / Lyrics,1993
Bad Bass Music,Bass Cube,Electronic / Dance,Multiple Elements,1993
Butterfly (Rave Mix),Heavens Wire,Electronic / Dance,Vocals / Lyrics,2005
Take Me to the Top,Deavid Soul,Electronic / Dance,Vocals / Lyrics,2002
Junglist,Tribe of Issachar,Electronic / Dance,Vocals / Lyrics,1996
Junglist,Peter Bouncer,Electronic / Dance,Vocals / Lyrics,1996
No Clause 28,Boy George,Electronic / Dance,Vocals / Lyrics,1989
Incredible,Keith Murray,Hip-Hop / Rap / R&B,Vocals / Lyrics,1999
Incredible,LL Cool J,Hip-Hop / Rap / R&B,Vocals / Lyrics,1999
O.P.P. (Ultimix Remix),Naughty by Nature,Hip-Hop / Rap / R&B,Vocals / Lyrics,1992
There Is No Law,Messiah,Electronic / Dance,Vocals / Lyrics,1993
Bring Down the Walls... No Limit Squad Returns,Silver Bullet,Hip-Hop / Rap / R&B,Vocals / Lyrics,1991
Loungemeister,Ugress,Electronic / Dance,Vocals / Lyrics,2002
Bring the Noise,E-Rick & Tactic,Electronic / Dance,Vocals / Lyrics,1996
New York,AZ,Hip-Hop / Rap / R&B,Vocals / Lyrics,2005
New York,Ghostface Killah,Hip-Hop / Rap / R&B,Vocals / Lyrics,2005
New York,Raekwon,Hip-Hop / Rap / R&B,Vocals / Lyrics,2005
Black Is Back,Public Enemy,Hip-Hop / Rap / R&B,Vocals / Lyrics,2007
White Lines '89 - Part II,Grandmaster Melle Mel,Hip-Hop / Rap / R&B,Vocals / Lyrics,1989
White Lines '89 - Part II,The Furious Five,Hip-Hop / Rap / R&B,Vocals / Lyrics,1989
69/96 Girl Meets Cassette (Citrus Remix),Cornelius,Electronic / Dance,Vocals / Lyrics,1996
Who the Trifest?,DJ Honda,Hip-Hop / Rap / R&B,Vocals / Lyrics,1998
Who the Trifest?,The Beatnuts,Hip-Hop / Rap / R&B,Vocals / Lyrics,1998
Here We Go Again,Everclear,Rock / Pop,Vocals / Lyrics,2000
¿Yo Que Hago Aquí?,SFDK,Hip-Hop / Rap / R&B,Vocals / Lyrics,2005
¿Yo Que Hago Aquí?,Jefe De La M,Hip-Hop / Rap / R&B,Vocals / Lyrics,2005
Havin' Sex,Steve Shit,Electronic / Dance,Vocals / Lyrics,1996
Venus (BHF Remix),Shocking Blue,Rock / Pop,Vocals / Lyrics,1990
Old School?,E-Rock,Hip-Hop / Rap / R&B,Vocals / Lyrics,1991
Base,Franky Kubrick,Hip-Hop / Rap / R&B,Vocals / Lyrics,2009
What You Need Is Jesus,Public Enemy,Hip-Hop / Rap / R&B,Vocals / Lyrics,1998
Feel the Bass. III,DJ Magic Mike,Hip-Hop / Rap / R&B,Vocals / Lyrics,1991
Peace,P.A.W.S. (People Against World Supremacy),Hip-Hop / Rap / R&B,Vocals / Lyrics,1991
The 1814 Megamix,Janet Jackson,Rock / Pop,Vocals / Lyrics,1989
Hardcore Feelings,Charly Lownoise,Electronic / Dance,Multiple Elements,1996
Hardcore Feelings,Mental Theo,Electronic / Dance,Multiple Elements,1996
Petition the Lord,Tellurian,Electronic / Dance,Vocals / Lyrics,1994
Ambassador Slang,Rakaa,Hip-Hop / Rap / R&B,Vocals / Lyrics,2010
Ambassador Slang,Bigryzn,Hip-Hop / Rap / R&B,Vocals / Lyrics,2010
Ambassador Slang,Dumbfoundead,Hip-Hop / Rap / R&B,Vocals / Lyrics,2010
Ambassador Slang,Jay Jaballas,Hip-Hop / Rap / R&B,Vocals / Lyrics,2010
Ambassador Slang,King Kapisi,Hip-Hop / Rap / R&B,Vocals / Lyrics,2010
Ambassador Slang,Mithra Jin,Hip-Hop / Rap / R&B,Vocals / Lyrics,2010
Ambassador Slang,Moshpit,Hip-Hop / Rap / R&B,Vocals / Lyrics,2010
Misery Needs Company,Fat Joe,Hip-Hop / Rap / R&B,Vocals / Lyrics,1998
Misery Needs Company,Noreaga,Hip-Hop / Rap / R&B,Vocals / Lyrics,1998
Prophets of Rage,Public Enemy,Hip-Hop / Rap / R&B,Vocals / Lyrics,1988
Something Bigger (Here We Go Again Remix),DJ Dano,Electronic / Dance,Vocals / Lyrics,1993
Radio Station,Run-DMC,Hip-Hop / Rap / R&B,Vocals / Lyrics,1988
Мне С Тобою Хорошо,Ruki Vverh (Руки Вверх),Electronic / Dance,Vocals / Lyrics,2003
Chillin',Erick Sermon,Hip-Hop / Rap / R&B,Vocals / Lyrics,2004
Chillin',Whip Montez,Hip-Hop / Rap / R&B,Vocals / Lyrics,2004
Chillin',Talib Kweli,Hip-Hop / Rap / R&B,Vocals / Lyrics,2004
Behold the Jungle,Noise Factory,Electronic / Dance,Vocals / Lyrics,1992
Cucci Galore,Kid Rock,Rock / Pop,Vocals / Lyrics,2012
Bring the Noise (MF Doom Special Blend),MF DOOM,Hip-Hop / Rap / R&B,Vocals / Lyrics,2004
Here We Go Again,DJ Ham,Electronic / Dance,Vocals / Lyrics,1996
How Low?,DJ Snake (Don Brown),Electronic / Dance,Vocals / Lyrics,1996
Black America Again,Common,Hip-Hop / Rap / R&B,Vocals / Lyrics,2016
Black America Again,Stevie Wonder,Hip-Hop / Rap / R&B,Vocals / Lyrics,2016
Jack to the Sound of the Underground (Party Mix),Hithouse,Electronic / Dance,Vocals / Lyrics,1988
Feel the Horn,Pitman,Hip-Hop / Rap / R&B,Vocals / Lyrics,2007
Megamix (Club Version),Technotronic,Electronic / Dance,Vocals / Lyrics,1990
Sleepin' on Jersey,Naughty by Nature,Hip-Hop / Rap / R&B,Vocals / Lyrics,1993
Somehow,Dia (K-Pop Group),Rock / Pop,Vocals / Lyrics,2015
Special Stage,Masafumi Ogata,Soundtrack / Library,Vocals / Lyrics,1993
I Ain't New Ta This,Ice-T,Hip-Hop / Rap / R&B,Vocals / Lyrics,1993
"Come On, Let's Move It",Special Ed,Hip-Hop / Rap / R&B,Vocals / Lyrics,1990
Nana,N.U.K.E.,Electronic / Dance,Vocals / Lyrics,1992
Los Hijos De Iván Drago,Los Chikos Del Maíz,Hip-Hop / Rap / R&B,Vocals / Lyrics,2011
Los Hijos De Iván Drago,Pablo Hasél,Hip-Hop / Rap / R&B,Vocals / Lyrics,2011
Cotton Candy & Popsicles,Insane Clown Posse,Hip-Hop / Rap / R&B,Vocals / Lyrics,2002
Inkas,Federico Romanzi,Electronic / Dance,Vocals / Lyrics,2015
Yeah Yeah Baby Yeah Up in Here Yeah Baby Getcha Getcha,Truxton,Electronic / Dance,Vocals / Lyrics,2012
The Travoltino Theme (I See a House),One-T,Electronic / Dance,Sound Effect / Other,2003
Deathray,Eptic,Electronic / Dance,Vocals / Lyrics,2012
The Hunted Child,Ice-T,Hip-Hop / Rap / R&B,Vocals / Lyrics,1989
My Little Fantasy,4 Tune Fairytales,Electronic / Dance,Vocals / Lyrics,1996
Body Motion,Sadomasy,Electronic / Dance,Vocals / Lyrics,1991
Body Motion,DJ One,Electronic / Dance,Vocals / Lyrics,1991
'98 to Piano,Forze DJ Team,Electronic / Dance,Vocals / Lyrics,1998
Fear of Mazorka Planet,Los Chikos Del Maíz,Hip-Hop / Rap / R&B,Vocals / Lyrics,2011
Let the Bass Be Louder,Bass Boy,Electronic / Dance,Vocals / Lyrics,1992
Plus Que De La Musique,Sat,Hip-Hop / Rap / R&B,Vocals / Lyrics,2010
Plus Que De La Musique,Akhenaton,Hip-Hop / Rap / R&B,Vocals / Lyrics,2010
Plus Que De La Musique,Soprano,Hip-Hop / Rap / R&B,Vocals / Lyrics,2010
Terminator X to the Edge of Panic,Public Enemy,Hip-Hop / Rap / R&B,Multiple Elements,1988
Turn It Up,Fjaak,Electronic / Dance,Vocals / Lyrics,2019
Girl You Know It's True (N.Y. Subway Extended Mix),Milli Vanilli,Rock / Pop,Vocals / Lyrics,1988
State of the Union (STFU),Public Enemy,Hip-Hop / Rap / R&B,Vocals / Lyrics,2020
Ballin,French Montana,Hip-Hop / Rap / R&B,Vocals / Lyrics,2012
Ballin,Rick Ross,Hip-Hop / Rap / R&B,Vocals / Lyrics,2012
Ballin,Charlie Hustle,Hip-Hop / Rap / R&B,Vocals / Lyrics,2012
Here We Go Again,Kool Moe Dee,Hip-Hop / Rap / R&B,Vocals / Lyrics,1991
Somos Tontos No Pesados,Los Tres,Rock / Pop,Vocals / Lyrics,2000
Somos Tontos No Pesados,Makiza,Rock / Pop,Vocals / Lyrics,2000
Mind Terrorist,Public Enemy,Hip-Hop / Rap / R&B,Vocals / Lyrics,1988
Bounty Bass,Gigi D'Agostino,Electronic / Dance,Vocals / Lyrics,2022
Bounty Bass,Luca Noise,Electronic / Dance,Vocals / Lyrics,2022
Boom Shack-A-Lak,Dance Mix Factory,Rock / Pop,Vocals / Lyrics,1993
Wonderful Days 2001,Charly Lownoise,Electronic / Dance,Vocals / Lyrics,2001
Wonderful Days 2001,Starsplash,Electronic / Dance,Vocals / Lyrics,2001
Once Again Back,4 X Sample,Electronic / Dance,Vocals / Lyrics,1992
Star Wars Gangsta Rap: Chronicles,Bentframe,Hip-Hop / Rap / R&B,Vocals / Lyrics,2009
Brothers Gonna Work It Out,Public Enemy,Hip-Hop / Rap / R&B,Vocals / Lyrics,1990
"Megablast (Hip Hop on Precinct 13) (7"" Mix)",Bomb the Bass,Hip-Hop / Rap / R&B,Hook / Riff,1988
Project Boy,Joell Ortiz,Hip-Hop / Rap / R&B,Vocals / Lyrics,2010
Bassheads,Gangrene,Hip-Hop / Rap / R&B,Vocals / Lyrics,2013
1999 She,Deaton Chris Anthony,Electronic / Dance,Vocals / Lyrics,2019
Costruendo,Lento Violento Man,Electronic / Dance,Vocals / Lyrics,2007
Good to Know You'll Be There,Renard,Electronic / Dance,Vocals / Lyrics,2010
Radio,Eazy-E,Hip-Hop / Rap / R&B,Vocals / Lyrics,1988
Yesterday,Black Eyed Peas,Hip-Hop / Rap / R&B,Vocals / Lyrics,2015
Twilight Zone (Rio & Le Jean Remix),2 Unlimited,Electronic / Dance,Vocals / Lyrics,1992
FX & Scratches (Vol. 3),Simon Harris,Electronic / Dance,Vocals / Lyrics,1989
Murder Rap,Above the Law,Hip-Hop / Rap / R&B,Multiple Elements,1990
OnAndOn Part 2,Hocus Pocus,Hip-Hop / Rap / R&B,Vocals / Lyrics,2004
Eruption,Jem 77,Electronic / Dance,Vocals / Lyrics,1992
Session,Space Cube,Electronic / Dance,Vocals / Lyrics,1993
Hey Boy,Racionais MC's,Hip-Hop / Rap / R&B,Vocals / Lyrics,1990
"Get on the Dance Floor (The ""Sky"" King Remix)",Rob Base & DJ E-Z Rock,Hip-Hop / Rap / R&B,Vocals / Lyrics,1989
Wave Ocean ~The Water's Edge~,Mariko Nanba,Soundtrack / Library,Vocals / Lyrics,2006
Wave Ocean ~The Water's Edge~,Tomoya Ohtani,Soundtrack / Library,Vocals / Lyrics,2006
Show 'Em Whatcha Got,Public Enemy,Hip-Hop / Rap / R&B,Vocals / Lyrics,1988
Penultimate Bass Test,Meat Beat Manifesto,Electronic / Dance,Vocals / Lyrics,2010
Bitch Betta Have My Money,AMG,Hip-Hop / Rap / R&B,Vocals / Lyrics,1991
U Can't Touch This (KMel Mix),MC Hammer,Hip-Hop / Rap / R&B,Vocals / Lyrics,1990
Turn Up the Bass,Tyree,Electronic / Dance,Vocals / Lyrics,1988
Turn Up the Bass,Kool Rock Steady,Electronic / Dance,Vocals / Lyrics,1988
The Boomin' System,LL Cool J,Hip-Hop / Rap / R&B,Vocals / Lyrics,1990
Skills,Gang Starr,Hip-Hop / Rap / R&B,Vocals / Lyrics,2003
Sylvester Lundgren,Action Bronson,Hip-Hop / Rap / R&B,Vocals / Lyrics,2012
Sylvester Lundgren,Meyhem Lauren,Hip-Hop / Rap / R&B,Vocals / Lyrics,2012
Sylvester Lundgren,Ag Da Coroner,Hip-Hop / Rap / R&B,Vocals / Lyrics,2012
Here We Go Again,J Dilla,Hip-Hop / Rap / R&B,Vocals / Lyrics,2014
Wretches and Kings,Linkin Park,Hip-Hop / Rap / R&B,Vocals / Lyrics,2010
Night of the Living Baseheads,Public Enemy,Hip-Hop / Rap / R&B,Vocals / Lyrics,1988
난 알아요,Seo Taiji and Boys,Hip-Hop / Rap / R&B,Vocals / Lyrics,1992
Freestyle Noize,Freestylers,Electronic / Dance,Vocals / Lyrics,1998
Turn It Up,The Prophet (DJ),Electronic / Dance,Vocals / Lyrics,1994
Doo Doo Brown,2 Hyped Brothers & a Dog,Hip-Hop / Rap / R&B,Vocals / Lyrics,1991
