The Story of O.J.,Jay-Z,Hip-Hop / Rap / R&B,Drums,2017
Come Clean,Jeru the Damaja,Hip-Hop / Rap / R&B,Drums,1993
Owner of a Lonely Heart,Yes,Rock / Pop,Multiple Elements,1983
The New Style,Beastie Boys,Hip-Hop / Rap / R&B,Hook / Riff,1986
Beat Box,Art of Noise,Electronic / Dance,Multiple Elements,1983
Growin' Up in the Hood,Compton's Most Wanted,Hip-Hop / Rap / R&B,Drums,1991
Girl You Know It's True,Milli Vanilli,Rock / Pop,Sound Effect / Other,1988
The Full Retard,El-P,Hip-Hop / Rap / R&B,Sound Effect / Other,2012
AJ Scratch,Kurtis Blow,Hip-Hop / Rap / R&B,Sound Effect / Other,1984
Let's Talk About Sex,Salt-N-Pepa,Hip-Hop / Rap / R&B,Sound Effect / Other,1990
Lick the Balls,Slick Rick,Hip-Hop / Rap / R&B,Sound Effect / Other,1988
The Floor (Raw With Bass),Johnny Gill,Hip-Hop / Rap / R&B,Sound Effect / Other,1993
Deathwish I,Sid & B-Tonn,Hip-Hop / Rap / R&B,Sound Effect / Other,1990
Welcome to the Terrordome,Public Enemy,Hip-Hop / Rap / R&B,Drums,1989
Megablast,Public Enemy,Hip-Hop / Rap / R&B,Sound Effect / Other,1987
Come See Me,112,Hip-Hop / Rap / R&B,Hook / Riff,1996
Come See Me,Mr. Cheeks,Hip-Hop / Rap / R&B,Hook / Riff,1996
The Story of O.J.,Jay-Z,Hip-Hop / Rap / R&B,Drums,2017
Come Clean,Jeru the Damaja,Hip-Hop / Rap / R&B,Drums,1993
Owner of a Lonely Heart,Yes,Rock / Pop,Multiple Elements,1983
The New Style,Beastie Boys,Hip-Hop / Rap / R&B,Hook / Riff,1986
Beat Box,Art of Noise,Electronic / Dance,Multiple Elements,1983
Growin' Up in the Hood,Compton's Most Wanted,Hip-Hop / Rap / R&B,Drums,1991
Girl You Know It's True,Milli Vanilli,Rock / Pop,Sound Effect / Other,1988
The Full Retard,El-P,Hip-Hop / Rap / R&B,Sound Effect / Other,2012
AJ Scratch,Kurtis Blow,Hip-Hop / Rap / R&B,Sound Effect / Other,1984
Let's Talk About Sex,Salt-N-Pepa,Hip-Hop / Rap / R&B,Sound Effect / Other,1990
Lick the Balls,Slick Rick,Hip-Hop / Rap / R&B,Sound Effect / Other,1988
The Floor (Raw With Bass),Johnny Gill,Hip-Hop / Rap / R&B,Sound Effect / Other,1993
Deathwish I,Sid & B-Tonn,Hip-Hop / Rap / R&B,Sound Effect / Other,1990
Welcome to the Terrordome,Public Enemy,Hip-Hop / Rap / R&B,Drums,1989
Megablast,Public Enemy,Hip-Hop / Rap / R&B,Sound Effect / Other,1987
Come See Me,112,Hip-Hop / Rap / R&B,Hook / Riff,1996
Come See Me,Mr. Cheeks,Hip-Hop / Rap / R&B,Hook / Riff,1996
Tryin' to Stop Ya,Taalam,Hip-Hop / Rap / R&B,Drums,1992
Side A,Butchwax,Hip-Hop / Rap / R&B,Multiple Elements,1999
Words of an Attitude,Sons of Soul,Hip-Hop / Rap / R&B,Sound Effect / Other,1991
River Niger,Gappa G & Hyper Hypa,Electronic / Dance,Drums,1994
The Barrington,Unknown Artist (Ruff Kut!),Electronic / Dance,Drums,1992
This Is How We Swing,Natives of the New World,Hip-Hop / Rap / R&B,Drums,1992
My Brother's Keeper,PMC (2),Hip-Hop / Rap / R&B,Hook / Riff,1998
My Brother's Keeper,Brown Bomber,Hip-Hop / Rap / R&B,Hook / Riff,1998
My Brother's Keeper,Money Mogul,Hip-Hop / Rap / R&B,Hook / Riff,1998
My Brother's Keeper,S.U.N.,Hip-Hop / Rap / R&B,Hook / Riff,1998
Hop Off the Bandwagon,Da Grip,Hip-Hop / Rap / R&B,Multiple Elements,1993
Stunning With a Mic,2 Shades of Black,Hip-Hop / Rap / R&B,Drums,1993
Course of Action,Scratch Perverts,Other,Multiple Elements,1998
Running So Hard,Sophia,Electronic / Dance,Sound Effect / Other,1992
Runnin Amok,Def Wish Cast,Hip-Hop / Rap / R&B,Sound Effect / Other,1993
Looking for Busta,X-Cess,Hip-Hop / Rap / R&B,Hook / Riff,1993
Affect,Asymmetric,Electronic / Dance,Drums,2017
Retaliation,F.E.W.D.,Hip-Hop / Rap / R&B,Drums,1993
Two Bad Brovas,Bashton the Invizabul Mang,Hip-Hop / Rap / R&B,Sound Effect / Other,1997
La Vida De Una Estrella,Gerardo,Hip-Hop / Rap / R&B,Sound Effect / Other,1994
Double J'z Tantrum,Double J,Hip-Hop / Rap / R&B,Hook / Riff,1991
Don't Do It,RJ (Jungle Producer),Electronic / Dance,Drums,1993
Killer Shark (Radio Edit),Hithard,Hip-Hop / Rap / R&B,Multiple Elements,1997
You Can't Handle the Format,First Degree the D.E.,Hip-Hop / Rap / R&B,Sound Effect / Other,1992
Faithful,II Close,Hip-Hop / Rap / R&B,Sound Effect / Other,1993
King of the Beats,Dan the Automator,Hip-Hop / Rap / R&B,Multiple Elements,1990
King of the Beats,MC Twan,Hip-Hop / Rap / R&B,Multiple Elements,1990
The Jack That House Clubbed,Jack 'N' Chill,Electronic / Dance,Hook / Riff,1988
Chance to Advance,Neighbourhood Threat,Hip-Hop / Rap / R&B,Drums,2014
Money Spent,Da Homlez,Hip-Hop / Rap / R&B,Drums,1995
Tha Destroya,MC Mac Vell,Hip-Hop / Rap / R&B,Multiple Elements,1992
Believe In,Ironik (Breakbeat),Electronic / Dance,Multiple Elements,1993
Alias Crazy Rak,Too Short,Hip-Hop / Rap / R&B,Hook / Riff,1989
Only the Strong Survive,Kurtis Blow,Hip-Hop / Rap / R&B,Hook / Riff,1988
It's a Bud Thing,Smiley,Hip-Hop / Rap / R&B,Drums,1992
Santa's Beat Box,Cutmaster D.C.,Hip-Hop / Rap / R&B,Sound Effect / Other,1986
Endstation Abschiebehaft,Anarchist Academy,Hip-Hop / Rap / R&B,Drums,1998
Black Is the Light,B.L.A.C.K.,Hip-Hop / Rap / R&B,Multiple Elements,1992
Smoke Up My Ass,Milk Dee,Hip-Hop / Rap / R&B,Hook / Riff,1994
Sac's Maniac,The Crisis,Hip-Hop / Rap / R&B,Hook / Riff,1994
Bikes & Cars,Smoov Lyn,Hip-Hop / Rap / R&B,Hook / Riff,1988
Work It Out (Platinum Vocal Extended),Monie Love,Hip-Hop / Rap / R&B,Drums,1991
Represent,Kaotic Style,Hip-Hop / Rap / R&B,Drums,1995
Echte Liefde,Osdorp Posse,Hip-Hop / Rap / R&B,Drums,1995
90008 Remix,Supherb,Hip-Hop / Rap / R&B,Drums,2000
Power Move,MC Trouble,Hip-Hop / Rap / R&B,Sound Effect / Other,1990
Intro,Comitato,Hip-Hop / Rap / R&B,Drums,1993
Masquerade,Bustin' Melonz,Hip-Hop / Rap / R&B,Drums,1994
5 Boros,Crazy Sam,Hip-Hop / Rap / R&B,Drums,1994
5 Boros,Da Verbal Assassins,Hip-Hop / Rap / R&B,Drums,1994
Topeng,Iwa K,Hip-Hop / Rap / R&B,Drums,1994
The Tease,Smiley,Hip-Hop / Rap / R&B,Drums,1991
The Coming,The First Sons,Hip-Hop / Rap / R&B,Drums,1992
It's the Ex,Tony Scott,Hip-Hop / Rap / R&B,Hook / Riff,1993
Intoxicated,Greyson & Jasun,Hip-Hop / Rap / R&B,Hook / Riff,1991
I'm Not a Criminal,Maximum Security,Hip-Hop / Rap / R&B,Hook / Riff,1990
Don't Forget Where You Come From,Black Dynasty,Hip-Hop / Rap / R&B,Hook / Riff,1993
Daddy's Dance,Benny B,Hip-Hop / Rap / R&B,Sound Effect / Other,1992
Keep It Goin',True Culture,Hip-Hop / Rap / R&B,Multiple Elements,1991
Timecode Jungle (Jungle Juice Mix),2 Ruff (Dance),Electronic / Dance,Hook / Riff,1990
Surrender Your Heart,Linear,Rock / Pop,Sound Effect / Other,1992
My Life Story,MC Price and DJ Double Trouble,Hip-Hop / Rap / R&B,Hook / Riff,1991
Nerf Herder,Luke Vibert,Electronic / Dance,Drums,2014
You Know the Rules,Dangerous Dame,Hip-Hop / Rap / R&B,Drums,1992
Unsung Heroes of Hip Hop,Subsonic 2,Hip-Hop / Rap / R&B,Multiple Elements,1991
I'm on It (The Original Basement Jam),The Original MC Fresh,Hip-Hop / Rap / R&B,Hook / Riff,1989
Dope Material,Dose Material,Hip-Hop / Rap / R&B,Multiple Elements,1988
Break It Down,Jackstreet Inc.,Electronic / Dance,Sound Effect / Other,1989
Power of Rhyme,Kid Sensation,Hip-Hop / Rap / R&B,Hook / Riff,1992
Shade Tree Gangsta,Raheem,Hip-Hop / Rap / R&B,Drums,1992
Beatin Down KRS,Butchy-B,Hip-Hop / Rap / R&B,Sound Effect / Other,1988
Ruff in the Comfort Zone,DJ Massive,Electronic / Dance,Drums,1992
133.6,The Ace of Clubs,Electronic / Dance,Drums,2002
Sudden Impact,Construction,Hip-Hop / Rap / R&B,Sound Effect / Other,1990
Father to M.C.'s,L.A. Posse,Hip-Hop / Rap / R&B,Hook / Riff,1991
I Owt,Shades of Culture,Hip-Hop / Rap / R&B,Drums,1993
Killer B,Katch 22,Hip-Hop / Rap / R&B,Drums,1993
Meaning (The Amalgamation of Soundz Rework),Richard Davis,Electronic / Dance,Multiple Elements,2003
More Things Than One,Lonnie O,Hip-Hop / Rap / R&B,Drums,1992
Notorious,The First Sons,Hip-Hop / Rap / R&B,Hook / Riff,1992
Dance to the Rhythm,Dr. X,Hip-Hop / Rap / R&B,Sound Effect / Other,1990
Suckaz Tri 2 Play Me,Smokin Suckaz Wit Logic,Hip-Hop / Rap / R&B,Hook / Riff,1993
Sounds Off,Maestro (2),Hip-Hop / Rap / R&B,Hook / Riff,1986
Three Bells,Bombalurina,Rock / Pop,Drums,1990
I'll Be Forever Your Man,Oh Well,Rock / Pop,Sound Effect / Other,1990
The Waxos VS. DJ Furrypile,Waxolutionists,Hip-Hop / Rap / R&B,Sound Effect / Other,1999
The Waxos VS. DJ Furrypile,DJ Furrypile,Hip-Hop / Rap / R&B,Sound Effect / Other,1999
They Never Heard It Like This,The Aimighty M.C.'s,Hip-Hop / Rap / R&B,Multiple Elements,1989
Speed It Up a Little Faster,Zee Rocks the Copy,Hip-Hop / Rap / R&B,Multiple Elements,1989
Hip Hop Holiday,3 the Hard Way,Hip-Hop / Rap / R&B,Sound Effect / Other,1994
Hip Hop Holiday,Bobbylon,Hip-Hop / Rap / R&B,Sound Effect / Other,1994
El Paré,El General,Hip-Hop / Rap / R&B,Sound Effect / Other,1991
Neighborhood Tramp,Dooley-O,Hip-Hop / Rap / R&B,Multiple Elements,2003
If It Ain't a Caddy (It Ain't a Car),Double J,Hip-Hop / Rap / R&B,Multiple Elements,1991
Your My Opponent,MC Sergio,Hip-Hop / Rap / R&B,Sound Effect / Other,1989
Don't It Make You Feel Good,Stefan Dennis,Rock / Pop,Multiple Elements,1988
Terminators,Steve Wetherill,Soundtrack / Library,Multiple Elements,1990
Etwas Ist Faul,DCS,Hip-Hop / Rap / R&B,Drums,1993
Ainsi Va La Vie,Mellowman,Hip-Hop / Rap / R&B,Sound Effect / Other,1995
All or Nothing (The U.S. Mega Mix),Milli Vanilli,Electronic / Dance,Sound Effect / Other,1989
Enforcer Brittanica,C418,Electronic / Dance,Drums,2012
Funky Man (You Better Run),R+R,Electronic / Dance,Multiple Elements,1988
Justice (Just Us) (The Mase Remix),Ruthless Rap Assassins,Hip-Hop / Rap / R&B,Drums,1991
Rima Cibo Per La Mente,Otierre,Hip-Hop / Rap / R&B,Hook / Riff,1992
Streetwise,MC Miker G,Hip-Hop / Rap / R&B,Drums,1990
This Is a Recording,Gee Rock & Tha C.N.D. Coalition,Hip-Hop / Rap / R&B,Hook / Riff,1993
Boogie Back,The Scam,Hip-Hop / Rap / R&B,Multiple Elements,1988
Two Mo Minnis,Royal Flush (Rap Group),Hip-Hop / Rap / R&B,Hook / Riff,1988
Pump Ya Fist,MC Brains,Hip-Hop / Rap / R&B,Sound Effect / Other,1992
Pure Melanin,Defiant Giants,Hip-Hop / Rap / R&B,Multiple Elements,1991
Def Joun,Tuff Crew,Hip-Hop / Rap / R&B,Hook / Riff,1987
Sandee,J.V.C. F.O.R.C.E.,Hip-Hop / Rap / R&B,Sound Effect / Other,1990
More Beats and Pieces (DJ Lord Fader Turntable Mix),Coldcut,Hip-Hop / Rap / R&B,Sound Effect / Other,1998
Once Upon a Time,IAM,Hip-Hop / Rap / R&B,Hook / Riff,2019
The Chase,Royal House,Electronic / Dance,Drums,1988
The Breaks According to DJ Slick D,Rhythm Mode:D,Hip-Hop / Rap / R&B,Drums,1989
Zwart-Wit,Osdorp Posse,Hip-Hop / Rap / R&B,Drums,1992
"Blame It on Tha ""Bounce""",PxMxWx,Hip-Hop / Rap / R&B,Sound Effect / Other,1994
Hit Em in Da Head,Ali Dee,Hip-Hop / Rap / R&B,Drums,1993
Rockit 2.002 (Full Length Version),Herbie Hancock,Hip-Hop / Rap / R&B,Sound Effect / Other,2002
Gangsta Story,E-Play Smooth,Hip-Hop / Rap / R&B,Drums,1992
Hi Lo Cut,Loose J and the Master of Wax,Hip-Hop / Rap / R&B,Multiple Elements,1988
I'm Blowin' Up,Kool Moe Dee,Hip-Hop / Rap / R&B,Hook / Riff,1989
War of the Race,Underground Source,Hip-Hop / Rap / R&B,Drums,1990
Itchy Vinyl Session Part II: Babylon 5,DJ JS-One,Hip-Hop / Rap / R&B,Sound Effect / Other,1997
Itchy Vinyl Session Part II: Babylon 5,DJ Spinbad,Hip-Hop / Rap / R&B,Sound Effect / Other,1997
Get Bizzy,Greyson & Jasun,Hip-Hop / Rap / R&B,Sound Effect / Other,1991
Classic Rock,Kid Rock,Hip-Hop / Rap / R&B,Hook / Riff,1996
You Can't Jam,True Love,Hip-Hop / Rap / R&B,Hook / Riff,1988
Impressive Depressive,DV3,Hip-Hop / Rap / R&B,Hook / Riff,1986
Have You Got Any More Spam (No Don't Yam Pork Remix),Nick OD,Electronic / Dance,Multiple Elements,1992
Amadeus,N-Trance,Electronic / Dance,Drums,1997
Censuur,Osdorp Posse,Hip-Hop / Rap / R&B,Drums,1992
Potion (U Jane Mix),Down Low,Hip-Hop / Rap / R&B,Drums,1996
Funky Swim,Pio Bo,Electronic / Dance,Drums,1993
The Uzteks,Steve Wetherill,Soundtrack / Library,Sound Effect / Other,1990
Daddy's Beats & Scratch Effects,DJ Daddy K,Hip-Hop / Rap / R&B,Hook / Riff,1991
Soaking,Day Squad,Hip-Hop / Rap / R&B,Hook / Riff,1988
Respect,S.F.C.,Hip-Hop / Rap / R&B,Drums,1994
Welfare News,Sir Ham,Hip-Hop / Rap / R&B,Sound Effect / Other,1990
Battle Breaks 82 - 84 (Side A),DJ Dee Nasty,Hip-Hop / Rap / R&B,Drums,2001
Soaking,D. Day Squad,Hip-Hop / Rap / R&B,Hook / Riff,1988
Running on Sunshine,Jesus Jackson,Electronic / Dance,Drums,2006
Mega Mix V,2 Live Crew,Hip-Hop / Rap / R&B,Sound Effect / Other,1991
Dollar Dreams,DJ Jubilee,Hip-Hop / Rap / R&B,Multiple Elements,1998
Dollar Dreams,Bigg Ramp,Hip-Hop / Rap / R&B,Multiple Elements,1998
Super Bass,Smokey Dee,Hip-Hop / Rap / R&B,Hook / Riff,1987
Super Bass,Grandmaster Love,Hip-Hop / Rap / R&B,Hook / Riff,1987
A-ha,Nona Reeves,Rock / Pop,Hook / Riff,2009
Strictly for Business,Finesse & Synquis,Hip-Hop / Rap / R&B,Sound Effect / Other,1988
And I'm Ron C,Ron C,Hip-Hop / Rap / R&B,Drums,1992
Here We Go Again,King Bee,Hip-Hop / Rap / R&B,Multiple Elements,1993
Kick Out the James,Floormaster Squeeze,Electronic / Dance,Hook / Riff,1988
Go for Your Guns,Kool G Rap & DJ Polo,Hip-Hop / Rap / R&B,Drums,1992
Welcome to the Yard,Off Tha Corna,Hip-Hop / Rap / R&B,Drums,1992
Hard as Hell (Vocal),Chillin Dré,Hip-Hop / Rap / R&B,Sound Effect / Other,1987
Road to My Riches (Live),Vanilla Ice,Hip-Hop / Rap / R&B,Drums,1991
Chilled,DJ Shadow,Hip-Hop / Rap / R&B,Hook / Riff,2008
Chilled,Cut Chemist,Hip-Hop / Rap / R&B,Hook / Riff,2008
Hit Me,DJ KJ & MC Kooley C,Hip-Hop / Rap / R&B,Sound Effect / Other,1988
Gimmie What Cha Got,FM (2),Hip-Hop / Rap / R&B,Hook / Riff,1992
900 Anthem,YZ,Hip-Hop / Rap / R&B,Hook / Riff,1994
They Shoulda Killed Me,Brokin English Klik,Hip-Hop / Rap / R&B,Drums,1993
Roc Steady,MC Lõc,Hip-Hop / Rap / R&B,Drums,1994
Final Chapter,Compton's Most Wanted,Hip-Hop / Rap / R&B,Drums,1990
Cartoons,Da Youngsta's,Hip-Hop / Rap / R&B,Hook / Riff,1992
I Like My Beats Hard,Mad Doctor X,Electronic / Dance,Drums,1996
Great Five Lakes,Buffalo Daughter,Rock / Pop,Hook / Riff,1998
Wait Till I Get Home,C-Note (2),Rock / Pop,Sound Effect / Other,1999
Infinite Potential,Luke Vibert,Electronic / Dance,Drums,2007
Love Struck,Tony! Toni! Toné!,Hip-Hop / Rap / R&B,Hook / Riff,1988
Get Funky Everybody,True Mathematics,Hip-Hop / Rap / R&B,Hook / Riff,1988
Blow My Sox Off,King Tee,Hip-Hop / Rap / R&B,Hook / Riff,1993
Chain (Follow Up 30 Mix),Back-On,Soundtrack / Library,Sound Effect / Other,2007
Do You Speak Martien? (Lunatic Mix),DJ Daddy K,Hip-Hop / Rap / R&B,Hook / Riff,1991
Passion,Purple Penguin,Electronic / Dance,Drums,1996
Now My Day Begins,Overlord X,Hip-Hop / Rap / R&B,Drums,1989
Autobacs,Buffalo Daughter,Rock / Pop,Hook / Riff,1998
High in the Jungle,The Core (Breakbeat Hardcore),Electronic / Dance,Sound Effect / Other,1993
Gotta Groove,Dynamo Productions,Electronic / Dance,Sound Effect / Other,2002
Ain't No Stoppin' the Funky Bunch,Marky Mark and the Funky Bunch,Hip-Hop / Rap / R&B,Sound Effect / Other,1991
Breaktionary Vol.3 Side A,DJ Q-Bert,Soul / Funk / Disco,Multiple Elements,2006
Run,Plug,Electronic / Dance,Drums,2012
Growin' Up in the Hood (Big O.G. Hood Funky Beat Remix),Compton's Most Wanted,Hip-Hop / Rap / R&B,Drums,1991
Boops (Instrumental),Sly & Robbie,Electronic / Dance,Hook / Riff,1987
Top Choice,Awesome Dré,Hip-Hop / Rap / R&B,Sound Effect / Other,1989
Pharoah of the Kayo,Labtekwon,Hip-Hop / Rap / R&B,Drums,1993
Timbre,The Woodzmen,Hip-Hop / Rap / R&B,Drums,1992
"Snap, Crackle, Pop",L'Trimm,Hip-Hop / Rap / R&B,Sound Effect / Other,1991
Last Christmas,Rap Allstars,Hip-Hop / Rap / R&B,Hook / Riff,1998
Last Christmas,Leroy Daniels,Hip-Hop / Rap / R&B,Hook / Riff,1998
So Damn Fresh,DJ Zinc,Electronic / Dance,Drums,1995
Volte / Face (Volte / Flow),Disiz La Peste,Hip-Hop / Rap / R&B,Sound Effect / Other,2001
Give It a Rest,She Rockers,Hip-Hop / Rap / R&B,Drums,1988
Hit List,Rodney O and Joe Cooley,Hip-Hop / Rap / R&B,Sound Effect / Other,1991
Brother Brother Brother,Peanut Butter Wolf,Hip-Hop / Rap / R&B,Drums,2009
Cool With Nature,Carlton,Electronic / Dance,Hook / Riff,1990
なんもやる気しねぇ,Rhymester,Hip-Hop / Rap / R&B,Drums,1993
Let Us Entertain You,Bambi,Hip-Hop / Rap / R&B,Hook / Riff,1987
Let Us Entertain You,Mr. Freeze,Hip-Hop / Rap / R&B,Hook / Riff,1987
Kick the Flavor,Rapmaster Rob,Hip-Hop / Rap / R&B,Drums,1993
Bring the Rock,The New Style,Hip-Hop / Rap / R&B,Hook / Riff,1989
Make It Funky!,The Scam,Hip-Hop / Rap / R&B,Sound Effect / Other,1988
Black Is the Word,Cookie Crew,Hip-Hop / Rap / R&B,Drums,1989
Riddim,Plug,Electronic / Dance,Hook / Riff,2006
Shamalama,King Doe-V,Hip-Hop / Rap / R&B,Hook / Riff,1987
Title Screen (Jordan vs. Bird),Rob Hubbard,Electronic / Dance,Sound Effect / Other,1988
Yvonne and Corry,The Microphone Prince,Hip-Hop / Rap / R&B,Hook / Riff,1986
Yvonne and Corry,Count Busy D,Hip-Hop / Rap / R&B,Hook / Riff,1986
Atmosfear,Mix Master Mike,Hip-Hop / Rap / R&B,Multiple Elements,1998
This Is How It Should Be Done,Von Love,Hip-Hop / Rap / R&B,Sound Effect / Other,1988
The Finest Ingredients,Norman Cook,Hip-Hop / Rap / R&B,Hook / Riff,1986
Catch the Flava (Hip Hop Version),Larry Larr,Hip-Hop / Rap / R&B,Drums,1992
Catch the Flava (Hip Hop Version),Kid Funkie,Hip-Hop / Rap / R&B,Drums,1992
3 Poets on a Mission,Donald D,Hip-Hop / Rap / R&B,Sound Effect / Other,1991
Turntable Trix One,Turntable Trix One,Hip-Hop / Rap / R&B,Sound Effect / Other,1988
Clap Your Hands,Overlord X,Hip-Hop / Rap / R&B,Drums,1989
Mockingbird,Yomo & Maulkie,Hip-Hop / Rap / R&B,Sound Effect / Other,1991
Superbad,Top Dogz,Soul / Funk / Disco,Sound Effect / Other,2011
Cannan Land,DJ Ron,Electronic / Dance,Drums,1994
Sexy,Masters of Ceremony,Hip-Hop / Rap / R&B,Multiple Elements,1988
A'Cappella/Stylesondeck,Volume 10,Hip-Hop / Rap / R&B,Multiple Elements,1994
When It Breaks,Grandwizzard Johnny'O,Hip-Hop / Rap / R&B,Hook / Riff,1988
When It Breaks,The Mighty Sorcerer Crew,Hip-Hop / Rap / R&B,Hook / Riff,1988
So Damn Tuff,Trinity Garden Cartel,Hip-Hop / Rap / R&B,Hook / Riff,1992
Début D'Une Sale Histoire,Destroy Man,Hip-Hop / Rap / R&B,Drums,1992
Speedy Life,Tommy Kerisch,Electronic / Dance,Sound Effect / Other,1985
Ghetto State of Mind,Circle of Power,Hip-Hop / Rap / R&B,Drums,1993
Dub Soup,Noodles & Wonder,Electronic / Dance,Drums,1994
Make It Funky Now,Richie Rich,Hip-Hop / Rap / R&B,Sound Effect / Other,1989
Funky Swing,D.A.M.N.,Hip-Hop / Rap / R&B,Drums,1991
Black Christ,Bakers of the Holy Bread,Hip-Hop / Rap / R&B,Drums,1995
Black Christ,Field Nigga Soup,Hip-Hop / Rap / R&B,Drums,1995
Scud Beats,Chaos & Julia Set,Electronic / Dance,Drums,1993
Takin-Charge,Black Pearl Productions,Hip-Hop / Rap / R&B,Sound Effect / Other,1990
Turntable Mix (Flash Tears the Roof Off),Grandmaster Flash,Hip-Hop / Rap / R&B,Drums,2002
Come Now,Luke Vibert,Electronic / Dance,Drums,2020
Oolioo (West Farm Version),The Hoodz,Hip-Hop / Rap / R&B,Drums,1994
Feel My Power,MC Hammer,Hip-Hop / Rap / R&B,Sound Effect / Other,1991
Seminar 90,Barsha,Hip-Hop / Rap / R&B,Drums,1990
Nightmare on Chill Street,MC Chill,Hip-Hop / Rap / R&B,Hook / Riff,1987
Nightmare on Chill Street,Vikki Love,Hip-Hop / Rap / R&B,Hook / Riff,1987
Come Alive,Baaad Influence,Hip-Hop / Rap / R&B,Drums,1995
Boo Is Booming,Betty Boo,Electronic / Dance,Drums,1990
Do You Know What I'm Saying,Partner in Crime,Hip-Hop / Rap / R&B,Multiple Elements,1988
Do You Know What I'm Saying,Easy L.G.,Hip-Hop / Rap / R&B,Multiple Elements,1988
Soudain Il Ne Reste Qu'Une Chanson,Kova Rea,Hip-Hop / Rap / R&B,Hook / Riff,1990
Conspiracy,South Central Cartel,Hip-Hop / Rap / R&B,Hook / Riff,1991
Hard to the Body,Point Blank MC's,Hip-Hop / Rap / R&B,Hook / Riff,1987
Beaver Patrol,Pop Will Eat Itself,Rock / Pop,Hook / Riff,1987
Fly Guys Are Fresh (R&B Version),Royalty Ladies,Hip-Hop / Rap / R&B,Sound Effect / Other,1986
That's the Flavor,Busy Boys,Hip-Hop / Rap / R&B,Sound Effect / Other,1988
Criminal Behavior,The Hard Boys,Hip-Hop / Rap / R&B,Sound Effect / Other,1991
Tired,Everlast,Hip-Hop / Rap / R&B,Hook / Riff,1998
Everything Counts,Meat Beat Manifesto,Electronic / Dance,Drums,1998
She's Mine,Basic Black,Hip-Hop / Rap / R&B,Hook / Riff,1990
Kick the Ballistics,O.G. Style (Group),Hip-Hop / Rap / R&B,Hook / Riff,1991
Up the Par,Dom.I.No,Hip-Hop / Rap / R&B,Drums,1990
Como Va N.Y.?,Jazzy Mel,Hip-Hop / Rap / R&B,Sound Effect / Other,1991
Bluez,Hifana,Hip-Hop / Rap / R&B,Sound Effect / Other,2003
Bluez,Hunger,Hip-Hop / Rap / R&B,Sound Effect / Other,2003
Because I'm a Pro,M.D.S. Production,Hip-Hop / Rap / R&B,Sound Effect / Other,1988
2 Minutes Encore,Seville,Hip-Hop / Rap / R&B,Multiple Elements,1987
2 Minutes Encore,Jazzy Jay,Hip-Hop / Rap / R&B,Multiple Elements,1987
2 Minutes Encore,King Shameek,Hip-Hop / Rap / R&B,Multiple Elements,1987
Broadway,Duke Bootee,Hip-Hop / Rap / R&B,Hook / Riff,1986
Baknaffek (Solid Scheme Funk Mix),Das EFX,Hip-Hop / Rap / R&B,Sound Effect / Other,1993
Body Blow,Seiko Ito,Hip-Hop / Rap / R&B,Multiple Elements,1987
Pee Wee's Dance (Quest for Guess),The Doctors of Rapp,Hip-Hop / Rap / R&B,Multiple Elements,1986
Pee Wee's Dance (Quest for Guess),"Big ""Human Beat Box"" Bang",Hip-Hop / Rap / R&B,Multiple Elements,1986
I'm Back,Super Lover Cee & Casanova Rud,Hip-Hop / Rap / R&B,Sound Effect / Other,1988
Howie's Teed Off,The Real Roxanne,Hip-Hop / Rap / R&B,Hook / Riff,1986
Howie's Teed Off,Howie Tee,Hip-Hop / Rap / R&B,Hook / Riff,1986
Far From the Average,Da Dysfunkshunal Familee,Hip-Hop / Rap / R&B,Sound Effect / Other,2009
Party Jump,Double Delight,Hip-Hop / Rap / R&B,Hook / Riff,1985
Party Jump,DJ Slice Nice,Hip-Hop / Rap / R&B,Hook / Riff,1985
Depend on Myself,TLC,Hip-Hop / Rap / R&B,Drums,1992
Untitled (Side B),DJ Fokus,Electronic / Dance,Drums,1994
Hammerhart,Absolute Beginner,Hip-Hop / Rap / R&B,Drums,1998
Hard Wit No Hoe,KMD,Hip-Hop / Rap / R&B,Hook / Riff,1991
Lisa Baby (Hip Hop Fat Mix),Father MC,Hip-Hop / Rap / R&B,Drums,1991
Scratch 22 (Jay-Rock's Theme),Freestylers,Hip-Hop / Rap / R&B,Sound Effect / Other,1998
Faces of Death,Frankie Cutlass,Hip-Hop / Rap / R&B,Drums,1993
Faces of Death,Evil Twins,Hip-Hop / Rap / R&B,Drums,1993
1/4-2-12,Symphonic Evolution,Hip-Hop / Rap / R&B,Hook / Riff,1988
Hip Hop It Is a Kinda Different,Tone Loc,Hip-Hop / Rap / R&B,Sound Effect / Other,1991
You Know My Steez (K. Gee Street Mix),Gang Starr,Hip-Hop / Rap / R&B,Hook / Riff,1998
Track 9,DJ Q-Bert,Hip-Hop / Rap / R&B,Multiple Elements,1994
V.I.P.'s Only,Maestro Fresh Wes,Hip-Hop / Rap / R&B,Drums,1991
Napsack,Shyheim,Hip-Hop / Rap / R&B,Drums,1994
Search and Destroy,Front Line Assembly,Electronic / Dance,Drums,1994
Master Buster,Heigo Tani,Soundtrack / Library,Sound Effect / Other,2006
You Gotta Believe (Remix),Marky Mark and the Funky Bunch,Hip-Hop / Rap / R&B,Sound Effect / Other,1992
You Lose,Caddillac Tah,Hip-Hop / Rap / R&B,Sound Effect / Other,2001
The Forgotten,Kryptic Minds & Leon Switch,Electronic / Dance,Drums,2007
Loser,Morphadron,Soundtrack / Library,Drums,2000
Cat Brain Land,Melt-Banana,Rock / Pop,Sound Effect / Other,2007
Strictly Hip-Hop,Soul Survivors (Hip Hop),Hip-Hop / Rap / R&B,Sound Effect / Other,1997
Good Love,Klymaxx,Electronic / Dance,Multiple Elements,1990
Sympin,Boyz II Men,Hip-Hop / Rap / R&B,Hook / Riff,1991
Aneurysms,Mr. Dibbs,Hip-Hop / Rap / R&B,Hook / Riff,1998
All That,MC Lyte,Hip-Hop / Rap / R&B,Multiple Elements,1991
Citizens on Patrol,Michael Winslow,Hip-Hop / Rap / R&B,Sound Effect / Other,1987
Citizens on Patrol,L.A. Dream Team,Hip-Hop / Rap / R&B,Sound Effect / Other,1987
Did You Come to Party?,Spoonie Gee,Hip-Hop / Rap / R&B,Hook / Riff,1987
Nothing Is Impossible,Cash Crew,Hip-Hop / Rap / R&B,Drums,1996
Tracks 2-25,Norman Cook,Other,Drums,1992
Not Hummin' but Vibin',Masao Mase,Soundtrack / Library,Sound Effect / Other,2006
Nu Sounds,Mystidious Misfitss,Hip-Hop / Rap / R&B,Drums,1995
Le Bouffon,Rumky,Hip-Hop / Rap / R&B,Drums,1990
Set the Shit Straight,Da Lench Mob,Hip-Hop / Rap / R&B,Sound Effect / Other,1994
Rock'N'Roll,Destroy Man,Hip-Hop / Rap / R&B,Sound Effect / Other,1992
Brooklyn Rocks the Best,Cutmaster D.C.,Hip-Hop / Rap / R&B,Hook / Riff,1986
Payback,Massive Staff,Hip-Hop / Rap / R&B,Drums,1994
Kool Is Back,Paradox,Electronic / Dance,Drums,2002
DJ Is the Selector,Terminator X,Hip-Hop / Rap / R&B,Drums,1991
Hot Rod: Title Theme,Jeroen Tel,Soundtrack / Library,Sound Effect / Other,1990
Don't Be Mad,Pete Rock,Hip-Hop / Rap / R&B,Hook / Riff,2008
Why Me,Groove B Chill,Hip-Hop / Rap / R&B,Sound Effect / Other,1986
Give You What You Want (Give You What You Need),Full Pack,Hip-Hop / Rap / R&B,Hook / Riff,1991
This Beat Is Technotronic (Get on It Club Mix),Technotronic,Electronic / Dance,Sound Effect / Other,1990
Sum Dum Munkey,Fu-Schnickens,Hip-Hop / Rap / R&B,Drums,1994
AJ Meets Davy DMX,Kurtis Blow,Hip-Hop / Rap / R&B,Multiple Elements,1985
Scream,Rappinstine,Hip-Hop / Rap / R&B,Hook / Riff,1987
Bitch-Ass Nigga,Mobb Deep,Hip-Hop / Rap / R&B,Drums,1993
"Jump, Spread Out (Original TNT Mix)",Jamalski,Hip-Hop / Rap / R&B,Hook / Riff,1994
Take Um Out,Kris Kross,Hip-Hop / Rap / R&B,Multiple Elements,1993
Playground,Another Bad Creation,Hip-Hop / Rap / R&B,Drums,1991
Bald Headed Hoes,Willie D,Hip-Hop / Rap / R&B,Sound Effect / Other,1989
Do It Now,Marc Smith,Electronic / Dance,Sound Effect / Other,1993
Do It Now,Scott Brown,Electronic / Dance,Sound Effect / Other,1993
Fiji,Yoshie Arakawa,Soundtrack / Library,Sound Effect / Other,1994
'Cause That's the Way You're Livin' When You're in Living Color,Heavy D & the Boyz,Hip-Hop / Rap / R&B,Sound Effect / Other,1991
Off the Top of My Head,Biz Markie,Hip-Hop / Rap / R&B,Multiple Elements,1990
Skill Trade,Nice & Smooth,Hip-Hop / Rap / R&B,Sound Effect / Other,1989
Just Call Us Def,Steady B,Hip-Hop / Rap / R&B,Hook / Riff,1985
Intro,Suprême NTM,Hip-Hop / Rap / R&B,Drums,1993
Cause I'm Keefy Keef,Keefy Keef,Hip-Hop / Rap / R&B,Drums,1992
Show Me Your Spine,PTP,Electronic / Dance,Sound Effect / Other,1987
With You,Fibre,Soul / Funk / Disco,Drums,2014
Biz's Beat of the Day #1,Biz Markie,Hip-Hop / Rap / R&B,Hook / Riff,2009
Lovin' Machine,The Jon Spencer Blues Explosion,Rock / Pop,Sound Effect / Other,1998
She's With Someone,Chubb Rock,Hip-Hop / Rap / R&B,Drums,1989
She's With Someone,Howie Tee,Hip-Hop / Rap / R&B,Drums,1989
Takin' It to the Top,DJ Jazzy Jeff & the Fresh Prince,Hip-Hop / Rap / R&B,Hook / Riff,1987
Suzzzzzy,Plus-Tech Squeeze Box,Electronic / Dance,Sound Effect / Other,2004
Perfect Dreams,DJ Force & the Evolution,Electronic / Dance,Drums,1993
Downtown,The Justified Ancients of Mu Mu,Electronic / Dance,Multiple Elements,1989
Sit Back Relax (Vocal Mix),The Professionals (Hip-Hop 2),Hip-Hop / Rap / R&B,Sound Effect / Other,1997
Boy Who Cried Wolf,KMD,Hip-Hop / Rap / R&B,Drums,1991
Slipped Disc,Luke Vibert,Electronic / Dance,Drums,1998
Mexican Power,Proper Dos,Hip-Hop / Rap / R&B,Multiple Elements,1992
Actin' Up,EPMD,Hip-Hop / Rap / R&B,Drums,2008
Actin' Up,Vic D,Hip-Hop / Rap / R&B,Drums,2008
Actin' Up,Tre,Hip-Hop / Rap / R&B,Drums,2008
Who's Afraid of the Big Bad Wolf,LL Cool J,Hip-Hop / Rap / R&B,Sound Effect / Other,1991
As the Rhyme Goes On,P.I.G.,Hip-Hop / Rap / R&B,Hook / Riff,2014
All Hail the King,DJ Muggs,Hip-Hop / Rap / R&B,Drums,2008
All Hail the King,Planet Asia,Hip-Hop / Rap / R&B,Drums,2008
11:55 (Bee Boys Club),Hardhouse,Electronic / Dance,Drums,1988
(Nothing Serious) Just Buggin' (Minimix),Whistle,Hip-Hop / Rap / R&B,Hook / Riff,1986
B-Boy Rhyme and Riddle,Schoolly D,Hip-Hop / Rap / R&B,Hook / Riff,1986
Bulletproof,Aquasky,Electronic / Dance,Sound Effect / Other,1999
Disturbance,Hyper on Experience,Electronic / Dance,Drums,1993
Lovin' Every Minute of It (The Cyclone Ride),Doug E. Fresh,Hip-Hop / Rap / R&B,Hook / Riff,1986
Lovin' Every Minute of It (The Cyclone Ride),The Get Fresh Crew,Hip-Hop / Rap / R&B,Hook / Riff,1986
The Manipulator (Dub Version),Mixmaster Gee and the Turntable Orchestra,Hip-Hop / Rap / R&B,Multiple Elements,1986
Classical,Busy Boys,Hip-Hop / Rap / R&B,Hook / Riff,1988
Cheesy (Gigolo Mix),Plug,Electronic / Dance,Drums,1995
Compton 4 Life,Compton's Most Wanted,Hip-Hop / Rap / R&B,Drums,1992
Baby Be Mine,Blackstreet,Hip-Hop / Rap / R&B,Hook / Riff,1993
Baby Be Mine,Teddy Riley,Hip-Hop / Rap / R&B,Hook / Riff,1993
Suckas Don't Respect It,Rasco,Hip-Hop / Rap / R&B,Drums,1998
Title Screen (Out Run Europa),Jeroen Tel,Electronic / Dance,Sound Effect / Other,1991
7700 Years to Date,El-P,Hip-Hop / Rap / R&B,Sound Effect / Other,2004
Beats & Pieces,Coldcut,Electronic / Dance,Hook / Riff,1987
What the Party Needs,Point Blank MC's,Hip-Hop / Rap / R&B,Hook / Riff,1986
Pauze 2 Da Drama,Main One,Hip-Hop / Rap / R&B,Sound Effect / Other,1995
Bridge of Pain,Public Enemy,Hip-Hop / Rap / R&B,Sound Effect / Other,2007
It's a Shame (Playin' the Game Remix),Kris Kross,Hip-Hop / Rap / R&B,Drums,1996
Faces,Run-DMC,Hip-Hop / Rap / R&B,Sound Effect / Other,1990
Super Mario USA,Ambassadors of Funk,Hip-Hop / Rap / R&B,Hook / Riff,1993
Super Mario USA,MC Mario,Hip-Hop / Rap / R&B,Hook / Riff,1993
Bitch Get a Job,Lil' Bastards,Hip-Hop / Rap / R&B,Drums,1992
Indian Ropeman,Indian Ropeman,Electronic / Dance,Drums,1997
Trunk O' Funk,AMG,Hip-Hop / Rap / R&B,Multiple Elements,1991
5th Ward,Willie D,Hip-Hop / Rap / R&B,Sound Effect / Other,1989
Told You So,Freestylers,Soul / Funk / Disco,Drums,2001
Told You So,Petra,Soul / Funk / Disco,Drums,2001
Sychosymatic,Keith Murray,Hip-Hop / Rap / R&B,Drums,1994
The Final Conflict,MC Duke,Hip-Hop / Rap / R&B,Drums,1991
The Final Conflict,DJ Leader 1,Hip-Hop / Rap / R&B,Drums,1991
SMD#2 (Side A),SMD,Electronic / Dance,Drums,1993
"This Is It, Y'all (Go Stetsa II)",Stetsasonic,Hip-Hop / Rap / R&B,Multiple Elements,1988
Mad Flava,X-Ecutioners,Hip-Hop / Rap / R&B,Sound Effect / Other,1997
Where They At,Juicy J,Hip-Hop / Rap / R&B,Sound Effect / Other,1993
Bill's at the Door,Kid 'N Play,Hip-Hop / Rap / R&B,Hook / Riff,1991
God Made Me Funky,Too Poetic,Hip-Hop / Rap / R&B,Hook / Riff,1989
I Ain't the One,T.C.F. Crew,Hip-Hop / Rap / R&B,Sound Effect / Other,1993
Suckas (Sucka DJ Dis),DJ Babu,Hip-Hop / Rap / R&B,Hook / Riff,1995
Going Off (For the Radio),Black Menace,Hip-Hop / Rap / R&B,Hook / Riff,1992
Burning of the Midnight Lamp,Living Colour,Rock / Pop,Sound Effect / Other,1991
Jealous MC,Ruthless Rap Assassins,Hip-Hop / Rap / R&B,Hook / Riff,1990
E-Rap (Holding It Down),Egyptian Lover,Hip-Hop / Rap / R&B,Multiple Elements,1985
"Swing Blue, Sweat Black",Laquan,Hip-Hop / Rap / R&B,Sound Effect / Other,1990
Doomsday,D 2 Tha S,Hip-Hop / Rap / R&B,Drums,1994
Things We Do,Press #1,Hip-Hop / Rap / R&B,Hook / Riff,1999
I Like It,Original Flavor,Hip-Hop / Rap / R&B,Drums,1992
Pure Kane Nigga,Who Am I?,Hip-Hop / Rap / R&B,Hook / Riff,1991
Double Dare,The 45 King,Hip-Hop / Rap / R&B,Drums,2001
Double Dare,Diamond D,Hip-Hop / Rap / R&B,Drums,2001
Double Dare,K. Terroribul,Hip-Hop / Rap / R&B,Drums,2001
Up Next to Flex,K-Otix,Hip-Hop / Rap / R&B,Drums,1993
Satisfy Kidkut Remix,Guitar Vader,Electronic / Dance,Sound Effect / Other,2003
The RZA Hits Mega Mix,Funkmaster Flex,Hip-Hop / Rap / R&B,Multiple Elements,1999
Freestyle/Brooklyn Zoo/Shimmy Shimmy Ya,Ol' Dirty Bastard,Hip-Hop / Rap / R&B,Multiple Elements,1995
The Mic Is Mine,Kwamé,Hip-Hop / Rap / R&B,Drums,1989
Twisted (Sweat Shop Party Remix),Keith Sweat,Hip-Hop / Rap / R&B,Sound Effect / Other,1996
Twisted (Sweat Shop Party Remix),Pretty Russ,Hip-Hop / Rap / R&B,Sound Effect / Other,1996
Who Can Rock Like This,Fresh Finesse,Hip-Hop / Rap / R&B,Sound Effect / Other,1987
NY/LA Rappers,Bobby Jimmy and the Critters,Hip-Hop / Rap / R&B,Sound Effect / Other,1988
Scratch Monopoly,T La Rock,Hip-Hop / Rap / R&B,Sound Effect / Other,1987
The Tables Are Turnin',CJ Mackintosh,Hip-Hop / Rap / R&B,Hook / Riff,1987
The Tables Are Turnin',Einstein,Hip-Hop / Rap / R&B,Hook / Riff,1987
Intro,The Next Diffusion,Hip-Hop / Rap / R&B,Multiple Elements,1995
Intro,Afrika Bambaataa,Hip-Hop / Rap / R&B,Multiple Elements,1995
Bustin on Fools,N.D.D.,Hip-Hop / Rap / R&B,Sound Effect / Other,1994
Not Just a Fad,J.J. Fad,Hip-Hop / Rap / R&B,Sound Effect / Other,1990
Nayba'Hood Queen,JV,Hip-Hop / Rap / R&B,Sound Effect / Other,1994
Nu Skool,J.V.C. F.O.R.C.E.,Hip-Hop / Rap / R&B,Hook / Riff,1988
King (Remix),Slick Rick,Hip-Hop / Rap / R&B,Sound Effect / Other,1991
Listen Closely,Tam Rock & E.Q.,Hip-Hop / Rap / R&B,Multiple Elements,1992
Let It Go,The Mistress and DJ Madame E,Hip-Hop / Rap / R&B,Hook / Riff,1989
Young Black Male,Hard Knocks,Hip-Hop / Rap / R&B,Hook / Riff,1992
To Each His Own,Da Phlayva,Hip-Hop / Rap / R&B,Drums,1993
Protection,Technical Itch,Electronic / Dance,Drums,1998
Ain't Nobody Better,Yo-Yo,Hip-Hop / Rap / R&B,Drums,1991
Born to Rap,Aaron Dee,Hip-Hop / Rap / R&B,Drums,1988
Born to Rap,C-Nice,Hip-Hop / Rap / R&B,Drums,1988
The Smile Gets Wild,Smiley,Hip-Hop / Rap / R&B,Hook / Riff,1989
Pull Out Your Gatz,The Hoodz,Hip-Hop / Rap / R&B,Drums,1994
Ibu Gets Lyrical,Sir Ibu,Hip-Hop / Rap / R&B,Multiple Elements,1989
Ballad of a Menace (Homicidal Theme Remix),C.P.O.,Hip-Hop / Rap / R&B,Sound Effect / Other,1990
Ballad of a Menace (Homicidal Theme Remix),MC Ren,Hip-Hop / Rap / R&B,Sound Effect / Other,1990
Take the Money An' Gear,Chilly Uptown,Hip-Hop / Rap / R&B,Sound Effect / Other,1991
Summer Wine,Gry,Electronic / Dance,Drums,2000
Summer Wine,F.M Einheit,Electronic / Dance,Drums,2000
I Wanna Sex You Up (Mixx-it),Color Me Badd,Rock / Pop,Sound Effect / Other,1991
Die Hard,Unique (Rapper),Hip-Hop / Rap / R&B,Drums,1989
Full Moon (Fluke Vocals Eclipse),Robert Miles,Electronic / Dance,Drums,1998
Sittin' on a Time Bomb,Flex Wit Da Tiger,Hip-Hop / Rap / R&B,Sound Effect / Other,1993
Brave Lick (Let's Get Down),Plug,Electronic / Dance,Drums,1995
Love Me or Leave Me,The Gyrlz,Hip-Hop / Rap / R&B,Sound Effect / Other,1988
Graffiti Contra,Too Strong,Hip-Hop / Rap / R&B,Drums,1996
Then You Can Joke,First Down,Hip-Hop / Rap / R&B,Multiple Elements,1994
Freak Accident,Nikki D,Hip-Hop / Rap / R&B,Multiple Elements,1991
How I Make Papes,London Posse,Hip-Hop / Rap / R&B,Hook / Riff,1993
Strung Out,Foul Play,Electronic / Dance,Drums,1995
De Nachtmerrie Van Een Terrorist,Osdorp Posse,Hip-Hop / Rap / R&B,Drums,1993
Personal Loser,JCD and the Dawg LB.,Hip-Hop / Rap / R&B,Drums,1992
"Here Today, Gone Tomorrow",Tucole,Hip-Hop / Rap / R&B,Hook / Riff,1995
Ria O Mais Que Puder,Thaide & DJ Hum,Hip-Hop / Rap / R&B,Sound Effect / Other,1990
Real Real Real (The Real Dance Hall Mix),Jesus Jones,Rock / Pop,Drums,1991
So Much Things to Say,Chubb Rock,Hip-Hop / Rap / R&B,Multiple Elements,1992
Turntable Scientist,The Bizzie Boyz,Hip-Hop / Rap / R&B,Hook / Riff,1990
Push the Panic Button!!!,Kwamé,Hip-Hop / Rap / R&B,Multiple Elements,1989
Cut the Barrell Off My Shotgun,Baritone Tiplove,Hip-Hop / Rap / R&B,Drums,1991
Cut the Barrell Off My Shotgun,3/5 of a Man,Hip-Hop / Rap / R&B,Drums,1991
Niña,Loco Mia,Rock / Pop,Sound Effect / Other,1991
Don't Waste My Time,Oh Well,Rock / Pop,Sound Effect / Other,1990
D & Hill,The Beat Boys,Hip-Hop / Rap / R&B,Hook / Riff,1988
D & Hill,The Love Gladiator,Hip-Hop / Rap / R&B,Hook / Riff,1988
Mental (So Pay Attention) Interlude,Another Bad Creation,Hip-Hop / Rap / R&B,Hook / Riff,1991
Those Flags Offend Me (Docta D Session),3:6 Philly,Hip-Hop / Rap / R&B,Drums,1992
Barry D. Next to Cleanliness,Jesus Jones,Rock / Pop,Drums,1990
Rollin Deep... In the Realm of the Purple Diamond (Monday Mix),The Noise of Art,Electronic / Dance,Drums,1993
Take It or Leave It,Sophia,Electronic / Dance,Sound Effect / Other,1992
Kao's II Wiz *7* Dome,Professor Griff,Hip-Hop / Rap / R&B,Drums,1991
Let It Play II,Astound Sound,Hip-Hop / Rap / R&B,Hook / Riff,1989
Keep Your Distance,III Most Wanted,Hip-Hop / Rap / R&B,Multiple Elements,1989
Law Abiding Citizen,Demon Boyz,Hip-Hop / Rap / R&B,Hook / Riff,1992
Babylon Pressure,IG1 Collective,Electronic / Dance,Drums,1993
Last Survivor (BGM 06),CSK Research Institute,Soundtrack / Library,Hook / Riff,1990
Intro (Strait Zooism),Poison Clan,Hip-Hop / Rap / R&B,Hook / Riff,1995
Confonds Pas,Aktivist,Hip-Hop / Rap / R&B,Sound Effect / Other,1998
Hiphopping,Klubbheads,Electronic / Dance,Sound Effect / Other,2001
In Motion (Instrumental),Pete Rock & C.L. Smooth,Hip-Hop / Rap / R&B,Drums,1994
North South East West,Black Sheep,Hip-Hop / Rap / R&B,Drums,1994
20 Pink Floyd,Aphex Twin,Electronic / Dance,Drums,2015
Make It Clear,Diamond District,Hip-Hop / Rap / R&B,Drums,2009
"Rock the Girl, Gee (Every Inch)",Too Nice,Hip-Hop / Rap / R&B,Drums,1989
The Situation,Bell Biv DeVoe,Hip-Hop / Rap / R&B,Drums,1993
It's Hard Being the Kane,Big Daddy Kane,Hip-Hop / Rap / R&B,Multiple Elements,1990
Funky Music,GQ Vocalist,Hip-Hop / Rap / R&B,Hook / Riff,1990
In the House,Fat Boys,Hip-Hop / Rap / R&B,Hook / Riff,1986
Last Stop,DJ Shadow,Electronic / Dance,Drums,1996
It Takes Two (Remix by the Mixbusters),Rob Base & DJ E-Z Rock,Hip-Hop / Rap / R&B,Hook / Riff,1988
Real Mutha for Ya,Cash Money & Marvelous,Hip-Hop / Rap / R&B,Sound Effect / Other,1988
Revolutionary Generation,Public Enemy,Hip-Hop / Rap / R&B,Drums,1990
Live Yor Live,Bomfunk MC's,Electronic / Dance,Drums,2002
Live Yor Live,Max'C,Electronic / Dance,Drums,2002
Knights of the Turntables,The Dynamic Duo,Hip-Hop / Rap / R&B,Sound Effect / Other,1985
Knights of the Turntables,Shaquan,Hip-Hop / Rap / R&B,Sound Effect / Other,1985
Assylum,After Dark,Electronic / Dance,Drums,1991
Acid Organ,Aphex Twin,Electronic / Dance,Drums,2015
I Give Up Nuthin',Compton's Most Wanted,Hip-Hop / Rap / R&B,Drums,1990
Left Side,Kid Koala,Electronic / Dance,Sound Effect / Other,2006
Stop This Crazy Thing,Coldcut,Electronic / Dance,Sound Effect / Other,1989
Stop This Crazy Thing,Junior Reid,Electronic / Dance,Sound Effect / Other,1989
I'm a Villain,Nas,Hip-Hop / Rap / R&B,Hook / Riff,2014
The Sacrifice of Victor,Prince,Rock / Pop,Sound Effect / Other,1992
The Sacrifice of Victor,The New Power Generation,Rock / Pop,Sound Effect / Other,1992
Just a Friendly Game of Baseball (Bonus Version),Main Source,Hip-Hop / Rap / R&B,Sound Effect / Other,1991
Living Condition (Hip Hop Remix),Cutty Ranks,Hip-Hop / Rap / R&B,Hook / Riff,1992
Pass the Gat,Brand Nubian,Hip-Hop / Rap / R&B,Multiple Elements,1992
As the World Turns,Anttex & the Motherfunkin Clik,Hip-Hop / Rap / R&B,Drums,1991
As the World Turns,Havoc,Hip-Hop / Rap / R&B,Drums,1991
As the World Turns,Prince AD,Hip-Hop / Rap / R&B,Drums,1991
A Mi Chemin,Hocus Pocus,Hip-Hop / Rap / R&B,Multiple Elements,2010
A Mi Chemin,Akhenaton,Hip-Hop / Rap / R&B,Multiple Elements,2010
A Mi Chemin,Ben L'oncle Soul,Hip-Hop / Rap / R&B,Multiple Elements,2010
Can You Dig It,MC Serch,Hip-Hop / Rap / R&B,Sound Effect / Other,1992
This Is How It Should Be Done,TLC,Hip-Hop / Rap / R&B,Drums,1992
Insomnia,Rum & Black,Electronic / Dance,Drums,1991
Love or Lust,Jewell,Hip-Hop / Rap / R&B,Drums,1992
The Hand That Rocks the Cradle,Akrobatik,Hip-Hop / Rap / R&B,Drums,2003
I Get Down,Shad,Hip-Hop / Rap / R&B,Drums,2006
Briefing,Soichi Terada,Soundtrack / Library,Drums,1999
Asher's Revenge,Asher D,Hip-Hop / Rap / R&B,Drums,1988
Asher's Revenge,Daddy Freddy,Hip-Hop / Rap / R&B,Drums,1988
Came Up,Raekwon,Hip-Hop / Rap / R&B,Sound Effect / Other,2013
Prophets of Rage,Public Enemy,Hip-Hop / Rap / R&B,Drums,1988
Love Machine,Morning Musume,Rock / Pop,Sound Effect / Other,1999
L.A. Is the Place,Eazy-E,Hip-Hop / Rap / R&B,Hook / Riff,1987
Running Back to You,Vanessa Williams,Hip-Hop / Rap / R&B,Hook / Riff,1991
Chillin,Audio Two,Hip-Hop / Rap / R&B,Sound Effect / Other,1986
The Real B-Side,IAM,Hip-Hop / Rap / R&B,Multiple Elements,1989
Party Time,Pal Joey,Electronic / Dance,Hook / Riff,1990
Alive & Kickin,Orca,Electronic / Dance,Sound Effect / Other,1993
Gets Into His Move,Stezo,Hip-Hop / Rap / R&B,Multiple Elements,1989
"Red, Black and Green (Rainbow Mix)",IAM,Hip-Hop / Rap / R&B,Sound Effect / Other,1991
Post Traumatic Stress Disorder,Pharoahe Monch,Hip-Hop / Rap / R&B,Drums,2014
Mysterious Ways (Massive Attack Remix),U2,Electronic / Dance,Sound Effect / Other,1995
This Is...,GRITS,Hip-Hop / Rap / R&B,Hook / Riff,1997
Dig This,Hocus Pocus,Hip-Hop / Rap / R&B,Multiple Elements,2002
Devotion,Charizma,Hip-Hop / Rap / R&B,Drums,2003
Devotion,Peanut Butter Wolf,Hip-Hop / Rap / R&B,Drums,2003
The Magnificent Jazzy Jeff,DJ Jazzy Jeff & the Fresh Prince,Hip-Hop / Rap / R&B,Sound Effect / Other,1987
Latinos Unidos (United Latins),Latin Alliance,Hip-Hop / Rap / R&B,Multiple Elements,1991
Breakdown,T La Rock,Hip-Hop / Rap / R&B,Hook / Riff,1985
409,Ice-T,Hip-Hop / Rap / R&B,Multiple Elements,1987
Hit Me,Nice & Smooth,Hip-Hop / Rap / R&B,Multiple Elements,1989
MC Lyte Likes Swingin',MC Lyte,Hip-Hop / Rap / R&B,Hook / Riff,1988
Maria,Simply Deft,Hip-Hop / Rap / R&B,Sound Effect / Other,1986
Girl You Know It's True (N.Y. Subway Extended Mix),Milli Vanilli,Rock / Pop,Multiple Elements,1988
You Don't Have to Worry,Mary J. Blige,Hip-Hop / Rap / R&B,Hook / Riff,1993
Cocaine,MC Shan,Hip-Hop / Rap / R&B,Hook / Riff,1986
Crooked Ass Nigga,2Pac,Hip-Hop / Rap / R&B,Drums,1991
Crooked Ass Nigga,Stretch,Hip-Hop / Rap / R&B,Drums,1991
Coast to Coast,Word of Mouth,Hip-Hop / Rap / R&B,Hook / Riff,1986
Coast to Coast,DJ Cheese,Hip-Hop / Rap / R&B,Hook / Riff,1986
Heavy Weights,DJ Muggs,Hip-Hop / Rap / R&B,Drums,1997
Heavy Weights,MC Eiht,Hip-Hop / Rap / R&B,Drums,1997
Brawlin',Widdly 2 Diddly,Soundtrack / Library,Drums,2014
Заколебал ты,Дискотека Авария,Hip-Hop / Rap / R&B,Hook / Riff,2001
My Lover's Gone,Dido,Rock / Pop,Drums,1999
Live Niguz,Onyx,Hip-Hop / Rap / R&B,Hook / Riff,1995
Nature of a Sista',Queen Latifah,Hip-Hop / Rap / R&B,Sound Effect / Other,1991
Let the Jingle Bells Rock,Sweet Tee,Hip-Hop / Rap / R&B,Drums,1987
Talk Like Sex,Kool G Rap & DJ Polo,Hip-Hop / Rap / R&B,Drums,1990
The Ill Shit,Erick Sermon,Hip-Hop / Rap / R&B,Multiple Elements,1993
The Ill Shit,Ice Cube,Hip-Hop / Rap / R&B,Multiple Elements,1993
The Ill Shit,Kam,Hip-Hop / Rap / R&B,Multiple Elements,1993
Get Down,LL Cool J,Hip-Hop / Rap / R&B,Sound Effect / Other,1987
Doctorin' the House,Coldcut,Rock / Pop,Multiple Elements,1988
Doctorin' the House,Yazz,Rock / Pop,Multiple Elements,1988
Doctorin' the House,The Plastic Population,Rock / Pop,Multiple Elements,1988
Spiritual Aura,Engineers Without Fears,Electronic / Dance,Drums,1994
Melting Nails,Igorrr,Electronic / Dance,Drums,2009
Soul Soul,Suprême NTM,Hip-Hop / Rap / R&B,Sound Effect / Other,1991
BLOODMONEY,Poppy,Rock / Pop,Hook / Riff,2020
Duck Ya Head,Dred Scott,Hip-Hop / Rap / R&B,Hook / Riff,1994
Can't Forget About You,Nas,Hip-Hop / Rap / R&B,Sound Effect / Other,2006
Can't Forget About You,Chrisette Michele,Hip-Hop / Rap / R&B,Sound Effect / Other,2006
In the Ways of the Scales,X-Clan,Hip-Hop / Rap / R&B,Multiple Elements,1990
Kami-sama No Iu Tōri,Junji Ishiwatari,Electronic / Dance,Sound Effect / Other,2010
Kami-sama No Iu Tōri,Yoshinori Sunahara,Electronic / Dance,Sound Effect / Other,2010
Kami-sama No Iu Tōri,Etsuko Yakushimaru,Electronic / Dance,Sound Effect / Other,2010
Motownphilly,Boyz II Men,Hip-Hop / Rap / R&B,Sound Effect / Other,1991
We're All in the Same Gang,West Coast Rap All Stars,Hip-Hop / Rap / R&B,Drums,1990
Nieznane,Medium,Hip-Hop / Rap / R&B,Drums,2011
Lunation,DJ Krush,Hip-Hop / Rap / R&B,Sound Effect / Other,1994
En El Recinto,Family De Mcs,Hip-Hop / Rap / R&B,Sound Effect / Other,2007
Check Tha Resume,Grand Puba,Hip-Hop / Rap / R&B,Drums,1992
Guantanamera,Wyclef Jean,Hip-Hop / Rap / R&B,Hook / Riff,1997
Guantanamera,Lauryn Hill,Hip-Hop / Rap / R&B,Hook / Riff,1997
Guantanamera,Celia Cruz,Hip-Hop / Rap / R&B,Hook / Riff,1997
Guantanamera,Jeni Fujita,Hip-Hop / Rap / R&B,Hook / Riff,1997
Fuck 'Em,Geto Boys,Hip-Hop / Rap / R&B,Sound Effect / Other,1990
Ballad of a Menace,C.P.O.,Hip-Hop / Rap / R&B,Multiple Elements,1990
Ballad of a Menace,MC Ren,Hip-Hop / Rap / R&B,Multiple Elements,1990
Boss Theme,Tomoya Ohtani,Soundtrack / Library,Drums,2007
Johnny Ryall,Beastie Boys,Hip-Hop / Rap / R&B,Sound Effect / Other,1989
"Alice, I Want You Just for Me",Full Force,Hip-Hop / Rap / R&B,Hook / Riff,1985
Brother Madonna,Kitsune²,Electronic / Dance,Drums,2008
Westside Slaughterhouse,Mack 10,Hip-Hop / Rap / R&B,Drums,1995
Westside Slaughterhouse,Ice Cube,Hip-Hop / Rap / R&B,Drums,1995
Westside Slaughterhouse,WC,Hip-Hop / Rap / R&B,Drums,1995
Old Times' Sake,Sweet Sable,Hip-Hop / Rap / R&B,Drums,1993
Stuck,Limp Bizkit,Rock / Pop,Hook / Riff,1997
Baby Don't Forget My Number,Milli Vanilli,Rock / Pop,Sound Effect / Other,1988
Englishman in New York (The Ben Liebrand Mix),Sting,Rock / Pop,Multiple Elements,1990
Take It EZ,Common,Hip-Hop / Rap / R&B,Drums,1992
I'm Riffin,MC Duke,Hip-Hop / Rap / R&B,Drums,1989
I'm Riffin,DJ Leader 1,Hip-Hop / Rap / R&B,Drums,1989
Rock It On,Hideki Naganuma,Soundtrack / Library,Drums,2001
Ругань из-за стены,Noize MC,Hip-Hop / Rap / R&B,Drums,2010
Get Into It,Big Daddy Kane,Hip-Hop / Rap / R&B,Multiple Elements,1987
Break 'Em Off Some,Cypress Hill,Hip-Hop / Rap / R&B,Drums,1993
Roxanne '97 (Puff Daddy Remix),Sting,Hip-Hop / Rap / R&B,Multiple Elements,1997
Roxanne '97 (Puff Daddy Remix),The Police,Hip-Hop / Rap / R&B,Multiple Elements,1997
Roxanne '97 (Puff Daddy Remix),Pras,Hip-Hop / Rap / R&B,Multiple Elements,1997
Hat 2 Da Back,TLC,Hip-Hop / Rap / R&B,Sound Effect / Other,1992
Bang Zoom (Let's Go-Go),The Real Roxanne,Hip-Hop / Rap / R&B,Hook / Riff,1986
Bang Zoom (Let's Go-Go),Howie Tee,Hip-Hop / Rap / R&B,Hook / Riff,1986
I Got a Love (Remix),Pete Rock & C.L. Smooth,Hip-Hop / Rap / R&B,Sound Effect / Other,1994
L.A. Is a Jungle,Toddy Tee,Hip-Hop / Rap / R&B,Sound Effect / Other,1986
L.A. Is a Jungle,The Bateram Crew,Hip-Hop / Rap / R&B,Sound Effect / Other,1986
