Ghetto Symphony,A$AP Rocky,Hip-Hop / Rap / R&B,Vocals / Lyrics,2013
Ghetto Symphony,Gunplay,Hip-Hop / Rap / R&B,Vocals / Lyrics,2013
Ghetto Symphony,A$AP Ferg,Hip-Hop / Rap / R&B,Vocals / Lyrics,2013
Born to Die,Lana Del Rey,Rock / Pop,Vocals / Lyrics,2011
99 Problems,Jay-Z,Hip-Hop / Rap / R&B,Drums,2003
Barry Bonds,Kanye West,Hip-Hop / Rap / R&B,Vocals / Lyrics,2007
Barry Bonds,Lil Wayne,Hip-Hop / Rap / R&B,Vocals / Lyrics,2007
Wouldn't Get Far,The Game,Hip-Hop / Rap / R&B,Vocals / Lyrics,2006
Wouldn't Get Far,Kanye West,Hip-Hop / Rap / R&B,Vocals / Lyrics,2006
It Ain't Hard to Tell,Nas,Hip-Hop / Rap / R&B,Vocals / Lyrics,1994
Love Yourz,J. Cole,Hip-Hop / Rap / R&B,Vocals / Lyrics,2014
The People,Common,Hip-Hop / Rap / R&B,Vocals / Lyrics,2007
The People,Dwele,Hip-Hop / Rap / R&B,Vocals / Lyrics,2007
Fire Squad,J. Cole,Hip-Hop / Rap / R&B,Vocals / Lyrics,2014
Terry,Action Bronson,Hip-Hop / Rap / R&B,Multiple Elements,2015
The Glory,Kanye West,Hip-Hop / Rap / R&B,Drums,2007
Gin and Juice,Snoop Dogg,Hip-Hop / Rap / R&B,Drums,1993
Gin and Juice,Daz Dillinger,Hip-Hop / Rap / R&B,Drums,1993
Lord Knows,Drake,Hip-Hop / Rap / R&B,Drums,2011
Lord Knows,Rick Ross,Hip-Hop / Rap / R&B,Drums,2011
No Stylist,French Montana,Hip-Hop / Rap / R&B,Vocals / Lyrics,2018
No Stylist,Drake,Hip-Hop / Rap / R&B,Vocals / Lyrics,2018
Stepson of the Clapper,J Dilla,Hip-Hop / Rap / R&B,Multiple Elements,2006
She Needs Me,Kendrick Lamar,Hip-Hop / Rap / R&B,Vocals / Lyrics,2009
She Needs Me,Javonte,Hip-Hop / Rap / R&B,Vocals / Lyrics,2009
Ghetto Symphony,A$AP Rocky,Hip-Hop / Rap / R&B,Vocals / Lyrics,2013
Ghetto Symphony,Gunplay,Hip-Hop / Rap / R&B,Vocals / Lyrics,2013
Ghetto Symphony,A$AP Ferg,Hip-Hop / Rap / R&B,Vocals / Lyrics,2013
Born to Die,Lana Del Rey,Rock / Pop,Vocals / Lyrics,2011
99 Problems,Jay-Z,Hip-Hop / Rap / R&B,Drums,2003
Barry Bonds,Kanye West,Hip-Hop / Rap / R&B,Vocals / Lyrics,2007
Barry Bonds,Lil Wayne,Hip-Hop / Rap / R&B,Vocals / Lyrics,2007
Wouldn't Get Far,The Game,Hip-Hop / Rap / R&B,Vocals / Lyrics,2006
Wouldn't Get Far,Kanye West,Hip-Hop / Rap / R&B,Vocals / Lyrics,2006
It Ain't Hard to Tell,Nas,Hip-Hop / Rap / R&B,Vocals / Lyrics,1994
Love Yourz,J. Cole,Hip-Hop / Rap / R&B,Vocals / Lyrics,2014
The People,Common,Hip-Hop / Rap / R&B,Vocals / Lyrics,2007
The People,Dwele,Hip-Hop / Rap / R&B,Vocals / Lyrics,2007
Fire Squad,J. Cole,Hip-Hop / Rap / R&B,Vocals / Lyrics,2014
Terry,Action Bronson,Hip-Hop / Rap / R&B,Multiple Elements,2015
The Glory,Kanye West,Hip-Hop / Rap / R&B,Drums,2007
Gin and Juice,Snoop Dogg,Hip-Hop / Rap / R&B,Drums,1993
Gin and Juice,Daz Dillinger,Hip-Hop / Rap / R&B,Drums,1993
Lord Knows,Drake,Hip-Hop / Rap / R&B,Drums,2011
Lord Knows,Rick Ross,Hip-Hop / Rap / R&B,Drums,2011
No Stylist,French Montana,Hip-Hop / Rap / R&B,Vocals / Lyrics,2018
No Stylist,Drake,Hip-Hop / Rap / R&B,Vocals / Lyrics,2018
Stepson of the Clapper,J Dilla,Hip-Hop / Rap / R&B,Multiple Elements,2006
She Needs Me,Kendrick Lamar,Hip-Hop / Rap / R&B,Vocals / Lyrics,2009
She Needs Me,Javonte,Hip-Hop / Rap / R&B,Vocals / Lyrics,2009
Bigger,SBG,Hip-Hop / Rap / R&B,Vocals / Lyrics,2013
Bigger,Lavoisier,Hip-Hop / Rap / R&B,Vocals / Lyrics,2013
Bigger,Illuminate,Hip-Hop / Rap / R&B,Vocals / Lyrics,2013
Hoal,Ello Da Don,Hip-Hop / Rap / R&B,Vocals / Lyrics,2013
Hoal,Macon Hamilton,Hip-Hop / Rap / R&B,Vocals / Lyrics,2013
Hoal,Valencia Myrick,Hip-Hop / Rap / R&B,Vocals / Lyrics,2013
Xip Xop,Ill Mascaras,Hip-Hop / Rap / R&B,Vocals / Lyrics,2017
That's Why I Get It,R.M.G,Hip-Hop / Rap / R&B,Vocals / Lyrics,2014
"Concrete, Concrete",Cornershop,Rock / Pop,Multiple Elements,2012
"Concrete, Concrete",Kay Kwong,Rock / Pop,Multiple Elements,2012
Intro,Alex Faith,Hip-Hop / Rap / R&B,Vocals / Lyrics,2012
Glory,Tracey Lee,Hip-Hop / Rap / R&B,Vocals / Lyrics,2020
Long Red - Bonus Beat Part 2,Ice One,Hip-Hop / Rap / R&B,Drums,1995
The Transition,Skrip,Hip-Hop / Rap / R&B,Vocals / Lyrics,2013
The Transition,Ashley Stanford,Hip-Hop / Rap / R&B,Vocals / Lyrics,2013
Pele,Angelo Mota,Hip-Hop / Rap / R&B,Vocals / Lyrics,2019
Hunger,Quest,Hip-Hop / Rap / R&B,Vocals / Lyrics,2014
Entrance,Pitman,Hip-Hop / Rap / R&B,Vocals / Lyrics,2004
I'ma Masterpiece,Princeton,Hip-Hop / Rap / R&B,Vocals / Lyrics,2012
No Complaints,L v K S,Hip-Hop / Rap / R&B,Vocals / Lyrics,2018
Chills,Mega Ran,Hip-Hop / Rap / R&B,Multiple Elements,2010
Chills,K-Murdock,Hip-Hop / Rap / R&B,Multiple Elements,2010
Testify,Yaves,Hip-Hop / Rap / R&B,Vocals / Lyrics,2013
Wild Ride,NoCanDo,Hip-Hop / Rap / R&B,Drums,2006
In Autumn's Ear,Yaves,Hip-Hop / Rap / R&B,Vocals / Lyrics,2012
Dale Papi,Lariss,Electronic / Dance,Vocals / Lyrics,2014
I'm Gonna Make It,Wellz,Hip-Hop / Rap / R&B,Multiple Elements,2011
This Is It,Broke As...,Hip-Hop / Rap / R&B,Vocals / Lyrics,1998
Black Is the Light,B.L.A.C.K.,Hip-Hop / Rap / R&B,Vocals / Lyrics,1992
Drop a Load on 'Em,1-5ive Posse,Hip-Hop / Rap / R&B,Drums,1992
Something Got to Give,Sean Hines,Hip-Hop / Rap / R&B,Vocals / Lyrics,2013
Bob to Tha Rhythm,The Lyrical Poet,Hip-Hop / Rap / R&B,Drums,1993
Contemplate (Version One),Reanimator,Hip-Hop / Rap / R&B,Drums,2003
Slingshot,Yaves,Hip-Hop / Rap / R&B,Vocals / Lyrics,2012
Slingshot,JFlue,Hip-Hop / Rap / R&B,Vocals / Lyrics,2012
Set the Record Straight,BYB,Hip-Hop / Rap / R&B,Vocals / Lyrics,1991
Project Blues,1-5ive Posse,Hip-Hop / Rap / R&B,Drums,1992
Roll N Rock,DJ Official,Hip-Hop / Rap / R&B,Multiple Elements,2015
Top Choice (Jeep Mix),High Authority,Hip-Hop / Rap / R&B,Multiple Elements,1993
Top Choice (Jeep Mix),Choice,Hip-Hop / Rap / R&B,Multiple Elements,1993
Rumble Young Man,Yaves,Hip-Hop / Rap / R&B,Vocals / Lyrics,2015
Rumble Young Man,Keisha Soleil,Hip-Hop / Rap / R&B,Vocals / Lyrics,2015
On a Saturday,Strong Soul,Hip-Hop / Rap / R&B,Vocals / Lyrics,1994
Incredible,Marz Ferrer,Rock / Pop,Vocals / Lyrics,2014
Tim Duncan,Maffew Ragazino,Hip-Hop / Rap / R&B,Vocals / Lyrics,2020
Analyze the Style (I),Khaos,Hip-Hop / Rap / R&B,Drums,1992
Analyze the Style (I),DBA,Hip-Hop / Rap / R&B,Drums,1992
Everywhere,Yaves,Hip-Hop / Rap / R&B,Vocals / Lyrics,2012
Who the Fuck Is Paul McCartney,Pegboard Nerds,Electronic / Dance,Vocals / Lyrics,2015
Dance for a Chain,Shawn Chrystopher,Hip-Hop / Rap / R&B,Vocals / Lyrics,2014
Ex-Chill Thang,Dr. Ease,Hip-Hop / Rap / R&B,Drums,1992
Ex-Chill Thang,Easetown Posse,Hip-Hop / Rap / R&B,Drums,1992
Real as It Come,Jae Millz,Hip-Hop / Rap / R&B,Vocals / Lyrics,2013
Life's a Bitch,Diezel,Hip-Hop / Rap / R&B,Vocals / Lyrics,2015
Ok Whatup,Sean Brown,Hip-Hop / Rap / R&B,Vocals / Lyrics,2014
Mercado Negro,Fuse,Hip-Hop / Rap / R&B,Drums,2016
Great,Diomer,Hip-Hop / Rap / R&B,Vocals / Lyrics,2021
Great,Shiwan,Hip-Hop / Rap / R&B,Vocals / Lyrics,2021
Been a Long Time,E.S.P.,Hip-Hop / Rap / R&B,Drums,1991
Verocai,Tae Beast,Hip-Hop / Rap / R&B,Multiple Elements,2010
Smoketown U.S.A.,Dice (Rapper),Hip-Hop / Rap / R&B,Drums,1992
R.C.M.G.,R-Swift,Hip-Hop / Rap / R&B,Vocals / Lyrics,2013
R.C.M.G.,Fro Wundas,Hip-Hop / Rap / R&B,Vocals / Lyrics,2013
R.C.M.G.,Relz & Big Fil,Hip-Hop / Rap / R&B,Vocals / Lyrics,2013
Dope Moves,Last Measure,Hip-Hop / Rap / R&B,Vocals / Lyrics,2021
Dope Moves,Verse All,Hip-Hop / Rap / R&B,Vocals / Lyrics,2021
Undercover Hooker,Audio Two,Hip-Hop / Rap / R&B,Drums,1990
Where's the Party? (Jazzy Smut Mix),2 Too Many,Hip-Hop / Rap / R&B,Drums,1992
Long Red - Bonus Beat,Ice One,Hip-Hop / Rap / R&B,Multiple Elements,1995
I'm Just Tryna Live,Bloody Jay,Hip-Hop / Rap / R&B,Vocals / Lyrics,2015
I'm Just Tryna Live,Charles the Great,Hip-Hop / Rap / R&B,Vocals / Lyrics,2015
Who's the Man ?,Allstar Fresh,Hip-Hop / Rap / R&B,Multiple Elements,1989
Who's the Man ?,M.C. Demes,Hip-Hop / Rap / R&B,Multiple Elements,1989
If Dreams Could Talk,Jared Evan,Hip-Hop / Rap / R&B,Vocals / Lyrics,2013
Hard to Explain,Chancellor Warhol,Hip-Hop / Rap / R&B,Vocals / Lyrics,2011
Hard to Explain,Boss of Nova,Hip-Hop / Rap / R&B,Vocals / Lyrics,2011
Hard to Explain,Dee Goodz,Hip-Hop / Rap / R&B,Vocals / Lyrics,2011
Hard to Explain,Loka La Fevre,Hip-Hop / Rap / R&B,Vocals / Lyrics,2011
Back in the Day,The Legion,Hip-Hop / Rap / R&B,Drums,1994
Grape Soda for Breakfast,Da Rugged Remnant,Hip-Hop / Rap / R&B,Vocals / Lyrics,2015
Grape Soda for Breakfast,DJ Average Joe,Hip-Hop / Rap / R&B,Vocals / Lyrics,2015
Rhyme Ripper,Da Hoodzmen,Hip-Hop / Rap / R&B,Drums,1993
Need Somebody,Dozzy Daniel,Hip-Hop / Rap / R&B,Vocals / Lyrics,2020
Need Somebody,Mc Knowledge,Hip-Hop / Rap / R&B,Vocals / Lyrics,2020
Need Somebody,James Carr,Hip-Hop / Rap / R&B,Vocals / Lyrics,2020
Pop OUt,Slimmy B,Hip-Hop / Rap / R&B,Vocals / Lyrics,2017
You Ain't Nobody,The Good Girls,Hip-Hop / Rap / R&B,Vocals / Lyrics,1989
4 Da Nine Fo',Shades of Reality,Hip-Hop / Rap / R&B,Vocals / Lyrics,1994
Mother,Sons of Soul,Hip-Hop / Rap / R&B,Drums,1991
You Know,Grizzly City Boys,Hip-Hop / Rap / R&B,Vocals / Lyrics,2015
"Get Up, Stand Up",Rottin Razkals,Hip-Hop / Rap / R&B,Drums,1995
UK's Finest,Merlin,Hip-Hop / Rap / R&B,Drums,1992
She B There,MARS,Hip-Hop / Rap / R&B,Vocals / Lyrics,2014
She B There,Problem,Hip-Hop / Rap / R&B,Vocals / Lyrics,2014
Joe Cool (Hip Hop Mix),Joeski Love,Hip-Hop / Rap / R&B,Drums,1990
Bad Influence,MC Twist,Hip-Hop / Rap / R&B,Vocals / Lyrics,1990
The Fall,Johnny Polygon,Hip-Hop / Rap / R&B,Vocals / Lyrics,2015
Master Mix 89 (Side B),Underground Posse,Hip-Hop / Rap / R&B,Multiple Elements,1989
Ease Back,Shades of Culture,Hip-Hop / Rap / R&B,Drums,1996
Hunted,No Remorze,Hip-Hop / Rap / R&B,Drums,1995
Can You Keep Him,The Good Girls,Hip-Hop / Rap / R&B,Drums,1992
Yah! (You See Me),The Ambassador,Hip-Hop / Rap / R&B,Vocals / Lyrics,2013
Voodoo Child,Da Germ,Hip-Hop / Rap / R&B,Drums,1993
Been There Before,KYLE,Hip-Hop / Rap / R&B,Multiple Elements,2011
Been There Before,Mr. Man,Hip-Hop / Rap / R&B,Multiple Elements,2011
Toymaker,Samplehattan,Hip-Hop / Rap / R&B,Multiple Elements,2022
Old Skool Cuts,DJ Rectangle,Hip-Hop / Rap / R&B,Drums,1997
Wegotrippin,Silent Majority (2),Hip-Hop / Rap / R&B,Drums,1994
Eldorado,Kool Keith,Hip-Hop / Rap / R&B,Vocals / Lyrics,2014
Eldorado,A.G.,Hip-Hop / Rap / R&B,Vocals / Lyrics,2014
To Live and Die in Milwaukee,K-N-G,Hip-Hop / Rap / R&B,Drums,1992
Where Ya From B,Da Homlez,Hip-Hop / Rap / R&B,Drums,1995
Bully,Da' T.R.U.T.H.,Hip-Hop / Rap / R&B,Vocals / Lyrics,2014
Bully,J.R.,Hip-Hop / Rap / R&B,Vocals / Lyrics,2014
Pretenders,Balli & the Fat Daddy,Hip-Hop / Rap / R&B,Drums,1990
The Beats,Boys About Beats & Lyrics Uptown,Hip-Hop / Rap / R&B,Drums,1995
One More Time,B-Chill,Hip-Hop / Rap / R&B,Drums,1991
On a Mission,MC Renegade,Hip-Hop / Rap / R&B,Multiple Elements,1989
Can't Go Back,Black C,Hip-Hop / Rap / R&B,Vocals / Lyrics,2010
Lookin' for Trouble,R-Swift,Hip-Hop / Rap / R&B,Vocals / Lyrics,2013
Lookin' for Trouble,Sho Baraka,Hip-Hop / Rap / R&B,Vocals / Lyrics,2013
Lookin' for Trouble,Eddie Nigma,Hip-Hop / Rap / R&B,Vocals / Lyrics,2013
Misfits,Audio Push,Hip-Hop / Rap / R&B,Vocals / Lyrics,2012
True Colors (Ghetto Mix),Juanito (FX),Electronic / Dance,Vocals / Lyrics,1989
Woman Ta Woman,Marla Mar,Hip-Hop / Rap / R&B,Drums,1992
Woman Ta Woman,The Good 'N' Plenty Cru,Hip-Hop / Rap / R&B,Drums,1992
I Ain't Gave Up on You Yet,Propaganda (Rapper),Hip-Hop / Rap / R&B,Vocals / Lyrics,2014
Be Great,K.Y.S. Music,Hip-Hop / Rap / R&B,Vocals / Lyrics,2018
Total Chaos,Priority One,Hip-Hop / Rap / R&B,Vocals / Lyrics,1989
One More,Destruct,Hip-Hop / Rap / R&B,Drums,2008
Kill or Get Killed,Juice With Soul,Hip-Hop / Rap / R&B,Drums,1993
We Can Do a Little Bit,Robbie B,Hip-Hop / Rap / R&B,Vocals / Lyrics,1990
We Can Do a Little Bit,DJ Jazz,Hip-Hop / Rap / R&B,Vocals / Lyrics,1990
Keep Movin,The Soul Dawgs,Hip-Hop / Rap / R&B,Vocals / Lyrics,1999
Let It Rain (Is There Anybody),Crowder,Gospel,Multiple Elements,2019
Let It Rain (Is There Anybody),Mandisa,Gospel,Multiple Elements,2019
My Life (Nice Aim),Sho Baraka,Hip-Hop / Rap / R&B,Vocals / Lyrics,2010
My Life (Nice Aim),PRo,Hip-Hop / Rap / R&B,Vocals / Lyrics,2010
Ward of the State (Radio Edit),Askari X,Hip-Hop / Rap / R&B,Drums,1992
Park Orchestra,Wildelux,Hip-Hop / Rap / R&B,Vocals / Lyrics,2021
Park Orchestra,Macapella,Hip-Hop / Rap / R&B,Vocals / Lyrics,2021
Everbody Loves It,Nu MAGIK,Hip-Hop / Rap / R&B,Multiple Elements,2014
STRT TRBL,Social Club,Hip-Hop / Rap / R&B,Vocals / Lyrics,2013
Apple Juice,The Boys,Hip-Hop / Rap / R&B,Drums,1992
Somos Mcs,Tiro De Gracia,Hip-Hop / Rap / R&B,Vocals / Lyrics,2004
Burn It Up,Hardwire,Electronic / Dance,Vocals / Lyrics,1999
One Little Indian,A.L.T.,Hip-Hop / Rap / R&B,Drums,1992
One Little Indian,The Lost Civilization,Hip-Hop / Rap / R&B,Drums,1992
Life of a Flintstone,MC Breed,Hip-Hop / Rap / R&B,Drums,1992
Green Groove (Pt 1 & 2),Danny Hibrid,Soul / Funk / Disco,Vocals / Lyrics,2006
Green Groove (Pt 1 & 2),The Nufunk Allstars,Soul / Funk / Disco,Vocals / Lyrics,2006
I'm Outta Time (Remix),Oasis,Rock / Pop,Drums,2008
Chronic,MC Loon-e-Tune,Hip-Hop / Rap / R&B,Drums,1992
Chronic,DJ Battery Brain,Hip-Hop / Rap / R&B,Drums,1992
Neva Gets Nervous,DJ Faust,Hip-Hop / Rap / R&B,Vocals / Lyrics,1998
Who's the Master?,Barsha,Hip-Hop / Rap / R&B,Drums,1990
Days of Our Lives,Tuff Crew,Hip-Hop / Rap / R&B,Drums,1991
Hey Hey,Native Rhythm,Hip-Hop / Rap / R&B,Drums,1993
Nigga,Burky,Hip-Hop / Rap / R&B,Vocals / Lyrics,2016
Nigga,Geralt Iz Rivije,Hip-Hop / Rap / R&B,Vocals / Lyrics,2016
Nigga,Koolade,Hip-Hop / Rap / R&B,Vocals / Lyrics,2016
You Don't Want None of This Part 2,A.W.O.L. (Hip-Hop),Hip-Hop / Rap / R&B,Drums,1992
Beddie-Bye,Mad Kap,Hip-Hop / Rap / R&B,Drums,1993
Beddie-Bye,Jeff Broadway,Hip-Hop / Rap / R&B,Drums,1993
Shall I Go On,The PreC.I.S.E. MC,Hip-Hop / Rap / R&B,Multiple Elements,1991
Hip Hop Mix,Mirage,Hip-Hop / Rap / R&B,Vocals / Lyrics,1988
Lecę,Obywatel MC,Hip-Hop / Rap / R&B,Vocals / Lyrics,2015
Favorite Things,CyHi the Prynce,Hip-Hop / Rap / R&B,Vocals / Lyrics,2012
6 Feet Back on the Map,J.V.C. F.O.R.C.E.,Hip-Hop / Rap / R&B,Drums,1992
Hard (Short),Wreckx-N-Effect,Hip-Hop / Rap / R&B,Drums,1992
Un Dia,MC Piri,Hip-Hop / Rap / R&B,Vocals / Lyrics,2016
Peace the Hell Out (Nasty Mix),Misfits of Madness,Hip-Hop / Rap / R&B,Drums,1994
Tennents,Private Party,Hip-Hop / Rap / R&B,Drums,1987
Everybody Sing That Shit,Flesha,Hip-Hop / Rap / R&B,Multiple Elements,2014
When Im With You,Uknow.,Hip-Hop / Rap / R&B,Vocals / Lyrics,2019
Not Your Average Joe,WC,Hip-Hop / Rap / R&B,Vocals / Lyrics,2004
Come Il Sole,Ensi,Hip-Hop / Rap / R&B,Vocals / Lyrics,2012
Thanks Rev,Propaganda (Rapper),Hip-Hop / Rap / R&B,Vocals / Lyrics,2014
Intro,Shawn Chrystopher,Hip-Hop / Rap / R&B,Vocals / Lyrics,2013
So Real,Compton Menace,Hip-Hop / Rap / R&B,Vocals / Lyrics,2014
So Real,Stacee Adamz,Hip-Hop / Rap / R&B,Vocals / Lyrics,2014
So Real,Slim the Mobster,Hip-Hop / Rap / R&B,Vocals / Lyrics,2014
So Real,N8 Jetson,Hip-Hop / Rap / R&B,Vocals / Lyrics,2014
Drop Tha Bass,MC Zappa,Hip-Hop / Rap / R&B,Vocals / Lyrics,2019
It's Just Us,DaniLeigh,Hip-Hop / Rap / R&B,Vocals / Lyrics,2016
Get to Know Me,HeeSun Lee,Hip-Hop / Rap / R&B,Vocals / Lyrics,2014
Get to Know Me,Social Club,Hip-Hop / Rap / R&B,Vocals / Lyrics,2014
King of the Pack,GQ,Hip-Hop / Rap / R&B,Vocals / Lyrics,2011
King of the Pack,Sophia Fresh,Hip-Hop / Rap / R&B,Vocals / Lyrics,2011
Gravity Waves,Soysauce,Electronic / Dance,Multiple Elements,2015
Gravity Waves,Saturn,Electronic / Dance,Multiple Elements,2015
The Neighborhood,Rock the M.C.,Hip-Hop / Rap / R&B,Drums,1988
Mama Mười Chín,Omen (Electronic Artist),Hip-Hop / Rap / R&B,Vocals / Lyrics,2020
Embuste,Álvaro Díaz,Hip-Hop / Rap / R&B,Vocals / Lyrics,2020
Embuste,Trooko,Hip-Hop / Rap / R&B,Vocals / Lyrics,2020
Joies Overture,Dotmatic,Electronic / Dance,Vocals / Lyrics,2011
Detroit Red,Mickey Factz,Hip-Hop / Rap / R&B,Multiple Elements,2014
Classical Hip-Hop,Underground Source,Hip-Hop / Rap / R&B,Drums,1990
The New Yorker,Fonz,Hip-Hop / Rap / R&B,Vocals / Lyrics,1992
"Rispetto Di Tutti, Paura Di Nessuno",Ensi,Hip-Hop / Rap / R&B,Multiple Elements,2014
S.H.H.H.H,Evidence,Hip-Hop / Rap / R&B,Vocals / Lyrics,2003
Da Mac Flow,The Conscious Daughters,Hip-Hop / Rap / R&B,Drums,1993
Ladrillo Talk,Thruway,Hip-Hop / Rap / R&B,Drums,2014
Ladrillo Talk,Gab Gotcha,Hip-Hop / Rap / R&B,Drums,2014
Ladrillo Talk,Camiliano,Hip-Hop / Rap / R&B,Drums,2014
Codice Rosso,Mistaman,Hip-Hop / Rap / R&B,Drums,2014
Codice Rosso,Kiave,Hip-Hop / Rap / R&B,Drums,2014
Takin-Charge,Black Pearl Productions,Hip-Hop / Rap / R&B,Drums,1990
Understanding,CJ Mac,Hip-Hop / Rap / R&B,Drums,1991
Pluto,2 Skinnee J's,Hip-Hop / Rap / R&B,Vocals / Lyrics,1998
Kentucky Fried 2,Theory Hazit,Hip-Hop / Rap / R&B,Vocals / Lyrics,2017
I Can't Hate Myself,Angelo Mota,Hip-Hop / Rap / R&B,Vocals / Lyrics,2020
I Can't Hate Myself,NicX,Hip-Hop / Rap / R&B,Vocals / Lyrics,2020
Louder,Ta-Ku,Hip-Hop / Rap / R&B,Vocals / Lyrics,2013
Louder,Raashan Ahmad,Hip-Hop / Rap / R&B,Vocals / Lyrics,2013
Gone!,Phil Ade,Hip-Hop / Rap / R&B,Vocals / Lyrics,2011
Henny Black,Skyzoo,Hip-Hop / Rap / R&B,Multiple Elements,2012
Back to the Crib,Da Funky Rebels,Hip-Hop / Rap / R&B,Drums,1993
Flatline,DJ Doom,Hip-Hop / Rap / R&B,Drums,2011
Flatline,Pacewon,Hip-Hop / Rap / R&B,Drums,2011
Flatline,Nutso,Hip-Hop / Rap / R&B,Drums,2011
Flatline,Punchline,Hip-Hop / Rap / R&B,Drums,2011
Flatline,F.T.,Hip-Hop / Rap / R&B,Drums,2011
FX & Scratches (Vol. 3),Simon Harris,Electronic / Dance,Drums,1989
One Moment,High Society Collective,Hip-Hop / Rap / R&B,Vocals / Lyrics,2011
Shadows Approaching,Sa-Roc,Hip-Hop / Rap / R&B,Drums,2015
Millions Billions Thousands,Kipp Stone,Hip-Hop / Rap / R&B,Vocals / Lyrics,2017
Poets Giving Criticism,Cage 1,Hip-Hop / Rap / R&B,Multiple Elements,1989
Let the Track Attack,Rage (Rap Duo),Hip-Hop / Rap / R&B,Multiple Elements,1992
One Missed Call,Chuuwee,Hip-Hop / Rap / R&B,Vocals / Lyrics,2012
BM,Luke Vibert,Electronic / Dance,Vocals / Lyrics,2018
The Lumberjack,Prime Minister Pete Nice,Hip-Hop / Rap / R&B,Drums,1993
The Lumberjack,Daddy Rich,Hip-Hop / Rap / R&B,Drums,1993
Everyday Thang,0.308,Hip-Hop / Rap / R&B,Drums,1993
Freak of the Week,The Boys,Hip-Hop / Rap / R&B,Drums,1992
When Michael Met Veronica,Professor P,Hip-Hop / Rap / R&B,Vocals / Lyrics,2013
When Michael Met Veronica,DJ Akilles,Hip-Hop / Rap / R&B,Vocals / Lyrics,2013
When Michael Met Veronica,Rigael Damar,Hip-Hop / Rap / R&B,Vocals / Lyrics,2013
The Ghost,Kirk,Hip-Hop / Rap / R&B,Drums,1994
Manifest Outro,Thurzday,Hip-Hop / Rap / R&B,Vocals / Lyrics,2011
Too Much Paper,Lil' Flip,Hip-Hop / Rap / R&B,Vocals / Lyrics,2004
In Living Color,Chuuwee,Hip-Hop / Rap / R&B,Drums,2014
PENISLAND MEGAMASHUP,Penisland,Electronic / Dance,Drums,2021
Truth,The Fila Fresh Crew,Hip-Hop / Rap / R&B,Vocals / Lyrics,1988
Pull Up,Shawn Chrystopher,Hip-Hop / Rap / R&B,Vocals / Lyrics,2013
Criminal Minded,DJ Smokey,Hip-Hop / Rap / R&B,Multiple Elements,2018
199,Assalti Frontali,Hip-Hop / Rap / R&B,Drums,1992
Guerrillas in the Midst,Niggaz With Hats,Hip-Hop / Rap / R&B,Vocals / Lyrics,1994
Cien Por Cien,Nazión Sur,Hip-Hop / Rap / R&B,Drums,1994
All That Gold,Elohim,Rock / Pop,Multiple Elements,2016
So Ladies,Born Jamericans,Hip-Hop / Rap / R&B,Drums,1994
Informer (Funkymix),Snow,Hip-Hop / Rap / R&B,Drums,1992
Same Girl,Jennifer Lopez,Rock / Pop,Vocals / Lyrics,2014
Check What You're Listening To,Public Enemy,Hip-Hop / Rap / R&B,Vocals / Lyrics,2005
Return of the DJ,DJ Faust,Hip-Hop / Rap / R&B,Vocals / Lyrics,1999
"Monkey See, Monkey Do",C.E.B.,Hip-Hop / Rap / R&B,Drums,2016
LOL Nevermind,Wit,Hip-Hop / Rap / R&B,Vocals / Lyrics,2013
LOL Nevermind,Dre Murray,Hip-Hop / Rap / R&B,Vocals / Lyrics,2013
Gib Ihn Einfach (Dies Das 2),Ghanaian Stallion,Hip-Hop / Rap / R&B,Vocals / Lyrics,2015
Gib Ihn Einfach (Dies Das 2),Audio88,Hip-Hop / Rap / R&B,Vocals / Lyrics,2015
Gib Ihn Einfach (Dies Das 2),Yassin,Hip-Hop / Rap / R&B,Vocals / Lyrics,2015
Gib Ihn Einfach (Dies Das 2),Dexter,Hip-Hop / Rap / R&B,Vocals / Lyrics,2015
Sandman,Blu,Hip-Hop / Rap / R&B,Drums,2014
Sandman,Homeboy Sandman,Hip-Hop / Rap / R&B,Drums,2014
We Got It (Marley Marl Pirate Mix),Immature,Hip-Hop / Rap / R&B,Vocals / Lyrics,1996
We Got It (Marley Marl Pirate Mix),Lords of the Underground,Hip-Hop / Rap / R&B,Vocals / Lyrics,1996
Ya Woman IZ Fuckin',Dice (Rapper),Hip-Hop / Rap / R&B,Drums,1992
Time for Peace,Paris,Hip-Hop / Rap / R&B,Drums,2004
Time for Peace,Shock G,Hip-Hop / Rap / R&B,Drums,2004
Time for Peace,Money-B,Hip-Hop / Rap / R&B,Drums,2004
Time for Peace,Sway & King Tech,Hip-Hop / Rap / R&B,Drums,2004
Let's Rock On,Scha Dara Parr,Hip-Hop / Rap / R&B,Drums,2016
I'm All That,DJ Jazzy Jeff & the Fresh Prince,Hip-Hop / Rap / R&B,Drums,1991
Niggas Catchin' Seizures,Crazy Bayshore Stylin',Hip-Hop / Rap / R&B,Drums,1995
Geweten,Sticks,Hip-Hop / Rap / R&B,Drums,2020
Who Ridin',Kam,Hip-Hop / Rap / R&B,Drums,1995
Nautilus in the Nautica,E. Jones,Hip-Hop / Rap / R&B,Drums,2019
Done,Natural Elements,Hip-Hop / Rap / R&B,Vocals / Lyrics,2011
Love,Eric B.,Hip-Hop / Rap / R&B,Drums,1995
Raise the Devil,Insane Poetry,Hip-Hop / Rap / R&B,Drums,1992
For Now,Locksmith (Rapper),Hip-Hop / Rap / R&B,Vocals / Lyrics,2015
For Now,Rebecca Nobel,Hip-Hop / Rap / R&B,Vocals / Lyrics,2015
Back Seat Betty,Choice,Hip-Hop / Rap / R&B,Drums,1990
Fat Rhymin',M.C.M.,Hip-Hop / Rap / R&B,Drums,1993
Walk On,Private Investigators,Hip-Hop / Rap / R&B,Vocals / Lyrics,1993
"Ghettoland, U.S.A.",Baritone Tiplove,Hip-Hop / Rap / R&B,Drums,1991
Criminals,A.M.W.,Hip-Hop / Rap / R&B,Drums,1990
Act Down Packed,HDV,Hip-Hop / Rap / R&B,Drums,1993
Still Huggin a Nut (S​.​H​.​A​.​N),KRS-One,Hip-Hop / Rap / R&B,Vocals / Lyrics,2016
Talking in My Sleep,Chanté Moore,Hip-Hop / Rap / R&B,Vocals / Lyrics,2013
L'uomo Allo Specchio,Frank Siciliano,Hip-Hop / Rap / R&B,Vocals / Lyrics,2015
Soul Plate,King Tee,Hip-Hop / Rap / R&B,Vocals / Lyrics,2012
Soul Plate,Deadly Threat,Hip-Hop / Rap / R&B,Vocals / Lyrics,2012
Soul Plate,Tha Chill,Hip-Hop / Rap / R&B,Vocals / Lyrics,2012
Dinner With a Supermodel,Shawn Chrystopher,Hip-Hop / Rap / R&B,Vocals / Lyrics,2013
Mysterious Place,KLIM Beats,Hip-Hop / Rap / R&B,Vocals / Lyrics,2018
Wheniminthespot,Marcus (BandCamp),Hip-Hop / Rap / R&B,Vocals / Lyrics,2015
Wheniminthespot,Baro,Hip-Hop / Rap / R&B,Vocals / Lyrics,2015
Wheniminthespot,KushDaddySlavens,Hip-Hop / Rap / R&B,Vocals / Lyrics,2015
Wheniminthespot,Sol' MANIC,Hip-Hop / Rap / R&B,Vocals / Lyrics,2015
Never Left,Swoope,Hip-Hop / Rap / R&B,Vocals / Lyrics,2017
Where You From,Phil Ade,Hip-Hop / Rap / R&B,Vocals / Lyrics,2011
Where You From,Fat Trel,Hip-Hop / Rap / R&B,Vocals / Lyrics,2011
Check Me Out Baby Pah,Lord Finesse,Hip-Hop / Rap / R&B,Drums,2003
Check Me Out Baby Pah,Page the Hand Grenade,Hip-Hop / Rap / R&B,Drums,2003
Down & Dirty,TMC,Hip-Hop / Rap / R&B,Vocals / Lyrics,1994
Spell My Name,Defari,Hip-Hop / Rap / R&B,Vocals / Lyrics,2003
THUGGed Out Zombies,Elzhi,Hip-Hop / Rap / R&B,Vocals / Lyrics,2020
Geechie Squaw,Da Phlayva,Hip-Hop / Rap / R&B,Drums,1993
Permanent (Take a Look Around),Reveille,Rock / Pop,Vocals / Lyrics,1999
Valoompadoom Pink,E.S.P.,Hip-Hop / Rap / R&B,Vocals / Lyrics,1991
Uphill Peace of Mind,B.A.D. Rep,Hip-Hop / Rap / R&B,Multiple Elements,1989
Flex,2Pac,Hip-Hop / Rap / R&B,Drums,1993
Flex,Live Squad,Hip-Hop / Rap / R&B,Drums,1993
S&G,Social Club,Hip-Hop / Rap / R&B,Vocals / Lyrics,2012
S&G,Rey King,Hip-Hop / Rap / R&B,Vocals / Lyrics,2012
Ask Somebody,Consequence,Hip-Hop / Rap / R&B,Multiple Elements,2016
Ask Somebody,Ty Dolla $ign,Hip-Hop / Rap / R&B,Multiple Elements,2016
Ask Somebody,Tony Yayo,Hip-Hop / Rap / R&B,Multiple Elements,2016
Funk Wrecker,Massive Ring,Hip-Hop / Rap / R&B,Drums,1993
Combination Reggae Dancing,Luke Vibert,Electronic / Dance,Drums,2007
Kör Bara,Aleks,Hip-Hop / Rap / R&B,Vocals / Lyrics,2014
Everybody Knows,Unanimous Decision,Hip-Hop / Rap / R&B,Vocals / Lyrics,1993
Tik Tok,Ice One,Hip-Hop / Rap / R&B,Drums,1995
How the Gods Chill,Sean Price,Rock / Pop,Multiple Elements,2011
How the Gods Chill,Cold World,Rock / Pop,Multiple Elements,2011
Everything to Me,Kembe X,Hip-Hop / Rap / R&B,Vocals / Lyrics,2011
Oslo,Free Nationals,Hip-Hop / Rap / R&B,Vocals / Lyrics,2019
Oslo,Callum Connor,Hip-Hop / Rap / R&B,Vocals / Lyrics,2019
Oslo,T.Nava,Hip-Hop / Rap / R&B,Vocals / Lyrics,2019
Call of the Wild,Bumpy Knuckles,Hip-Hop / Rap / R&B,Drums,2008
Shout to Ya,Hi-C,Hip-Hop / Rap / R&B,Drums,1993
Where Is the Bass,Boyz Wit Da Bass,Hip-Hop / Rap / R&B,Drums,1993
Hometown Music,Dawson Bailey,Hip-Hop / Rap / R&B,Vocals / Lyrics,2015
It's That Simple,Jaz,Hip-Hop / Rap / R&B,Drums,1990
It's That Simple,Jay-Z,Hip-Hop / Rap / R&B,Drums,1990
Guaranteed (Real Sh*t),Professor P,Hip-Hop / Rap / R&B,Vocals / Lyrics,2012
Guaranteed (Real Sh*t),DJ Akilles,Hip-Hop / Rap / R&B,Vocals / Lyrics,2012
Il Poco Che C'ho,Don Diegoh,Hip-Hop / Rap / R&B,Drums,2015
Il Poco Che C'ho,Ice One,Hip-Hop / Rap / R&B,Drums,2015
Il Poco Che C'ho,Chef Ragoo,Hip-Hop / Rap / R&B,Drums,2015
Dogz,Agallah,Hip-Hop / Rap / R&B,Drums,2012
Dogz,Onyx,Hip-Hop / Rap / R&B,Drums,2012
A.Y. Boogaloo,A.Y.B Force,Soul / Funk / Disco,Multiple Elements,2006
The Movement,Inspectah Deck,Hip-Hop / Rap / R&B,Vocals / Lyrics,2003
Hood Cries (Unjust Scales 2),Bizzle,Hip-Hop / Rap / R&B,Vocals / Lyrics,2014
The Science,Showbiz,Hip-Hop / Rap / R&B,Vocals / Lyrics,2018
The Science,David Barrs,Hip-Hop / Rap / R&B,Vocals / Lyrics,2018
The Science,O.C.,Hip-Hop / Rap / R&B,Vocals / Lyrics,2018
Put Your Hands Together (Mixbusters Remix),Eric B. & Rakim,Hip-Hop / Rap / R&B,Vocals / Lyrics,1988
Survival,Vivace,Electronic / Dance,Drums,2015
Survival,Phenom (French House),Electronic / Dance,Drums,2015
Cannibals,13,Hip-Hop / Rap / R&B,Vocals / Lyrics,2001
Louder,Unknown Prophets,Hip-Hop / Rap / R&B,Vocals / Lyrics,2011
Cosa C'è Che Non Va?,Mistaman,Hip-Hop / Rap / R&B,Vocals / Lyrics,2008
Badd Boyz,The Almighty RSO,Hip-Hop / Rap / R&B,Drums,1993
Out There but in There,Downtown Science,Hip-Hop / Rap / R&B,Vocals / Lyrics,1991
Big Respect,Lastrawze,Hip-Hop / Rap / R&B,Drums,1995
Sad Girls (Live),Pip Millett,Soul / Funk / Disco,Multiple Elements,2021
Refuge,Alex Faith,Hip-Hop / Rap / R&B,Vocals / Lyrics,2013
Refuge,Dre Murray,Hip-Hop / Rap / R&B,Vocals / Lyrics,2013
Refuge,JGivens,Hip-Hop / Rap / R&B,Vocals / Lyrics,2013
C.D.P. Assassins Pt. 2 & 3,Madlib,Hip-Hop / Rap / R&B,Vocals / Lyrics,2010
One Deep,Proper Dos,Hip-Hop / Rap / R&B,Vocals / Lyrics,1995
Prayers,Trey Songz,Hip-Hop / Rap / R&B,Vocals / Lyrics,2015
Prayers,Chisanity,Hip-Hop / Rap / R&B,Vocals / Lyrics,2015
Prayers,J.R.,Hip-Hop / Rap / R&B,Vocals / Lyrics,2015
Snakes in the Grass,PHD,Hip-Hop / Rap / R&B,Drums,1991
Organic Greens,Tristate,Hip-Hop / Rap / R&B,Vocals / Lyrics,2023
My Other Gun,Ne-Yo,Hip-Hop / Rap / R&B,Multiple Elements,2012
I Like to Win,Shonlock,Hip-Hop / Rap / R&B,Vocals / Lyrics,2014
Il Cuore E La Fame,E-Green,Hip-Hop / Rap / R&B,Vocals / Lyrics,2013
Represent,Krucked M-Age,Hip-Hop / Rap / R&B,Drums,1995
Party Wit Me,Brownstone,Hip-Hop / Rap / R&B,Drums,1994
Bombing in 5 Minutes,Gunshot,Hip-Hop / Rap / R&B,Vocals / Lyrics,1993
Louder,Neef Buck,Hip-Hop / Rap / R&B,Vocals / Lyrics,2012
Don't Test,Radical Stuff,Hip-Hop / Rap / R&B,Drums,1994
All That Gold,Casey Veggies,Hip-Hop / Rap / R&B,Vocals / Lyrics,2015
Comin With Da Flow,Misphitz,Hip-Hop / Rap / R&B,Drums,1994
Word on the Street,Rakim,Hip-Hop / Rap / R&B,Vocals / Lyrics,2008
Nines Kept Loaded,Trinity Garden Cartel,Hip-Hop / Rap / R&B,Drums,1992
Thuggin,Trae Tha Truth,Hip-Hop / Rap / R&B,Vocals / Lyrics,2017
Thuggin,Young Thug,Hip-Hop / Rap / R&B,Vocals / Lyrics,2017
Thuggin,Skippa Da Flippa,Hip-Hop / Rap / R&B,Vocals / Lyrics,2017
607,Plug,Electronic / Dance,Drums,1995
Fame,Vanilla Ice,Hip-Hop / Rap / R&B,Vocals / Lyrics,1994
Snakes,Kamakazee,Hip-Hop / Rap / R&B,Vocals / Lyrics,1997
No Nonsense,Nefertiti,Hip-Hop / Rap / R&B,Drums,1994
Le Nostre Ali,Don Joe,Hip-Hop / Rap / R&B,Vocals / Lyrics,2015
Le Nostre Ali,Francesca Michielin,Hip-Hop / Rap / R&B,Vocals / Lyrics,2015
Smell the Roses,Mark Battles,Hip-Hop / Rap / R&B,Vocals / Lyrics,2014
Complicated,Tedashii,Hip-Hop / Rap / R&B,Vocals / Lyrics,2014
Complicated,Christon Gray,Hip-Hop / Rap / R&B,Vocals / Lyrics,2014
Arde,Hordatoj,Hip-Hop / Rap / R&B,Multiple Elements,2021
Roll W/ the Flavor,Young Black Teenagers,Hip-Hop / Rap / R&B,Drums,1993
Suit & Tie,Swoope,Gospel,Vocals / Lyrics,2011
Real Life Parts 1 & 2,O.C.,Hip-Hop / Rap / R&B,Vocals / Lyrics,2017
Season of the Witch,Jenny Devivo,Electronic / Dance,Vocals / Lyrics,2000
Diary of a Mad Bitch,Boss,Hip-Hop / Rap / R&B,Drums,1992
Declaration,De La Soul,Hip-Hop / Rap / R&B,Vocals / Lyrics,2000
I Got Me,PnB Rock,Hip-Hop / Rap / R&B,Vocals / Lyrics,2015
I Got Me,PnB Chizz,Hip-Hop / Rap / R&B,Vocals / Lyrics,2015
That's How I'm Livin' (On the Rox Remix),Ice-T,Hip-Hop / Rap / R&B,Drums,1993
Ease Up Jaz,Jaz,Hip-Hop / Rap / R&B,Vocals / Lyrics,1990
Coming From London,Richie Rich,Hip-Hop / Rap / R&B,Drums,1989
Rock Creek Spark,The Alchemist,Hip-Hop / Rap / R&B,Multiple Elements,2013
Rock Creek Spark,Raekwon,Hip-Hop / Rap / R&B,Multiple Elements,2013
Alfred & Church,SWIDT,Hip-Hop / Rap / R&B,Vocals / Lyrics,2017
Miss Amutha Nature,Nefertiti,Hip-Hop / Rap / R&B,Vocals / Lyrics,1993
Get Serious (Hot Temptation Edit),Cut 'N' Move,Electronic / Dance,Drums,1991
Relativity,DELAY.,Electronic / Dance,Vocals / Lyrics,2017
Relativity,Singularis,Electronic / Dance,Vocals / Lyrics,2017
Life Beneath the Reactor,Jenova 7,Hip-Hop / Rap / R&B,Drums,2012
Thinkin' Cap,All Natural,Hip-Hop / Rap / R&B,Vocals / Lyrics,1997
Rock,Dynamic Syncopation,Hip-Hop / Rap / R&B,Vocals / Lyrics,1999
In Ya Area Remix,Flesha,Hip-Hop / Rap / R&B,Vocals / Lyrics,2011
N***as Going Down,O.F.T.B.,Hip-Hop / Rap / R&B,Drums,2011
To My Bed,Chris Brown,Hip-Hop / Rap / R&B,Vocals / Lyrics,2017
El Sitio Del Suceso,Byrone,Hip-Hop / Rap / R&B,Vocals / Lyrics,2014
El Sitio Del Suceso,Jonas Sanche,Hip-Hop / Rap / R&B,Vocals / Lyrics,2014
El Sitio Del Suceso,CHR,Hip-Hop / Rap / R&B,Vocals / Lyrics,2014
Uh Oh,Evidence,Hip-Hop / Rap / R&B,Vocals / Lyrics,2008
Relance,Loveni,Hip-Hop / Rap / R&B,Vocals / Lyrics,2019
Relance,Ichon,Hip-Hop / Rap / R&B,Vocals / Lyrics,2019
Tiranosaurius Rex,Escandaloso Xpósito & Hartosopash,Hip-Hop / Rap / R&B,Vocals / Lyrics,2020
Tiranosaurius Rex,Kase.O,Hip-Hop / Rap / R&B,Vocals / Lyrics,2020
Interview #4080,Madlib,Hip-Hop / Rap / R&B,Vocals / Lyrics,2011
Interview #4080,Karriem Riggins,Hip-Hop / Rap / R&B,Vocals / Lyrics,2011
No. 9,Scha Dara Parr,Hip-Hop / Rap / R&B,Drums,1996
Places We've Never Been,Tre Capital,Hip-Hop / Rap / R&B,Vocals / Lyrics,2014
Way Up,Hus Kingpin,Hip-Hop / Rap / R&B,Vocals / Lyrics,2019
Way Up,SmooVth,Hip-Hop / Rap / R&B,Vocals / Lyrics,2019
Kill These Niggas,T-Pain,Hip-Hop / Rap / R&B,Vocals / Lyrics,2015
Intro,Shad,Hip-Hop / Rap / R&B,Vocals / Lyrics,2010
What the F#*! (Going on in Here),Sean Boston,Hip-Hop / Rap / R&B,Vocals / Lyrics,1999
What the F#*! (Going on in Here),Missin' Linx,Hip-Hop / Rap / R&B,Vocals / Lyrics,1999
Charlie Brown,deM atlaS,Hip-Hop / Rap / R&B,Multiple Elements,2013
They Like Me,KJ-52,Gospel,Vocals / Lyrics,2012
They Like Me,Lecrae,Gospel,Vocals / Lyrics,2012
Set It,Slum Village,Hip-Hop / Rap / R&B,Drums,2005
Brand New Sound,Mix Master Spade,Hip-Hop / Rap / R&B,Vocals / Lyrics,1989
Brand New Sound,Jazzie Redd,Hip-Hop / Rap / R&B,Vocals / Lyrics,1989
Downlo Ho,Scientifik,Hip-Hop / Rap / R&B,Vocals / Lyrics,1994
First Day of School,Craig G,Hip-Hop / Rap / R&B,Vocals / Lyrics,1989
Intro,Bekay,Hip-Hop / Rap / R&B,Multiple Elements,2009
J Rocc Radio Promo,Sound Providers,Hip-Hop / Rap / R&B,Vocals / Lyrics,2005
Live at Your Own Risk,Agallah,Hip-Hop / Rap / R&B,Vocals / Lyrics,2019
Live at Your Own Risk,Yatzee Yates,Hip-Hop / Rap / R&B,Vocals / Lyrics,2019
So Deadly,Swollen Members,Hip-Hop / Rap / R&B,Vocals / Lyrics,2006
I Feel It (Remix),L.O.D.,Hip-Hop / Rap / R&B,Vocals / Lyrics,1996
Wild Thing,E.S.P.,Hip-Hop / Rap / R&B,Drums,1988
Imperial,Kid Art,Hip-Hop / Rap / R&B,Multiple Elements,2014
Imperial,Vinny Cha$e,Hip-Hop / Rap / R&B,Multiple Elements,2014
Independent Woman,Roxanne Shanté,Hip-Hop / Rap / R&B,Vocals / Lyrics,1989
Shoots and Ladders (Hip Hop Remix),Korn,Electronic / Dance,Multiple Elements,1994
Blue Yankee Fitted,Skyzoo,Hip-Hop / Rap / R&B,Drums,2014
Blue Yankee Fitted,Torae,Hip-Hop / Rap / R&B,Drums,2014
Between the Fro,Bassbin Twins,Electronic / Dance,Vocals / Lyrics,1996
"Who's That Man, Moma",Devin the Dude,Hip-Hop / Rap / R&B,Vocals / Lyrics,2002
It'z On,Tha Mexakinz,Hip-Hop / Rap / R&B,Drums,1994
Bus Dat Ass,King Tee,Hip-Hop / Rap / R&B,Vocals / Lyrics,1992
Bus Dat Ass,Tha Alkaholiks,Hip-Hop / Rap / R&B,Vocals / Lyrics,1992
Advance,Vowl.,Electronic / Dance,Vocals / Lyrics,2017
It's Alright,Classic Example,Hip-Hop / Rap / R&B,Drums,1992
Halt Mich Auf,Chima Ede,Hip-Hop / Rap / R&B,Vocals / Lyrics,2016
Halt Mich Auf,Ghanaian Stallion,Hip-Hop / Rap / R&B,Vocals / Lyrics,2016
Bait,Ultramagnetic MC's,Hip-Hop / Rap / R&B,Vocals / Lyrics,1987
Asics,Eto,Hip-Hop / Rap / R&B,Vocals / Lyrics,2017
Asics,V. Don,Hip-Hop / Rap / R&B,Vocals / Lyrics,2017
Divine Intervention,Lecrae,Gospel,Vocals / Lyrics,2010
Divine Intervention,J.R.,Gospel,Vocals / Lyrics,2010
Fuck You Think,Dave East,Hip-Hop / Rap / R&B,Vocals / Lyrics,2014
Legendary Lullaby,Rapper Big Pooh,Hip-Hop / Rap / R&B,Vocals / Lyrics,2011
Le Devoir M'Appelle,Démocrates D,Hip-Hop / Rap / R&B,Drums,1995
Can You Dig It,Capital Tax,Hip-Hop / Rap / R&B,Vocals / Lyrics,1993
Tylko Ty,Hades,Hip-Hop / Rap / R&B,Vocals / Lyrics,2017
My City,O.C.,Hip-Hop / Rap / R&B,Vocals / Lyrics,2017
Mecca & the Soul Brother (Wig Out Mix),Pete Rock & C.L. Smooth,Hip-Hop / Rap / R&B,Drums,1991
Someday,Tae Beast,Hip-Hop / Rap / R&B,Vocals / Lyrics,2012
Hit the Track,UMC's,Hip-Hop / Rap / R&B,Drums,1994
Somebody to Love (Intro),Darien Brockington,Hip-Hop / Rap / R&B,Multiple Elements,2006
The Chronicles (I Will Always Love H.E.R.),Peanut Butter Wolf,Hip-Hop / Rap / R&B,Multiple Elements,1996
Misery,Laster,Hip-Hop / Rap / R&B,Vocals / Lyrics,1997
Tale of Five Cities,Peanut Butter Wolf,Hip-Hop / Rap / R&B,Vocals / Lyrics,1998
Game of Death,Esham,Hip-Hop / Rap / R&B,Drums,1993
Game of Death,Mastamind,Hip-Hop / Rap / R&B,Drums,1993
Game of Death,TNT (Of NATAS),Hip-Hop / Rap / R&B,Drums,1993
Sweatin Bullets,Brand Nubian,Hip-Hop / Rap / R&B,Drums,1994
1000 Bars Die Meisterprüfung,Eko Fresh,Hip-Hop / Rap / R&B,Vocals / Lyrics,2014
Diggin' on You (Untouchables Mix),TLC,Hip-Hop / Rap / R&B,Drums,1995
All She Wanted,Knucklehedz,Hip-Hop / Rap / R&B,Multiple Elements,1993
Cúpido,Expensive Soul,Hip-Hop / Rap / R&B,Drums,2014
Мастера Слов Слияния,Boora,Hip-Hop / Rap / R&B,Vocals / Lyrics,2014
Smoke & Mirrors,No Malice,Hip-Hop / Rap / R&B,Vocals / Lyrics,2013
Smoke & Mirrors,Ab-Liva,Hip-Hop / Rap / R&B,Vocals / Lyrics,2013
We Will Rock You,Snoop Dogg,Hip-Hop / Rap / R&B,Vocals / Lyrics,1999
Amistad,Taelor Gray,Hip-Hop / Rap / R&B,Vocals / Lyrics,2017
Amistad,Tragic Hero,Hip-Hop / Rap / R&B,Vocals / Lyrics,2017
I Can't Hear You (Ill Head Mix),Top Quality,Hip-Hop / Rap / R&B,Vocals / Lyrics,1994
New Jux City / Savage,Dave East,Hip-Hop / Rap / R&B,Vocals / Lyrics,2014
Dopemix Vol. 2,DJ Prince Ice,Hip-Hop / Rap / R&B,Vocals / Lyrics,1989
Sirens,Slum Village,Hip-Hop / Rap / R&B,Vocals / Lyrics,2013
In the Arms of a Stranger,Mike Posner,Rock / Pop,Vocals / Lyrics,2016
Your Tempo,Kasbo,Rock / Pop,Drums,2018
So Def,MC Shan,Hip-Hop / Rap / R&B,Vocals / Lyrics,1988
Scorpio Child,Joe Young,Hip-Hop / Rap / R&B,Vocals / Lyrics,2012
Scorpio Child,Prodigy,Hip-Hop / Rap / R&B,Vocals / Lyrics,2012
Uniquement Pour Les Miens,Ideal J,Hip-Hop / Rap / R&B,Drums,1996
Fanatic,Funky DL,Hip-Hop / Rap / R&B,Vocals / Lyrics,2019
Buffalo Soldier,Marley Marl,Hip-Hop / Rap / R&B,Vocals / Lyrics,1991
Interlude (Strictly Turntablized Track),DJ Krush,Hip-Hop / Rap / R&B,Drums,1994
Dillatronic 06,J Dilla,Hip-Hop / Rap / R&B,Multiple Elements,2015
Provokerer Onanerer,MC Einar,Hip-Hop / Rap / R&B,Drums,1988
Wrong Side of the Tracks,The Slew,Electronic / Dance,Vocals / Lyrics,2009
I Gotta Good Thing (Remix),Super Lover Cee & Casanova Rud,Hip-Hop / Rap / R&B,Multiple Elements,1988
Waterfalls,Luke Christopher,Hip-Hop / Rap / R&B,Vocals / Lyrics,2017
Boss Guitar,DJ Cam Quartet,Hip-Hop / Rap / R&B,Vocals / Lyrics,2009
Funyons,Durag Dynasty,Hip-Hop / Rap / R&B,Vocals / Lyrics,2013
Home,Leavv,Hip-Hop / Rap / R&B,Vocals / Lyrics,2018
Death in Me,Braille,Hip-Hop / Rap / R&B,Multiple Elements,2011
Death in Me,Theory Hazit,Hip-Hop / Rap / R&B,Multiple Elements,2011
Death in Me,Odd Thomas,Hip-Hop / Rap / R&B,Multiple Elements,2011
Alaska,Gemitaiz,Hip-Hop / Rap / R&B,Vocals / Lyrics,2018
Alaska,Priestess,Hip-Hop / Rap / R&B,Vocals / Lyrics,2018
Positional Bypass,Sic Sense,Hip-Hop / Rap / R&B,Vocals / Lyrics,1995
Revolution,Raury,Soul / Funk / Disco,Vocals / Lyrics,2015
Watchin' Me,Frayser Boy,Hip-Hop / Rap / R&B,Drums,2003
Brooklyn,Hudson Mohawke,Hip-Hop / Rap / R&B,Vocals / Lyrics,2020
Respect L'Ancienne Ecole,Assassin,Hip-Hop / Rap / R&B,Drums,1992
Rated P.G.,Da Youngsta's,Hip-Hop / Rap / R&B,Drums,1992
The Sound You Hear,The Wiseguys,Electronic / Dance,Vocals / Lyrics,1996
Hot Winter Cold Summer,Elzhi,Hip-Hop / Rap / R&B,Vocals / Lyrics,2020
Nuh Uh,JAK3,Hip-Hop / Rap / R&B,Vocals / Lyrics,2019
Nuh Uh,Tgwog,Hip-Hop / Rap / R&B,Vocals / Lyrics,2019
Nuh Uh,Slavery,Hip-Hop / Rap / R&B,Vocals / Lyrics,2019
Nuh Uh,YVNCC,Hip-Hop / Rap / R&B,Vocals / Lyrics,2019
Don't Cum Strapped,Percee P,Hip-Hop / Rap / R&B,Vocals / Lyrics,2005
Give It to Ya Raw,Ol' Dirty Bastard,Hip-Hop / Rap / R&B,Drums,1995
Don't Go (2003),Mary J. Blige,Hip-Hop / Rap / R&B,Drums,2003
Lonely Monday Morning (Remix),Snow,Hip-Hop / Rap / R&B,Drums,1993
Ex Nihilo,Andy Mineo,Hip-Hop / Rap / R&B,Vocals / Lyrics,2013
Ex Nihilo,Christon Gray,Hip-Hop / Rap / R&B,Vocals / Lyrics,2013
Some Shit @ 78 BPM (The Scratch Opera),Buckshot LeFonque,Jazz / Blues,Vocals / Lyrics,1994
I'll Wait,PMD,Hip-Hop / Rap / R&B,Drums,1994
I'll Wait,Zone 7,Hip-Hop / Rap / R&B,Drums,1994
Im Tupac,Lil B,Hip-Hop / Rap / R&B,Vocals / Lyrics,2014
Superster,Jiggy Djé,Hip-Hop / Rap / R&B,Vocals / Lyrics,2009
Breaker 1/9 (Beat Nuts Remix),Common,Hip-Hop / Rap / R&B,Multiple Elements,1992
Woske,Olamide,Hip-Hop / Rap / R&B,Vocals / Lyrics,2019
Money,Phil Ade,Hip-Hop / Rap / R&B,Vocals / Lyrics,2013
Money,Phil Da Phuture,Hip-Hop / Rap / R&B,Vocals / Lyrics,2013
Lucid,Airospace,Hip-Hop / Rap / R&B,Multiple Elements,2013
Another World (Beatminerz Remix),Da Beatminerz,Hip-Hop / Rap / R&B,Vocals / Lyrics,2012
Another World (Beatminerz Remix),Black Star,Hip-Hop / Rap / R&B,Vocals / Lyrics,2012
Chino No Olho,Conjunto Corona,Hip-Hop / Rap / R&B,Vocals / Lyrics,2016
My Time,K Koke,Hip-Hop / Rap / R&B,Vocals / Lyrics,2013
My Time,Bridget Kelly,Hip-Hop / Rap / R&B,Vocals / Lyrics,2013
Play the Next Man (Remix),EPMD,Hip-Hop / Rap / R&B,Drums,2019
Mutual Friend,Jessie Reyez,Rock / Pop,Vocals / Lyrics,2022
Rockin' Music,Steady B,Hip-Hop / Rap / R&B,Vocals / Lyrics,1987
Not Your Average Joe,DJ Kay Slay,Hip-Hop / Rap / R&B,Multiple Elements,2004
Not Your Average Joe,Joe Budden,Hip-Hop / Rap / R&B,Multiple Elements,2004
Not Your Average Joe,Fat Joe,Hip-Hop / Rap / R&B,Multiple Elements,2004
Not Your Average Joe,Joe,Hip-Hop / Rap / R&B,Multiple Elements,2004
Juste Pour Le Fun,Suprême NTM,Hip-Hop / Rap / R&B,Vocals / Lyrics,1993
On Tempo Jack,Phill Most Chill,Hip-Hop / Rap / R&B,Multiple Elements,1988
Talm' Bout,Chris Brown,Hip-Hop / Rap / R&B,Vocals / Lyrics,2022
Hoodmorning,The Game,Hip-Hop / Rap / R&B,Multiple Elements,2011
GWOP EXPENSES,Giggs,Hip-Hop / Rap / R&B,Multiple Elements,2019
GWOP EXPENSES,Wretch 32,Hip-Hop / Rap / R&B,Multiple Elements,2019
The DFLO Shuttle,Digital Underground,Hip-Hop / Rap / R&B,Drums,1991
Sorry 4 What? // LV BELT,Tory Lanez,Hip-Hop / Rap / R&B,Vocals / Lyrics,2022
It's Too Late,Wale,Hip-Hop / Rap / R&B,Vocals / Lyrics,2016
Banging Sound,Step Brothers,Hip-Hop / Rap / R&B,Vocals / Lyrics,2014
Pani Bum Bum,Fisz,Hip-Hop / Rap / R&B,Vocals / Lyrics,2008
Pani Bum Bum,Emade,Hip-Hop / Rap / R&B,Vocals / Lyrics,2008
Beat Down,Waajeed,Hip-Hop / Rap / R&B,Multiple Elements,2003
Soul Brother #1,Pete Rock & C.L. Smooth,Hip-Hop / Rap / R&B,Multiple Elements,1992
Louder,"Sport ""G"" and Mastermind",Hip-Hop / Rap / R&B,Vocals / Lyrics,1987
Love & Hate,Kero One,Hip-Hop / Rap / R&B,Vocals / Lyrics,2012
Love & Hate,Myk,Hip-Hop / Rap / R&B,Vocals / Lyrics,2012
Windows,BIGVON,Hip-Hop / Rap / R&B,Vocals / Lyrics,2014
Windows,Keak Da Sneak,Hip-Hop / Rap / R&B,Vocals / Lyrics,2014
Windows,The Jacka,Hip-Hop / Rap / R&B,Vocals / Lyrics,2014
Windows,Mickey Shiloh,Hip-Hop / Rap / R&B,Vocals / Lyrics,2014
Homage to Ali Shaheed,Focus...,Hip-Hop / Rap / R&B,Vocals / Lyrics,2010
Homage to Ali Shaheed,Von Pea,Hip-Hop / Rap / R&B,Vocals / Lyrics,2010
Homage to Ali Shaheed,Donwill,Hip-Hop / Rap / R&B,Vocals / Lyrics,2010
Homage to Ali Shaheed,Chaundon,Hip-Hop / Rap / R&B,Vocals / Lyrics,2010
Der Wahrheit,RAF Camora,Hip-Hop / Rap / R&B,Vocals / Lyrics,2014
Der Wahrheit,Chakuza,Hip-Hop / Rap / R&B,Vocals / Lyrics,2014
Der Wahrheit,Joshi Mizu,Hip-Hop / Rap / R&B,Vocals / Lyrics,2014
Checkbook,The Nonce,Hip-Hop / Rap / R&B,Vocals / Lyrics,1998
Brooklyn Blew Up the Bridge,MC Mitchski,Hip-Hop / Rap / R&B,Vocals / Lyrics,1987
187,M.O.P.,Hip-Hop / Rap / R&B,Drums,2014
Supa Jean,DJ Jazzy Jeff,Hip-Hop / Rap / R&B,Vocals / Lyrics,2007
Supa Jean,Jean Grae,Hip-Hop / Rap / R&B,Vocals / Lyrics,2007
You Moog Me,Luke Vibert,Electronic / Dance,Vocals / Lyrics,2007
You Moog Me,Jean-Jacques Perrey,Electronic / Dance,Vocals / Lyrics,2007
Deep Porn (VIP Mix),AK1200,Electronic / Dance,Vocals / Lyrics,1999
Deep Porn (VIP Mix),Danny Breaks,Electronic / Dance,Vocals / Lyrics,1999
Movies 2 Groupies,Lootpack,Hip-Hop / Rap / R&B,Vocals / Lyrics,2002
Pimp Behind the Wheels (DJ Evil E the Great),Ice-T,Hip-Hop / Rap / R&B,Drums,1993
Terre's Theme,GrandeMarshall,Hip-Hop / Rap / R&B,Multiple Elements,2012
Time After Time,Jae Millz,Hip-Hop / Rap / R&B,Vocals / Lyrics,2014
Time After Time,Dave East,Hip-Hop / Rap / R&B,Vocals / Lyrics,2014
Time After Time,Styles P,Hip-Hop / Rap / R&B,Vocals / Lyrics,2014
Dana Dane Is Coming to Town,Dana Dane,Hip-Hop / Rap / R&B,Drums,1987
And We,P. Diddy,Hip-Hop / Rap / R&B,Vocals / Lyrics,2002
And We,Black Rob,Hip-Hop / Rap / R&B,Vocals / Lyrics,2002
And We,Foxy Brown,Hip-Hop / Rap / R&B,Vocals / Lyrics,2002
And We,Craig Mack,Hip-Hop / Rap / R&B,Vocals / Lyrics,2002
And We,G. Dep,Hip-Hop / Rap / R&B,Vocals / Lyrics,2002
And We,Kain,Hip-Hop / Rap / R&B,Vocals / Lyrics,2002
And We,Big Azz Ko,Hip-Hop / Rap / R&B,Vocals / Lyrics,2002
Walk Like a Duck,Kurious,Hip-Hop / Rap / R&B,Multiple Elements,1992
True to the Game,Ice Cube,Hip-Hop / Rap / R&B,Drums,1991
Ragtime,Evidence,Hip-Hop / Rap / R&B,Vocals / Lyrics,2003
Falling Down,Evidence,Hip-Hop / Rap / R&B,Vocals / Lyrics,2011
Falling Down,Rahki,Hip-Hop / Rap / R&B,Vocals / Lyrics,2011
World Domination,Grav,Hip-Hop / Rap / R&B,Vocals / Lyrics,1996
Sight,90sFlav,Hip-Hop / Rap / R&B,Vocals / Lyrics,2018
Louder,Oh No,Hip-Hop / Rap / R&B,Drums,2009
It's Been a Long Time (Suave House Mix),Rakim,Hip-Hop / Rap / R&B,Vocals / Lyrics,1997
Bis Hier Und Noch Weiter,Adel Tawil,Rock / Pop,Vocals / Lyrics,2017
Bis Hier Und Noch Weiter,KC Rebell,Rock / Pop,Vocals / Lyrics,2017
Bis Hier Und Noch Weiter,Summer Cem,Rock / Pop,Vocals / Lyrics,2017
Coolin' in Cali,7A3,Hip-Hop / Rap / R&B,Vocals / Lyrics,1988
1979,Jehst,Hip-Hop / Rap / R&B,Drums,2002
Train of Thought,Mic Geronimo,Hip-Hop / Rap / R&B,Vocals / Lyrics,1995
G Style,Ice-T,Hip-Hop / Rap / R&B,Drums,1993
Beacon N Blender,Da Mafia 6ix,Hip-Hop / Rap / R&B,Vocals / Lyrics,2013
? Vs. Rahzel,The Roots,Hip-Hop / Rap / R&B,Vocals / Lyrics,1995
Monster,KB,Hip-Hop / Rap / R&B,Vocals / Lyrics,2017
Monster,Aha Gazelle,Hip-Hop / Rap / R&B,Vocals / Lyrics,2017
Cadillac,Marteria,Hip-Hop / Rap / R&B,Vocals / Lyrics,2017
"Justa ""Lil"" Dope",Masters at Work,Electronic / Dance,Vocals / Lyrics,1991
CAT GIRLS ARE RUINING MY LIFE!,CORPSE,Hip-Hop / Rap / R&B,Drums,2020
Don't Understand,Kendrick Lamar,Hip-Hop / Rap / R&B,Vocals / Lyrics,2011
Fingertips,J Dilla,Hip-Hop / Rap / R&B,Drums,1996
This Is Compton,Compton's Most Wanted,Hip-Hop / Rap / R&B,Vocals / Lyrics,1990
You & I,Riky Rick,Hip-Hop / Rap / R&B,Vocals / Lyrics,2019
You & I,Mlindo the Vocalist,Hip-Hop / Rap / R&B,Vocals / Lyrics,2019
"The Heist, Pt. 1",The Lox,Hip-Hop / Rap / R&B,Multiple Elements,1998
Episode XIX,Madlib,Hip-Hop / Rap / R&B,Vocals / Lyrics,2010
What Up King,Yaves,Hip-Hop / Rap / R&B,Multiple Elements,2013
What Up King,Young Joshua,Hip-Hop / Rap / R&B,Multiple Elements,2013
Get Right,B.o.B,Hip-Hop / Rap / R&B,Vocals / Lyrics,2014
Get Right,Mike Fresh,Hip-Hop / Rap / R&B,Vocals / Lyrics,2014
I Got 5 on It (Aphrodite's Original Dub Plate),Luniz,Electronic / Dance,Vocals / Lyrics,1998
A Day in Your Life,Charizma,Hip-Hop / Rap / R&B,Drums,2009
A Day in Your Life,Peanut Butter Wolf,Hip-Hop / Rap / R&B,Drums,2009
Pay Jay,Termanology,Hip-Hop / Rap / R&B,Vocals / Lyrics,2009
Pay Jay,Rapper Big Pooh,Hip-Hop / Rap / R&B,Vocals / Lyrics,2009
Pay Jay,Chaundon,Hip-Hop / Rap / R&B,Vocals / Lyrics,2009
Pay Jay,Joe Scudda,Hip-Hop / Rap / R&B,Vocals / Lyrics,2009
Nature Calling,四街道ネイチャー,Hip-Hop / Rap / R&B,Drums,1998
Sober Thoughts (Lido's Forgotten Sunday Service),GoldLink,Electronic / Dance,Vocals / Lyrics,2016
Home T.E.A.M.,Troy Ave,Hip-Hop / Rap / R&B,Vocals / Lyrics,2012
Home T.E.A.M.,Action Bronson,Hip-Hop / Rap / R&B,Vocals / Lyrics,2012
Home T.E.A.M.,Maffew Ragazino,Hip-Hop / Rap / R&B,Vocals / Lyrics,2012
Home T.E.A.M.,Mr. Muthafuckin' eXquire,Hip-Hop / Rap / R&B,Vocals / Lyrics,2012
The Birth,Ice Cube,Hip-Hop / Rap / R&B,Drums,1991
The Birth,Khalid Muhammad,Hip-Hop / Rap / R&B,Drums,1991
100 Keep It,V. Don,Hip-Hop / Rap / R&B,Multiple Elements,2013
100 Keep It,Smoke DZA,Hip-Hop / Rap / R&B,Multiple Elements,2013
100 Keep It,Bodega Bamz,Hip-Hop / Rap / R&B,Multiple Elements,2013
100 Keep It,Willie the Kid,Hip-Hop / Rap / R&B,Multiple Elements,2013
The Day It All Changed,G-EAZY,Hip-Hop / Rap / R&B,Vocals / Lyrics,2014
Waaaaaa,DJ Premier,Hip-Hop / Rap / R&B,Drums,2008
Right Now,Meek Mill,Hip-Hop / Rap / R&B,Multiple Elements,2013
Right Now,French Montana,Hip-Hop / Rap / R&B,Multiple Elements,2013
Right Now,Mase,Hip-Hop / Rap / R&B,Multiple Elements,2013
Right Now,Cory Gunz,Hip-Hop / Rap / R&B,Multiple Elements,2013
Carry the Tradition,Skyzoo,Hip-Hop / Rap / R&B,Multiple Elements,2019
Carry the Tradition,Pete Rock,Hip-Hop / Rap / R&B,Multiple Elements,2019
Carry the Tradition,Styles P,Hip-Hop / Rap / R&B,Multiple Elements,2019
Lot to Learn,Luke Christopher,Hip-Hop / Rap / R&B,Vocals / Lyrics,2015
Drug Dealer,Boogie Down Productions,Hip-Hop / Rap / R&B,Multiple Elements,1992
D.I.R.T. (Another Boot Camp Clik Yeah Song),Heltah Skeltah,Hip-Hop / Rap / R&B,Vocals / Lyrics,2008
The Specialist,Ali Vegas,Hip-Hop / Rap / R&B,Vocals / Lyrics,1999
Here We Go Again,J Dilla,Hip-Hop / Rap / R&B,Vocals / Lyrics,2014
Get Down,Monica,Hip-Hop / Rap / R&B,Drums,1995
Doctorin' the House,Coldcut,Rock / Pop,Vocals / Lyrics,1988
Doctorin' the House,Yazz,Rock / Pop,Vocals / Lyrics,1988
Doctorin' the House,The Plastic Population,Rock / Pop,Vocals / Lyrics,1988
Confused,Diamond D,Hip-Hop / Rap / R&B,Vocals / Lyrics,1992
Confused,The Psychotic Neurotics,Hip-Hop / Rap / R&B,Vocals / Lyrics,1992
Confused,Jasmine,Hip-Hop / Rap / R&B,Vocals / Lyrics,1992
Confused,Michelle Sweeting,Hip-Hop / Rap / R&B,Vocals / Lyrics,1992
Who Got My Back?,Trends of Culture,Hip-Hop / Rap / R&B,Drums,1993
Trouble Man,Inspectah Deck,Hip-Hop / Rap / R&B,Multiple Elements,1999
Black Unicorn,2 Chainz,Hip-Hop / Rap / R&B,Drums,2013
Black Unicorn,Chrisette Michele,Hip-Hop / Rap / R&B,Drums,2013
Black Unicorn,Sunni Patterson,Hip-Hop / Rap / R&B,Drums,2013
Living in the World of Hip Hop,MC Shan,Hip-Hop / Rap / R&B,Multiple Elements,1987
Middle of the Summer,Meek Mill,Hip-Hop / Rap / R&B,Vocals / Lyrics,2011
Middle of the Summer,Mel Love,Hip-Hop / Rap / R&B,Vocals / Lyrics,2011
Grin and Bear It,LMNO,Hip-Hop / Rap / R&B,Vocals / Lyrics,1999
Perception / Love All Around Me,Casey Veggies,Hip-Hop / Rap / R&B,Vocals / Lyrics,2013
Perception / Love All Around Me,Rockie Fresh,Hip-Hop / Rap / R&B,Vocals / Lyrics,2013
Perception / Love All Around Me,Kirko Bangz,Hip-Hop / Rap / R&B,Vocals / Lyrics,2013
C.D.P. Assassins Pt.1,Madlib,Hip-Hop / Rap / R&B,Vocals / Lyrics,2010
Freakit,Das EFX,Hip-Hop / Rap / R&B,Drums,1993
Codes & Cab Fare,Black Milk,Hip-Hop / Rap / R&B,Vocals / Lyrics,2013
Codes & Cab Fare,Black Thought,Hip-Hop / Rap / R&B,Vocals / Lyrics,2013
Roving Gangster (Rollin'),Kid Rock,Rock / Pop,Vocals / Lyrics,1998
My Love (Ware),Ohbliv,Hip-Hop / Rap / R&B,Drums,2012
Write That Rhyme (Salt & Peppa Diss),LA Star,Hip-Hop / Rap / R&B,Multiple Elements,1987
The Future,J Dilla,Hip-Hop / Rap / R&B,Multiple Elements,2005
Van Full of Pakistans,Yall So Stupid,Hip-Hop / Rap / R&B,Drums,1993
You're Gone,Statik Selektah,Hip-Hop / Rap / R&B,Multiple Elements,2011
You're Gone,Lil' Fame,Hip-Hop / Rap / R&B,Multiple Elements,2011
You're Gone,Talib Kweli,Hip-Hop / Rap / R&B,Multiple Elements,2011
You're Gone,Colin Munroe,Hip-Hop / Rap / R&B,Multiple Elements,2011
Two to the Head,Kool G Rap & DJ Polo,Hip-Hop / Rap / R&B,Drums,1992
Two to the Head,Scarface,Hip-Hop / Rap / R&B,Drums,1992
Two to the Head,Bushwick Bill,Hip-Hop / Rap / R&B,Drums,1992
Two to the Head,Ice Cube,Hip-Hop / Rap / R&B,Drums,1992
Pussy Ain't Nothin',Schoolly D,Hip-Hop / Rap / R&B,Multiple Elements,1989
Polyuréthane (Plastic Life),Disiz La Peste,Hip-Hop / Rap / R&B,Vocals / Lyrics,2012
Trickin,Dom Kennedy,Hip-Hop / Rap / R&B,Vocals / Lyrics,2017
Trickin,Hit-Boy,Hip-Hop / Rap / R&B,Vocals / Lyrics,2017
Trickin,B. Carr,Hip-Hop / Rap / R&B,Vocals / Lyrics,2017
Stone Cold,The Underachievers,Hip-Hop / Rap / R&B,Vocals / Lyrics,2018
Chain Gang,A.G.,Hip-Hop / Rap / R&B,Vocals / Lyrics,2016
Cancelled.,Kiana Ledé,Hip-Hop / Rap / R&B,Vocals / Lyrics,2020
Suicide Doors,Skyzoo,Hip-Hop / Rap / R&B,Drums,2015
Foot Forward,James Blake,Hip-Hop / Rap / R&B,Vocals / Lyrics,2021
Roots,Kasbo,Electronic / Dance,Drums,2018
Roots,Amanda Fondell,Electronic / Dance,Drums,2018
Authentik,Suprême NTM,Hip-Hop / Rap / R&B,Drums,1991
House of the Rising Son,Public Enemy,Hip-Hop / Rap / R&B,Multiple Elements,1998
Thanksgiving,Kendrick Lamar,Hip-Hop / Rap / R&B,Drums,2009
Thanksgiving,Rapper Big Pooh,Hip-Hop / Rap / R&B,Drums,2009
School of Hard Knocks,Double XX Posse,Hip-Hop / Rap / R&B,Drums,1992
Reppin' Alc,The Alchemist,Hip-Hop / Rap / R&B,Vocals / Lyrics,2006
Cock It Back,Natural Elements,Hip-Hop / Rap / R&B,Drums,1994
Cock It Back,G.Blass,Hip-Hop / Rap / R&B,Drums,1994
Endangered Species (Tales From the Darkside) (Remix),Ice Cube,Hip-Hop / Rap / R&B,Drums,1990
Endangered Species (Tales From the Darkside) (Remix),Chuck D,Hip-Hop / Rap / R&B,Drums,1990
OdeToYou,Flitz&Suppe,Hip-Hop / Rap / R&B,Vocals / Lyrics,2016
Hey You!,Bomb the Bass,Electronic / Dance,Drums,1988
Red Bird,Ben Reilly,Hip-Hop / Rap / R&B,Vocals / Lyrics,2021
GDMFSOB (Unkle Uncensored Mix),DJ Shadow,Hip-Hop / Rap / R&B,Vocals / Lyrics,2002
GDMFSOB (Unkle Uncensored Mix),Roots Manuva,Hip-Hop / Rap / R&B,Vocals / Lyrics,2002
Sympin Ain't Easy,Boyz II Men,Hip-Hop / Rap / R&B,Vocals / Lyrics,1992
Sympin Ain't Easy,Michael Bivins,Hip-Hop / Rap / R&B,Vocals / Lyrics,1992
The L,DJ Cam,Electronic / Dance,Vocals / Lyrics,2004
My Money,Z-Ro,Hip-Hop / Rap / R&B,Vocals / Lyrics,2016
On Tempo,Krispy 3,Hip-Hop / Rap / R&B,Vocals / Lyrics,1993
Chase Mine,Dej Loaf,Hip-Hop / Rap / R&B,Vocals / Lyrics,2016
War N Peace,Styles P,Hip-Hop / Rap / R&B,Vocals / Lyrics,2018
Duration Project Part 1,Sixtoo,Hip-Hop / Rap / R&B,Drums,2002
Off & on (M.O.L. Mix),Trends of Culture,Hip-Hop / Rap / R&B,Vocals / Lyrics,1993
Y'A Pas De Problème,Lionel.D,Hip-Hop / Rap / R&B,Vocals / Lyrics,1990
Můj Pes Má Hlad,Vladimir 518,Hip-Hop / Rap / R&B,Vocals / Lyrics,2013
Embryo Thought (Instrumental),Madlib,Hip-Hop / Rap / R&B,Vocals / Lyrics,2011
Bound,Twerl,Electronic / Dance,Vocals / Lyrics,2017
Bound,Yagi,Electronic / Dance,Vocals / Lyrics,2017
Bound,Von Alexander,Electronic / Dance,Vocals / Lyrics,2017
Jameson,Jay Sean,Hip-Hop / Rap / R&B,Vocals / Lyrics,2014
Make It Funky,Seville,Hip-Hop / Rap / R&B,Vocals / Lyrics,1987
Make It Funky,Jazzy Jay,Hip-Hop / Rap / R&B,Vocals / Lyrics,1987
Make It Funky,King Shameek,Hip-Hop / Rap / R&B,Vocals / Lyrics,1987
Heroes,Tinie Tempah,Hip-Hop / Rap / R&B,Vocals / Lyrics,2013
Heroes,Laura Mvula,Hip-Hop / Rap / R&B,Vocals / Lyrics,2013
Street Smart,Da Youngsta's,Hip-Hop / Rap / R&B,Vocals / Lyrics,1992
Top of the Line,M.O.P.,Hip-Hop / Rap / R&B,Multiple Elements,1994
Mad Flavor Mad Style,Trends of Culture,Hip-Hop / Rap / R&B,Vocals / Lyrics,1993
Let Me Get Down (Original Version),The Notorious B.I.G.,Hip-Hop / Rap / R&B,Drums,1995
Let Me Get Down (Original Version),Craig Mack,Hip-Hop / Rap / R&B,Drums,1995
You + Me = Love,Lisa Lisa & Cult Jam,Hip-Hop / Rap / R&B,Drums,1991
Homicide Ride,Channel Live,Hip-Hop / Rap / R&B,Drums,1995
Trap Royalty,Fabolous,Hip-Hop / Rap / R&B,Vocals / Lyrics,2015
Trap Royalty,Mike Davis,Hip-Hop / Rap / R&B,Vocals / Lyrics,2015
4 O'Clock Rumble,John Cameron,Electronic / Dance,Drums,2009
4 O'Clock Rumble,A Skillz,Electronic / Dance,Drums,2009
4 O'Clock Rumble,Thomas D Mills,Electronic / Dance,Drums,2009
Maintenant Ou Jamais (Remix),Different Teep,Hip-Hop / Rap / R&B,Multiple Elements,1997
Rude Boy,Night Dwellers,Hip-Hop / Rap / R&B,Drums,1995
Rude Boy,Ruffian,Hip-Hop / Rap / R&B,Drums,1995
Micski Is Blasting,Awesome of Course Crew,Hip-Hop / Rap / R&B,Multiple Elements,1988
The Man on My Left Shoulder,Quadeca,Hip-Hop / Rap / R&B,Vocals / Lyrics,2019
RAW,Metrickz,Hip-Hop / Rap / R&B,Vocals / Lyrics,2016
Had a Bad Day,Hoodratz,Hip-Hop / Rap / R&B,Drums,1993
Juicy Loosey,D & D Crew,Hip-Hop / Rap / R&B,Vocals / Lyrics,2002
Juicy Loosey,Craig G,Hip-Hop / Rap / R&B,Vocals / Lyrics,2002
Juicy Loosey,Jack Venom,Hip-Hop / Rap / R&B,Vocals / Lyrics,2002
Juicy Loosey,QNC,Hip-Hop / Rap / R&B,Vocals / Lyrics,2002
Juicy Loosey,Don Parmazhane,Hip-Hop / Rap / R&B,Vocals / Lyrics,2002
Supernova,Javonte,Hip-Hop / Rap / R&B,Vocals / Lyrics,2012
1 Night Stand,H-bom,Hip-Hop / Rap / R&B,Drums,1997
Get Up,Derek Minor,Hip-Hop / Rap / R&B,Vocals / Lyrics,2012
You Can't Stop Us Now,White Boys,Hip-Hop / Rap / R&B,Drums,1988
Pretty & Rich,Saweetie,Hip-Hop / Rap / R&B,Vocals / Lyrics,2021
T.D.S. Scratch Reaction,T.D.S. Mob,Hip-Hop / Rap / R&B,Vocals / Lyrics,1989
Call of the Wild,Freddie Foxxx,Hip-Hop / Rap / R&B,Drums,1994
Number 1,Pac Div,Hip-Hop / Rap / R&B,Vocals / Lyrics,2011
Intro: Face the Music,New Kids on the Block,Rock / Pop,Vocals / Lyrics,1994
Son of Sam,Azad Right,Hip-Hop / Rap / R&B,Vocals / Lyrics,2014
Son of Sam,SPNCR,Hip-Hop / Rap / R&B,Vocals / Lyrics,2014
You Song,Lil Wayne,Hip-Hop / Rap / R&B,Vocals / Lyrics,2013
You Song,Chance the Rapper,Hip-Hop / Rap / R&B,Vocals / Lyrics,2013
True Bad Boy,Men of Respect,Hip-Hop / Rap / R&B,Vocals / Lyrics,1992
Horizons,MindsOne,Hip-Hop / Rap / R&B,Vocals / Lyrics,2016
Horizons,DJ Iron,Hip-Hop / Rap / R&B,Vocals / Lyrics,2016
Horizons,John Robinson,Hip-Hop / Rap / R&B,Vocals / Lyrics,2016
Versace Dreams,Kidd,Hip-Hop / Rap / R&B,Vocals / Lyrics,2014
Versace Dreams,John Givez,Hip-Hop / Rap / R&B,Vocals / Lyrics,2014
Funky Drummer (Listen to the Muro Mix),James Brown,Soul / Funk / Disco,Vocals / Lyrics,2002
Commendatore,Vazquez,Hip-Hop / Rap / R&B,Vocals / Lyrics,2012
Raw Garden State,Artifacts,Hip-Hop / Rap / R&B,Drums,2022
Raw Garden State,Buckwild,Hip-Hop / Rap / R&B,Drums,2022
Unterschied,Kool Savas,Hip-Hop / Rap / R&B,Vocals / Lyrics,2017
Unterschied,Sido,Hip-Hop / Rap / R&B,Vocals / Lyrics,2017
No More No Less,De La Soul,Hip-Hop / Rap / R&B,Multiple Elements,2014
Slinging Bass,Grand Daddy I.U.,Hip-Hop / Rap / R&B,Drums,1994
Westside,Mark Battles,Hip-Hop / Rap / R&B,Vocals / Lyrics,2014
Walking Out,Echorobot,Electronic / Dance,Vocals / Lyrics,2015
The Ghost of Hip Hops Past,Canibus,Hip-Hop / Rap / R&B,Vocals / Lyrics,2011
The Next Level (Buckwild Remix),Tha Alkaholiks,Hip-Hop / Rap / R&B,Vocals / Lyrics,2010
The Next Level (Buckwild Remix),Diamond D,Hip-Hop / Rap / R&B,Vocals / Lyrics,2010
One Time,Villain Park,Hip-Hop / Rap / R&B,Vocals / Lyrics,2015
Break It on Down (Radio),Hillfiguz,Hip-Hop / Rap / R&B,Vocals / Lyrics,1995
イントロ,Rhymester,Hip-Hop / Rap / R&B,Drums,1993
The Price Is Right,MC Price and DJ Double Trouble,Hip-Hop / Rap / R&B,Drums,1991
My Town,XV,Hip-Hop / Rap / R&B,Vocals / Lyrics,2014
Legion,Vowl.,Hip-Hop / Rap / R&B,Vocals / Lyrics,2017
3xKrazy,Netta Brielle,Hip-Hop / Rap / R&B,Vocals / Lyrics,2014
One More Dope Beat,Kenny Dope,Hip-Hop / Rap / R&B,Vocals / Lyrics,2001
Che Vuoi Da Me,Luchè,Hip-Hop / Rap / R&B,Vocals / Lyrics,2014
Live Wire Voo Doo (Remix),Tycoon Tosh,Hip-Hop / Rap / R&B,Drums,1989
Live Wire Voo Doo (Remix),Terminator Troops,Hip-Hop / Rap / R&B,Drums,1989
Stomp,Evidence,Hip-Hop / Rap / R&B,Vocals / Lyrics,2008
I Can't Take No More,Class A Felony,Hip-Hop / Rap / R&B,Vocals / Lyrics,1993
I Can't Take No More,Diamond D,Hip-Hop / Rap / R&B,Vocals / Lyrics,1993
I Can't Take No More,Lakim Shabazz,Hip-Hop / Rap / R&B,Vocals / Lyrics,1993
Gold (Twice as Nice Remix),Sir Sly,Electronic / Dance,Vocals / Lyrics,2014
Stay,Danny Seth,Hip-Hop / Rap / R&B,Vocals / Lyrics,2015
Stay,Su Bviley,Hip-Hop / Rap / R&B,Vocals / Lyrics,2015
Stay,Jace,Hip-Hop / Rap / R&B,Vocals / Lyrics,2015
Adesso Scrivo,Hyst,Hip-Hop / Rap / R&B,Vocals / Lyrics,2013
Track the Groove,DJ Shadow,Electronic / Dance,Drums,2008
Freak the Sorceress,Gravediggaz,Hip-Hop / Rap / R&B,Vocals / Lyrics,1994
Sell Out,Lecrae,Hip-Hop / Rap / R&B,Vocals / Lyrics,2013
Another Head Put to Rest,Akshen,Hip-Hop / Rap / R&B,Vocals / Lyrics,1989
Sure Shot (Reversion),London Funk Allstars,Hip-Hop / Rap / R&B,Vocals / Lyrics,1995
Buy People,Trife,Hip-Hop / Rap / R&B,Drums,2018
Buy People,DJ M80,Hip-Hop / Rap / R&B,Drums,2018
Boombastic Hip House Band,Karia Nomoto,Electronic / Dance,Vocals / Lyrics,2007
Down in the Low,deM atlaS,Hip-Hop / Rap / R&B,Vocals / Lyrics,2014
Shaky Love,The Four Horsemen,Hip-Hop / Rap / R&B,Vocals / Lyrics,2003
Forever Living,Erule,Hip-Hop / Rap / R&B,Vocals / Lyrics,1997
Smile,E. Jones,Hip-Hop / Rap / R&B,Vocals / Lyrics,2022
Fishing Boots / Camping,Minus & MRDolly,Hip-Hop / Rap / R&B,Vocals / Lyrics,2018
Why You Wanna Play Me Out (K's Reprise),Trisha Covington,Hip-Hop / Rap / R&B,Drums,1994
Catch My Drift,Breezy Beat MC,Hip-Hop / Rap / R&B,Multiple Elements,1988
Doubt Demons,Dubb,Hip-Hop / Rap / R&B,Vocals / Lyrics,2015
Doubt Demons,Emilio Rojas,Hip-Hop / Rap / R&B,Vocals / Lyrics,2015
Can't Hold Us Down (Babigezus Mix),Babigezus and Da Allstars,Hip-Hop / Rap / R&B,Vocals / Lyrics,1996
Can't Hold Us Down (Babigezus Mix),Greg Nice,Hip-Hop / Rap / R&B,Vocals / Lyrics,1996
Keep on (Searching),Original Flavor,Hip-Hop / Rap / R&B,Drums,1993
Get'n Open,Strickly Roots,Hip-Hop / Rap / R&B,Drums,1993
Gardez L'Écoute,Mellowman,Hip-Hop / Rap / R&B,Vocals / Lyrics,1995
So Many,DJ J Hart,Hip-Hop / Rap / R&B,Vocals / Lyrics,2015
So Many,HD Been Dope,Hip-Hop / Rap / R&B,Vocals / Lyrics,2015
Turn,Luke Vibert,Electronic / Dance,Vocals / Lyrics,2018
Takin Ova,Doap on Arrival,Hip-Hop / Rap / R&B,Drums,2014
CP3,Jalen Santoy,Hip-Hop / Rap / R&B,Vocals / Lyrics,2016
Do It,"Bobby ""Bobcat"" Ervin",Hip-Hop / Rap / R&B,Vocals / Lyrics,1989
Comin at Ya,Mike D Chill,Hip-Hop / Rap / R&B,Drums,1994
Youth Gone Mad,Brokin English Klik,Hip-Hop / Rap / R&B,Vocals / Lyrics,1993
Take a Look,DJ Frane,Electronic / Dance,Vocals / Lyrics,2008
Take No Crap (Original Version),Cut 'N' Move,Hip-Hop / Rap / R&B,Drums,1990
Ensemble,C-Sen,Hip-Hop / Rap / R&B,Vocals / Lyrics,2018
Ensemble,Dar.C,Hip-Hop / Rap / R&B,Vocals / Lyrics,2018
Test Da Rocket Launcha,Chocolate Bam Boo,Hip-Hop / Rap / R&B,Drums,1993
Shoots and Ladders (Industrial Remix),Korn,Rock / Pop,Vocals / Lyrics,1994
Don't Fall,B. Cooper,Hip-Hop / Rap / R&B,Vocals / Lyrics,2014
Don't Fall,Chad Jones,Hip-Hop / Rap / R&B,Vocals / Lyrics,2014
Don't Fall,Canon,Hip-Hop / Rap / R&B,Vocals / Lyrics,2014
Don't Fall,Jay Cabassa,Hip-Hop / Rap / R&B,Vocals / Lyrics,2014
Nós Não Ama,L v K S,Hip-Hop / Rap / R&B,Vocals / Lyrics,2018
Nós Não Ama,VHOOR,Hip-Hop / Rap / R&B,Vocals / Lyrics,2018
M.V.S.,Jack the Smoker,Hip-Hop / Rap / R&B,Vocals / Lyrics,2013
Pieces of a Thesis,Funky DL,Hip-Hop / Rap / R&B,Multiple Elements,2020
Pieces of a Thesis,Abioseh,Hip-Hop / Rap / R&B,Multiple Elements,2020
Matemática De La Carne,Rayden (Spanish Rapper),Hip-Hop / Rap / R&B,Vocals / Lyrics,2014
Def Squad,Keith Murray,Hip-Hop / Rap / R&B,Vocals / Lyrics,2008
Def Squad,Redman,Hip-Hop / Rap / R&B,Vocals / Lyrics,2008
Def Squad,Erick Sermon,Hip-Hop / Rap / R&B,Vocals / Lyrics,2008
The Saga Begins (Desert Eagle - You Scare Me Remix),Rakim,Hip-Hop / Rap / R&B,Vocals / Lyrics,1998
Van Buren Boys,Social Club,Hip-Hop / Rap / R&B,Vocals / Lyrics,2013
Van Buren Boys,Anthony Rose,Hip-Hop / Rap / R&B,Vocals / Lyrics,2013
Rap Rushmore,N.O.R.E.,Hip-Hop / Rap / R&B,Vocals / Lyrics,2014
No Risk No Reward,LMNO,Hip-Hop / Rap / R&B,Vocals / Lyrics,2013
Royal Flow,Mike Stud,Hip-Hop / Rap / R&B,Multiple Elements,2013
Ice Cold,Red Cafe,Hip-Hop / Rap / R&B,Vocals / Lyrics,2014
Live My Life (Business Mix),Boy George,Rock / Pop,Vocals / Lyrics,1988
Live My Life (Business Mix),MC Cyndee,Rock / Pop,Vocals / Lyrics,1988
Real Heavy,Mr. Brady,Hip-Hop / Rap / R&B,Multiple Elements,2010
Real Heavy,Guilty Simpson,Hip-Hop / Rap / R&B,Multiple Elements,2010
Real Heavy,Johaz,Hip-Hop / Rap / R&B,Multiple Elements,2010
Ain't That a Bitch,Kam,Hip-Hop / Rap / R&B,Drums,1993
I Don't Love You Anymore (Soul Shock Remix),True Mathematics,Hip-Hop / Rap / R&B,Drums,1989
Mental (So Pay Attention) Interlude,Another Bad Creation,Hip-Hop / Rap / R&B,Drums,1991
My Brother and Me,Audio Push,Hip-Hop / Rap / R&B,Vocals / Lyrics,2011
666,Esham,Hip-Hop / Rap / R&B,Drums,1993
What It Takes,Illogic,Hip-Hop / Rap / R&B,Vocals / Lyrics,2000
Just Loungin',Criminal Nation,Hip-Hop / Rap / R&B,Vocals / Lyrics,1992
Souljahs,Infamous Syndicate,Hip-Hop / Rap / R&B,Sound Effect / Other,1998
Dynamic Allocation,Errol Barnes,Hip-Hop / Rap / R&B,Vocals / Lyrics,2013
Do Not Touch (Remix),Tajai,Hip-Hop / Rap / R&B,Vocals / Lyrics,2005
Do Not Touch (Remix),Pep Love,Hip-Hop / Rap / R&B,Vocals / Lyrics,2005
The Reptillian Agenda,B. Dolan,Hip-Hop / Rap / R&B,Vocals / Lyrics,2010
Still Gon Make It / 3:20 AM Instrumental,Shawn Chrystopher,Hip-Hop / Rap / R&B,Vocals / Lyrics,2014
Unorthodox,Sah-B,Hip-Hop / Rap / R&B,Drums,1994
Good Love,Will Jordan (Songwriter),Hip-Hop / Rap / R&B,Vocals / Lyrics,2020
The Illness,Soundsci,Hip-Hop / Rap / R&B,Vocals / Lyrics,2009
星の道 [Road of Stars],OmarCameUp,Hip-Hop / Rap / R&B,Vocals / Lyrics,2017
Hedz at Kompany Z,Crazy Wisdom Masters,Hip-Hop / Rap / R&B,Vocals / Lyrics,1999
City on Fire,J. Monty,Hip-Hop / Rap / R&B,Vocals / Lyrics,2014
Cliff Notes,Millyz,Hip-Hop / Rap / R&B,Vocals / Lyrics,2016
Hip Hop N' Rap (Thats Where My Heart Is At),The Brotherhood,Hip-Hop / Rap / R&B,Drums,1994
Clockin,39 Posse,Hip-Hop / Rap / R&B,Drums,1991
Let Go,Laila Olivera,Gospel,Vocals / Lyrics,2018
Let Go,Tal (Christian Signer),Gospel,Vocals / Lyrics,2018
So It Ends,S.O.,Hip-Hop / Rap / R&B,Multiple Elements,2015
Il Mezzo,Il Pagante,Hip-Hop / Rap / R&B,Vocals / Lyrics,2018
Il Mezzo,Emis Killa,Hip-Hop / Rap / R&B,Vocals / Lyrics,2018
Call for Backup,Prohibited by Law Regiment,Hip-Hop / Rap / R&B,Vocals / Lyrics,1990
Sam,Jacques Houdek,Rock / Pop,Vocals / Lyrics,2018
Interlurde (Isolation),Chris Miles,Hip-Hop / Rap / R&B,Vocals / Lyrics,2014
Best in the West,"Bobby ""Bobcat"" Ervin",Hip-Hop / Rap / R&B,Drums,1989
Too Sexy,Boity,Hip-Hop / Rap / R&B,Vocals / Lyrics,2020
Too Sexy,Riky Rick,Hip-Hop / Rap / R&B,Vocals / Lyrics,2020
We Win,Rhema Soul,Hip-Hop / Rap / R&B,Vocals / Lyrics,2013
Thelonious,Greg Osby,Hip-Hop / Rap / R&B,Drums,1993
Shotgun,HillaryJane,Rock / Pop,Vocals / Lyrics,2014
Dying to Live,Yaves,Hip-Hop / Rap / R&B,Vocals / Lyrics,2013
Dying to Live,Ron Riley,Hip-Hop / Rap / R&B,Vocals / Lyrics,2013
Dying to Live,Ruslan,Hip-Hop / Rap / R&B,Vocals / Lyrics,2013
"The Beat, the Rhyme, the Noise",Wee Papa Girl Rappers,Hip-Hop / Rap / R&B,Vocals / Lyrics,1988
Clap Your Hands (Radio Version),Dope Sound Period,Hip-Hop / Rap / R&B,Vocals / Lyrics,1990
Make a Move,Selo,Hip-Hop / Rap / R&B,Vocals / Lyrics,1995
Black Is the Word,"Black, Rock & Ron",Hip-Hop / Rap / R&B,Vocals / Lyrics,1989
Live (Get Your Feet Wet),Unity Committee,Hip-Hop / Rap / R&B,Drums,2008
State of Meditation (Remix),Katch 22,Hip-Hop / Rap / R&B,Drums,1992
Puttin' It Wildly,Chill Divine,Hip-Hop / Rap / R&B,Drums,1990
Get Back,Disco Twins,Hip-Hop / Rap / R&B,Vocals / Lyrics,1986
Get Back,Starchild,Hip-Hop / Rap / R&B,Vocals / Lyrics,1986
Punkmotherfukaz,Onyx,Hip-Hop / Rap / R&B,Drums,1995
Bird's Eye View,Xzibit,Hip-Hop / Rap / R&B,Vocals / Lyrics,1996
Bird's Eye View,Tash,Hip-Hop / Rap / R&B,Vocals / Lyrics,1996
Bird's Eye View,J-Ro,Hip-Hop / Rap / R&B,Vocals / Lyrics,1996
I'm a African,Dead Prez,Hip-Hop / Rap / R&B,Vocals / Lyrics,2000
Believe Me,Rapsody,Hip-Hop / Rap / R&B,Multiple Elements,2012
Sick Thoughts,Grav,Hip-Hop / Rap / R&B,Vocals / Lyrics,1996
BaDINGA!,TWRK,Hip-Hop / Rap / R&B,Vocals / Lyrics,2013
Lenguaje Roto,Dano,Hip-Hop / Rap / R&B,Vocals / Lyrics,2019
Lenguaje Roto,Elio Toffana,Hip-Hop / Rap / R&B,Vocals / Lyrics,2019
What's Next on the Menu,Pete Rock & C.L. Smooth,Hip-Hop / Rap / R&B,Drums,1993
The Medicine,Planet Asia,Hip-Hop / Rap / R&B,Vocals / Lyrics,2006
Make Money,French Montana,Hip-Hop / Rap / R&B,Multiple Elements,2012
Make Money,Chinx Drugz,Hip-Hop / Rap / R&B,Multiple Elements,2012
Fear of a Black Planet,Public Enemy,Hip-Hop / Rap / R&B,Drums,1990
A Madman's Dream,The East Flatbush Project,Hip-Hop / Rap / R&B,Vocals / Lyrics,1994
Feel the High Pt. II,Finsta Bundy,Hip-Hop / Rap / R&B,Vocals / Lyrics,1997
Heute Nacht,Torch,Hip-Hop / Rap / R&B,Multiple Elements,2000
Heute Nacht,Boulevard Bou,Hip-Hop / Rap / R&B,Multiple Elements,2000
Triple R,Nuff Ruffness,Hip-Hop / Rap / R&B,Drums,1993
Playtime,Khalil,Hip-Hop / Rap / R&B,Vocals / Lyrics,2014
Playtime,Justin Bieber,Hip-Hop / Rap / R&B,Vocals / Lyrics,2014
Save Me Dear,Ghostface Killah,Hip-Hop / Rap / R&B,Vocals / Lyrics,2004
Peso,Machine Gun Kelly,Hip-Hop / Rap / R&B,Vocals / Lyrics,2013
Peso,Pusha T,Hip-Hop / Rap / R&B,Vocals / Lyrics,2013
Peso,Meek Mill,Hip-Hop / Rap / R&B,Vocals / Lyrics,2013
Black Swan,Statik Selektah,Hip-Hop / Rap / R&B,Vocals / Lyrics,2011
Black Swan,"Nitty Scott, MC",Hip-Hop / Rap / R&B,Vocals / Lyrics,2011
Black Swan,Rapsody,Hip-Hop / Rap / R&B,Vocals / Lyrics,2011
A Better Day,Ill Biskits,Hip-Hop / Rap / R&B,Vocals / Lyrics,1996
Ghettos of the Mind,Pete Rock & C.L. Smooth,Hip-Hop / Rap / R&B,Drums,1992
True to Rap (Remix),Da' Enna C.,Hip-Hop / Rap / R&B,Drums,1994
Rock You Again (Again & Again),Whodini,Hip-Hop / Rap / R&B,Vocals / Lyrics,1987
Sexual Healing (Oops Pt. 2),Tweet,Hip-Hop / Rap / R&B,Vocals / Lyrics,2002
Sexual Healing (Oops Pt. 2),Ms. Jade,Hip-Hop / Rap / R&B,Vocals / Lyrics,2002
Beat the Case / / / Straight Crooked,Ab-Soul,Hip-Hop / Rap / R&B,Multiple Elements,2016
Beat the Case / / / Straight Crooked,ScHoolboy Q,Hip-Hop / Rap / R&B,Multiple Elements,2016
I Wonder Why,Rick Ross,Hip-Hop / Rap / R&B,Vocals / Lyrics,2013
Combat Jazz,Limp Bizkit,Hip-Hop / Rap / R&B,Vocals / Lyrics,2011
Combat Jazz,Raekwon,Hip-Hop / Rap / R&B,Vocals / Lyrics,2011
Stand by Your Man (Hip Hop Mix 2),LL Cool J,Hip-Hop / Rap / R&B,Vocals / Lyrics,1993
Mixed Messages,Big K.R.I.T.,Hip-Hop / Rap / R&B,Vocals / Lyrics,2017
When All Light Dies,Jedi Mind Tricks,Hip-Hop / Rap / R&B,Drums,2006
TRUE,Freeway,Hip-Hop / Rap / R&B,Multiple Elements,2012
TRUE,Wale,Hip-Hop / Rap / R&B,Multiple Elements,2012
Le Jour Où Tu Partiras,Oxmo Puccino,Hip-Hop / Rap / R&B,Vocals / Lyrics,1998
Le Jour Où Tu Partiras,K-reen,Hip-Hop / Rap / R&B,Vocals / Lyrics,1998
Respect the Architect (Remix),Guru,Hip-Hop / Rap / R&B,Vocals / Lyrics,1995
Respect the Architect (Remix),Bahamadia,Hip-Hop / Rap / R&B,Vocals / Lyrics,1995
Respect the Architect (Remix),Ramsey Lewis,Hip-Hop / Rap / R&B,Vocals / Lyrics,1995
Take Ü There (Vindata Remix),Jack Ü,Electronic / Dance,Vocals / Lyrics,2014
Take Ü There (Vindata Remix),Kiesza,Electronic / Dance,Vocals / Lyrics,2014
Dolly My Baby (Bad Boy Extended Mix),Super Cat,Reggae / Dub,Drums,1993
Dolly My Baby (Bad Boy Extended Mix),Mary J. Blige,Reggae / Dub,Drums,1993
Dolly My Baby (Bad Boy Extended Mix),The Notorious B.I.G.,Reggae / Dub,Drums,1993
Dolly My Baby (Bad Boy Extended Mix),Puff Daddy,Reggae / Dub,Drums,1993
Dolly My Baby (Bad Boy Extended Mix),3rd Eye,Reggae / Dub,Drums,1993
Know No Better,Meek Mill,Hip-Hop / Rap / R&B,Vocals / Lyrics,2014
Know No Better,Yo Gotti,Hip-Hop / Rap / R&B,Vocals / Lyrics,2014
I'm Better,Missy Elliott,Hip-Hop / Rap / R&B,Vocals / Lyrics,2017
I'm Better,Cainon Lamb,Hip-Hop / Rap / R&B,Vocals / Lyrics,2017
Lifestyles of the Rich & Shameless,Lost Boyz,Hip-Hop / Rap / R&B,Drums,1995
The Ultimate,Artifacts,Hip-Hop / Rap / R&B,Vocals / Lyrics,1997
Ruffneck,Freestylers,Hip-Hop / Rap / R&B,Vocals / Lyrics,1998
Ruffneck,Navigator,Hip-Hop / Rap / R&B,Vocals / Lyrics,1998
Witch Doctor,Hopsin,Hip-Hop / Rap / R&B,Vocals / Lyrics,2017
Stop Cryin',50 Cent,Hip-Hop / Rap / R&B,Vocals / Lyrics,2011
My Melody (Original Mix),Eric B.,Hip-Hop / Rap / R&B,Vocals / Lyrics,1986
My Melody (Original Mix),Rakim,Hip-Hop / Rap / R&B,Vocals / Lyrics,1986
Glamour and Glitz,A Tribe Called Quest,Hip-Hop / Rap / R&B,Vocals / Lyrics,1995
Walking in My Shoes (Grungy Gonads Mix),Depeche Mode,Electronic / Dance,Drums,1993
Money ($ / * ...),Mariah Carey,Hip-Hop / Rap / R&B,Vocals / Lyrics,2014
Money ($ / * ...),Fabolous,Hip-Hop / Rap / R&B,Vocals / Lyrics,2014
Get Funky (Remix),The Beatnuts,Hip-Hop / Rap / R&B,Vocals / Lyrics,1994
Go Go Gadget,Disiz La Peste,Hip-Hop / Rap / R&B,Vocals / Lyrics,2012
Go Go Gadget,Orelsan,Hip-Hop / Rap / R&B,Vocals / Lyrics,2012
Heart Attack (츄),Loona (K-Pop Group),Other,Vocals / Lyrics,2017
Yeah,DJ Krush,Hip-Hop / Rap / R&B,Vocals / Lyrics,1994
All Night,Xperadó,Hip-Hop / Rap / R&B,Vocals / Lyrics,1997
Strictly 4 My Jeeps,Action Bronson,Hip-Hop / Rap / R&B,Drums,2013
Trust,Fivio Foreign,Hip-Hop / Rap / R&B,Vocals / Lyrics,2020
Show Me the Way,Dilated Peoples,Hip-Hop / Rap / R&B,Vocals / Lyrics,2014
Show Me the Way,Aloe Blacc,Hip-Hop / Rap / R&B,Vocals / Lyrics,2014
Wussup Wit the Luv,Digital Underground,Hip-Hop / Rap / R&B,Vocals / Lyrics,1993
Wussup Wit the Luv,2Pac,Hip-Hop / Rap / R&B,Vocals / Lyrics,1993
Trigger Hippie,Morcheeba,Rock / Pop,Vocals / Lyrics,1995
Drainos,Madvillain,Hip-Hop / Rap / R&B,Multiple Elements,2008
Words From the Nutcracker,Gang Starr,Hip-Hop / Rap / R&B,Vocals / Lyrics,1994
Words From the Nutcracker,Melachi the Nutcracker,Hip-Hop / Rap / R&B,Vocals / Lyrics,1994
It's Going Down,EPMD,Hip-Hop / Rap / R&B,Drums,1992
Stress,Organized Konfusion,Hip-Hop / Rap / R&B,Drums,1994
X (Y'all Know the Name),X-Ecutioners,Hip-Hop / Rap / R&B,Multiple Elements,2002
X (Y'all Know the Name),Pharoahe Monch,Hip-Hop / Rap / R&B,Multiple Elements,2002
X (Y'all Know the Name),Xzibit,Hip-Hop / Rap / R&B,Multiple Elements,2002
X (Y'all Know the Name),Inspectah Deck,Hip-Hop / Rap / R&B,Multiple Elements,2002
X (Y'all Know the Name),Skillz,Hip-Hop / Rap / R&B,Multiple Elements,2002
Dolly My Baby (Hip Hop Mix),Super Cat,Reggae / Dub,Drums,1993
Dolly My Baby (Hip Hop Mix),Mary J. Blige,Reggae / Dub,Drums,1993
Young Niggas,Tory Lanez,Hip-Hop / Rap / R&B,Vocals / Lyrics,2020
We Are,Justin Bieber,Hip-Hop / Rap / R&B,Vocals / Lyrics,2015
We Are,Nas,Hip-Hop / Rap / R&B,Vocals / Lyrics,2015
Revelations,Mos Def,Hip-Hop / Rap / R&B,Vocals / Lyrics,2009
Return of the Mecca,Pete Rock & C.L. Smooth,Hip-Hop / Rap / R&B,Drums,1992
L.A. To Detroit,Jaylib,Hip-Hop / Rap / R&B,Multiple Elements,2003
For the Summer,Fabolous,Hip-Hop / Rap / R&B,Vocals / Lyrics,2015
Human,Rag'n'Bone Man,Rock / Pop,Vocals / Lyrics,2016
Ugly People Be Quiet,Cash Money & Marvelous,Hip-Hop / Rap / R&B,Multiple Elements,1988
Purple Kisses,A$AP Rocky,Hip-Hop / Rap / R&B,Vocals / Lyrics,2012
New York (Ya Out There?),Rakim,Hip-Hop / Rap / R&B,Vocals / Lyrics,1997
One by One,Laza Morgan,Hip-Hop / Rap / R&B,Vocals / Lyrics,2011
One by One,Mavado,Hip-Hop / Rap / R&B,Vocals / Lyrics,2011
Endangered Species (Tales From the Darkside),Ice Cube,Hip-Hop / Rap / R&B,Drums,1990
Endangered Species (Tales From the Darkside),Chuck D,Hip-Hop / Rap / R&B,Drums,1990
Growin' Up in the Hood,Compton's Most Wanted,Hip-Hop / Rap / R&B,Drums,1991
Overload,Sugababes,Rock / Pop,Drums,2000
Put Your Hands Together,Eric B. & Rakim,Hip-Hop / Rap / R&B,Vocals / Lyrics,1988
Take You There,Pete Rock & C.L. Smooth,Hip-Hop / Rap / R&B,Vocals / Lyrics,1994
Verbal Clap,De La Soul,Hip-Hop / Rap / R&B,Multiple Elements,2004
Face-Off (L.S. Darko),Flatbush Zombies,Hip-Hop / Rap / R&B,Multiple Elements,2012
Final Form,Sampa the Great,Hip-Hop / Rap / R&B,Vocals / Lyrics,2019
Jazz (We've Got) (Re-Recording),A Tribe Called Quest,Hip-Hop / Rap / R&B,Drums,1991
Good Life,Pete Rock & C.L. Smooth,Hip-Hop / Rap / R&B,Vocals / Lyrics,1991
A Pimp Named Slickback,LAKIM,Electronic / Dance,Vocals / Lyrics,2014
Who You're Around,Meek Mill,Hip-Hop / Rap / R&B,Vocals / Lyrics,2012
Who You're Around,Mary J. Blige,Hip-Hop / Rap / R&B,Vocals / Lyrics,2012
Slow Down,Skip Marley,Hip-Hop / Rap / R&B,Vocals / Lyrics,2019
Slow Down,H.E.R.,Hip-Hop / Rap / R&B,Vocals / Lyrics,2019
Only You Can Tell It,Pusha T,Hip-Hop / Rap / R&B,Vocals / Lyrics,2013
Only You Can Tell It,Wale,Hip-Hop / Rap / R&B,Vocals / Lyrics,2013
Louder Than a Bomb,Public Enemy,Hip-Hop / Rap / R&B,Vocals / Lyrics,1988
Louder,Big Noyd,Hip-Hop / Rap / R&B,Vocals / Lyrics,2004
Louder,Prodigy,Hip-Hop / Rap / R&B,Vocals / Lyrics,2004
Child's Play,Ghostface Killah,Hip-Hop / Rap / R&B,Multiple Elements,2000
LB,Damu the Fudgemunk,Hip-Hop / Rap / R&B,Drums,2008
Whoa Whoa Whoa,Watsky,Hip-Hop / Rap / R&B,Vocals / Lyrics,2014
Whoa Whoa Whoa,Mikos,Hip-Hop / Rap / R&B,Vocals / Lyrics,2014
Big Drip,Fivio Foreign,Hip-Hop / Rap / R&B,Vocals / Lyrics,2019
Jerome,Lizzo,Hip-Hop / Rap / R&B,Vocals / Lyrics,2019
On the Regular,Meek Mill,Hip-Hop / Rap / R&B,Multiple Elements,2016
Eric B. Is President (Original Mix),Eric B.,Hip-Hop / Rap / R&B,Vocals / Lyrics,1986
Eric B. Is President (Original Mix),Rakim,Hip-Hop / Rap / R&B,Vocals / Lyrics,1986
Chain Smoker,Chance the Rapper,Hip-Hop / Rap / R&B,Vocals / Lyrics,2013
No Makeup (Her Vice),Kendrick Lamar,Hip-Hop / Rap / R&B,Drums,2011
No Makeup (Her Vice),Colin Munroe,Hip-Hop / Rap / R&B,Drums,2011
Vossi Bop,Stormzy,Hip-Hop / Rap / R&B,Vocals / Lyrics,2019
A Fan's Mail (Tron Song Suite II),Thundercat,Soul / Funk / Disco,Vocals / Lyrics,2017
It's My Thing,EPMD,Hip-Hop / Rap / R&B,Vocals / Lyrics,1987
"This Ain't a Scene, It's an Arms Race (Kanye West Remix)",Fall Out Boy,Rock / Pop,Vocals / Lyrics,2007
"This Ain't a Scene, It's an Arms Race (Kanye West Remix)",Kanye West,Rock / Pop,Vocals / Lyrics,2007
Keisha's Song (Her Pain),Kendrick Lamar,Hip-Hop / Rap / R&B,Vocals / Lyrics,2011
Keisha's Song (Her Pain),Ashtrobot,Hip-Hop / Rap / R&B,Vocals / Lyrics,2011
Shut Em Down (Pe-te Rock Mixx),Public Enemy,Hip-Hop / Rap / R&B,Drums,1991
Who I Am,Pusha T,Hip-Hop / Rap / R&B,Vocals / Lyrics,2013
Who I Am,2 Chainz,Hip-Hop / Rap / R&B,Vocals / Lyrics,2013
Who I Am,Big Sean,Hip-Hop / Rap / R&B,Vocals / Lyrics,2013
Real Niggaz Don't Die,N.W.A,Hip-Hop / Rap / R&B,Vocals / Lyrics,1991
I Do It for Hip Hop,Ludacris,Hip-Hop / Rap / R&B,Drums,2008
I Do It for Hip Hop,Nas,Hip-Hop / Rap / R&B,Drums,2008
I Do It for Hip Hop,Jay-Z,Hip-Hop / Rap / R&B,Drums,2008
Kill Yourself,Pink Guy,Hip-Hop / Rap / R&B,Multiple Elements,2014
Coffee,BTS,Hip-Hop / Rap / R&B,Vocals / Lyrics,2013
Remember This,NF,Hip-Hop / Rap / R&B,Vocals / Lyrics,2017
Bad Guy,Eminem,Hip-Hop / Rap / R&B,Vocals / Lyrics,2013
