Party and Bullshit,The Notorious B.I.G.,Hip-Hop / Rap / R&B,Multiple Elements,1993
Geek Down,J Dilla,Hip-Hop / Rap / R&B,Sound Effect / Other,2006
Ain't No Half-Steppin',Big Daddy Kane,Hip-Hop / Rap / R&B,Hook / Riff,1988
Return of the Mack,Mark Morrison,Hip-Hop / Rap / R&B,Multiple Elements,1996
Yessir!,MF DOOM,Hip-Hop / Rap / R&B,Multiple Elements,2009
Yessir!,Raekwon,Hip-Hop / Rap / R&B,Multiple Elements,2009
Thun,Nas,Hip-Hop / Rap / R&B,Hook / Riff,2022
It's My Turn,Stezo,Hip-Hop / Rap / R&B,Hook / Riff,1989
Let's Ride,Q-Tip,Hip-Hop / Rap / R&B,Hook / Riff,1999
Only Wanna Give It to You,Elle Varner,Hip-Hop / Rap / R&B,Hook / Riff,2011
Only Wanna Give It to You,J. Cole,Hip-Hop / Rap / R&B,Hook / Riff,2011
Night of the Living Baseheads,Public Enemy,Hip-Hop / Rap / R&B,Hook / Riff,1988
Young Jesus,Logic,Hip-Hop / Rap / R&B,Multiple Elements,2015
Young Jesus,Big Lenbo,Hip-Hop / Rap / R&B,Multiple Elements,2015
Strictly 4 My N.I.G.G.A.Z.,2Pac,Hip-Hop / Rap / R&B,Multiple Elements,1993
Fuck Compton,Tim Dog,Hip-Hop / Rap / R&B,Hook / Riff,1991
Who I Am,Pusha T,Hip-Hop / Rap / R&B,Multiple Elements,2013
Who I Am,2 Chainz,Hip-Hop / Rap / R&B,Multiple Elements,2013
Who I Am,Big Sean,Hip-Hop / Rap / R&B,Multiple Elements,2013
Realms of Junior M.A.F.I.A,Junior M.A.F.I.A.,Hip-Hop / Rap / R&B,Multiple Elements,1995
R.I.P.,Prodigy,Hip-Hop / Rap / R&B,Multiple Elements,2013
R.I.P.,The Alchemist,Hip-Hop / Rap / R&B,Multiple Elements,2013
R.I.P.,Havoc,Hip-Hop / Rap / R&B,Multiple Elements,2013
R.I.P.,Raekwon,Hip-Hop / Rap / R&B,Multiple Elements,2013
Party and Bullshit,The Notorious B.I.G.,Hip-Hop / Rap / R&B,Multiple Elements,1993
Geek Down,J Dilla,Hip-Hop / Rap / R&B,Sound Effect / Other,2006
Ain't No Half-Steppin',Big Daddy Kane,Hip-Hop / Rap / R&B,Hook / Riff,1988
Return of the Mack,Mark Morrison,Hip-Hop / Rap / R&B,Multiple Elements,1996
Yessir!,MF DOOM,Hip-Hop / Rap / R&B,Multiple Elements,2009
Yessir!,Raekwon,Hip-Hop / Rap / R&B,Multiple Elements,2009
Thun,Nas,Hip-Hop / Rap / R&B,Hook / Riff,2022
It's My Turn,Stezo,Hip-Hop / Rap / R&B,Hook / Riff,1989
Let's Ride,Q-Tip,Hip-Hop / Rap / R&B,Hook / Riff,1999
Only Wanna Give It to You,Elle Varner,Hip-Hop / Rap / R&B,Hook / Riff,2011
Only Wanna Give It to You,J. Cole,Hip-Hop / Rap / R&B,Hook / Riff,2011
Night of the Living Baseheads,Public Enemy,Hip-Hop / Rap / R&B,Hook / Riff,1988
Young Jesus,Logic,Hip-Hop / Rap / R&B,Multiple Elements,2015
Young Jesus,Big Lenbo,Hip-Hop / Rap / R&B,Multiple Elements,2015
Strictly 4 My N.I.G.G.A.Z.,2Pac,Hip-Hop / Rap / R&B,Multiple Elements,1993
Fuck Compton,Tim Dog,Hip-Hop / Rap / R&B,Hook / Riff,1991
Who I Am,Pusha T,Hip-Hop / Rap / R&B,Multiple Elements,2013
Who I Am,2 Chainz,Hip-Hop / Rap / R&B,Multiple Elements,2013
Who I Am,Big Sean,Hip-Hop / Rap / R&B,Multiple Elements,2013
Realms of Junior M.A.F.I.A,Junior M.A.F.I.A.,Hip-Hop / Rap / R&B,Multiple Elements,1995
R.I.P.,Prodigy,Hip-Hop / Rap / R&B,Multiple Elements,2013
R.I.P.,The Alchemist,Hip-Hop / Rap / R&B,Multiple Elements,2013
R.I.P.,Havoc,Hip-Hop / Rap / R&B,Multiple Elements,2013
R.I.P.,Raekwon,Hip-Hop / Rap / R&B,Multiple Elements,2013
I Got a Thing for You,12 Gauge,Hip-Hop / Rap / R&B,Multiple Elements,1994
Keep My Name Out Ya Mouth,Kool Daddy Fresh,Hip-Hop / Rap / R&B,Multiple Elements,1997
R U Conscious,MC Eric,Hip-Hop / Rap / R&B,Hook / Riff,1991
Zone Alone,Sam Sever,Hip-Hop / Rap / R&B,Hook / Riff,1996
Bonus Track,Mc DJ,Electronic / Dance,Multiple Elements,2005
Ogre,Michihiro Nakamura,Electronic / Dance,Sound Effect / Other,1997
Ogre,Naoki Hayami,Electronic / Dance,Sound Effect / Other,1997
Ric & Tully,Smoke DZA,Hip-Hop / Rap / R&B,Hook / Riff,2013
Ric & Tully,The Kid Daytona,Hip-Hop / Rap / R&B,Hook / Riff,2013
Trouble Maker,Assassins,Hip-Hop / Rap / R&B,Hook / Riff,1995
Mama Said,II Much Chaus,Hip-Hop / Rap / R&B,Hook / Riff,1992
A.U.S.T.,Def Wish Cast,Hip-Hop / Rap / R&B,Hook / Riff,1993
N All Dat,Freshco & Miz,Hip-Hop / Rap / R&B,Multiple Elements,2007
Explosions,Misfits of Madness,Hip-Hop / Rap / R&B,Hook / Riff,1994
On the Real Tip,Hansom Harm,Hip-Hop / Rap / R&B,Hook / Riff,1993
I'm the Man!!,Fly Chase,Hip-Hop / Rap / R&B,Hook / Riff,1993
John Gotti (Philly Blunt Remix),Sean Price,Hip-Hop / Rap / R&B,Sound Effect / Other,2019
John Gotti (Philly Blunt Remix),Small Professor,Hip-Hop / Rap / R&B,Sound Effect / Other,2019
John Gotti (Philly Blunt Remix),Curly Castro,Hip-Hop / Rap / R&B,Sound Effect / Other,2019
John Gotti (Philly Blunt Remix),Reef the Lost Cauze,Hip-Hop / Rap / R&B,Sound Effect / Other,2019
John Gotti (Philly Blunt Remix),Zilla Rocca,Hip-Hop / Rap / R&B,Sound Effect / Other,2019
What U See,Akseann,Hip-Hop / Rap / R&B,Sound Effect / Other,1998
Long Red - Bonus Beat Part 2,Ice One,Hip-Hop / Rap / R&B,Sound Effect / Other,1995
It's Like That Y'all,Doctor Dré,Hip-Hop / Rap / R&B,Multiple Elements,1994
It's Like That Y'all,Ed Lover,Hip-Hop / Rap / R&B,Multiple Elements,1994
Des Gens Souffrent,Mellowman,Hip-Hop / Rap / R&B,Hook / Riff,1998
No Feedback,Courageous Chief,Hip-Hop / Rap / R&B,Multiple Elements,1991
Intro (La Force Du Coté Obscur),Cut Killer,Hip-Hop / Rap / R&B,Multiple Elements,1994
Trigganometry,Bad Breed,Hip-Hop / Rap / R&B,Multiple Elements,2021
Woke With Nothin',Solid'N'Mind,Hip-Hop / Rap / R&B,Hook / Riff,1991
Woke With Nothin',MC Whirlwind D,Hip-Hop / Rap / R&B,Hook / Riff,1991
Woke With Nothin',Johnny F,Hip-Hop / Rap / R&B,Hook / Riff,1991
Out of the Ordinary,The Brother/hood Nation,Hip-Hop / Rap / R&B,Hook / Riff,1992
Turn It Out,RM,Hip-Hop / Rap / R&B,Hook / Riff,1993
Crashin' the System,The Brotherhood,Hip-Hop / Rap / R&B,Hook / Riff,1994
Hot Summer Days,Anttex & the Clik,Hip-Hop / Rap / R&B,Hook / Riff,1991
Demes Shuffle,Allstar Fresh,Hip-Hop / Rap / R&B,Hook / Riff,1989
Demes Shuffle,M.C. Demes,Hip-Hop / Rap / R&B,Hook / Riff,1989
Get Loose,Sir Clank,Hip-Hop / Rap / R&B,Hook / Riff,1991
Come Get 'Em (Remix),Faede,Hip-Hop / Rap / R&B,Hook / Riff,1995
Rejection,The First Sons,Hip-Hop / Rap / R&B,Hook / Riff,1992
Moon (Volatizer's Sunny Side Up Mix),Arck,Hip-Hop / Rap / R&B,Hook / Riff,2020
Act Like Ya Know,Natives in Black,Hip-Hop / Rap / R&B,Hook / Riff,1994
Bad Boy in the Comfort Zone,DJ Massive,Electronic / Dance,Hook / Riff,1993
The Flow,Triple 6,Hip-Hop / Rap / R&B,Hook / Riff,1992
Various Muthafuckas,J-Bad,Hip-Hop / Rap / R&B,Hook / Riff,1993
No Elevation,E.X.D.,Hip-Hop / Rap / R&B,Multiple Elements,1993
The Hoodie,Home Team,Hip-Hop / Rap / R&B,Hook / Riff,1992
Who M,Syco,Hip-Hop / Rap / R&B,Hook / Riff,1993
On the Real Tip,Crazy Rak,Hip-Hop / Rap / R&B,Hook / Riff,1993
Exorcism in Blood,Prophesy,Hip-Hop / Rap / R&B,Multiple Elements,1992
Exorcism in Blood,Flow-Etic,Hip-Hop / Rap / R&B,Multiple Elements,1992
Intro (What Up Cuzzz!),N.O.T.S.,Hip-Hop / Rap / R&B,Hook / Riff,1992
We Rock the Mic,Daelover,Hip-Hop / Rap / R&B,Hook / Riff,1990
What You See,Turbo B,Hip-Hop / Rap / R&B,Hook / Riff,1993
Is That the Way?,Mind,Electronic / Dance,Multiple Elements,1992
Disco Biskit,Epitome of Hype,Electronic / Dance,Sound Effect / Other,1991
Backstabbas,Ruff -N- Rugged,Hip-Hop / Rap / R&B,Hook / Riff,1994
Livin' Like a Gangsta,2nd Power,Hip-Hop / Rap / R&B,Sound Effect / Other,1991
Some Ill Shit - Flip the Shit,Papa Chuk,Hip-Hop / Rap / R&B,Hook / Riff,1994
Don't Forget Where You Come From,Black Dynasty,Hip-Hop / Rap / R&B,Hook / Riff,1993
Coast to Coast,Dj Buddy and Morris the Kat,Hip-Hop / Rap / R&B,Hook / Riff,1990
Last Days,D-Boy Rodriguez,Hip-Hop / Rap / R&B,Multiple Elements,1990
We Will Get Ill,DJ Speedy-D,Hip-Hop / Rap / R&B,Hook / Riff,1990
We Will Get Ill,RCA,Hip-Hop / Rap / R&B,Hook / Riff,1990
Marked for Death,Madd Syco,Hip-Hop / Rap / R&B,Hook / Riff,1994
Creep Wit the Mob,II Bit Mob,Hip-Hop / Rap / R&B,Hook / Riff,1994
Stashouse,Homicide (2),Hip-Hop / Rap / R&B,Hook / Riff,1993
Parem De Matar Nossos Pequenos Irmãos,Comando DMC,Hip-Hop / Rap / R&B,Hook / Riff,1992
I Can Do It,The PreC.I.S.E. MC,Hip-Hop / Rap / R&B,Hook / Riff,1991
Rock the House,R.A.S. Posse,Hip-Hop / Rap / R&B,Hook / Riff,1994
Coast-To-Coast,DJ Buddy and the Kat,Hip-Hop / Rap / R&B,Multiple Elements,1990
Mood Swing,Anthony 'Shake' Shakir,Electronic / Dance,Sound Effect / Other,2009
Rated P.G.,Da Youngsta's,Hip-Hop / Rap / R&B,Multiple Elements,1992
Le VIème Sens,Sens Unik,Hip-Hop / Rap / R&B,Hook / Riff,1991
Sudden Impact,Construction,Hip-Hop / Rap / R&B,Hook / Riff,1990
Freedom of Speech,Dressed 'N' Black,Hip-Hop / Rap / R&B,Hook / Riff,1992
Work It Out (Platinum Vocal Extended),Monie Love,Hip-Hop / Rap / R&B,Hook / Riff,1991
The Robbery (Boom That Was My Nine Yo),Joe Kool,Hip-Hop / Rap / R&B,Hook / Riff,1991
Brooklyn,Sonnie Carson,Hip-Hop / Rap / R&B,Multiple Elements,2014
Comando Em Ação Beat,Comando DMC,Hip-Hop / Rap / R&B,Hook / Riff,1995
Know the Flavor,Home Team,Hip-Hop / Rap / R&B,Hook / Riff,1992
How Freaky R U?,2nd Degree,Hip-Hop / Rap / R&B,Hook / Riff,1992
Pink Panties,Watts Riot,Hip-Hop / Rap / R&B,Hook / Riff,1993
Gotta Get a Grip (Come Ekwipped Mix),MC Trouble,Hip-Hop / Rap / R&B,Multiple Elements,1990
Ponto De Vista,Sistema Negro,Hip-Hop / Rap / R&B,Hook / Riff,1993
Cocaine Business,Who Am I?,Hip-Hop / Rap / R&B,Hook / Riff,1991
Side A,DJ Craze,Hip-Hop / Rap / R&B,Multiple Elements,2000
Mr. All a That (Chip Chop Remix),Moe Crazy,Hip-Hop / Rap / R&B,Hook / Riff,1993
Ruff in the Comfort Zone,DJ Massive,Electronic / Dance,Hook / Riff,1992
Take a Ride,Hi-C,Hip-Hop / Rap / R&B,Hook / Riff,1991
Silent Rage (Remix),Ill State Assassins,Hip-Hop / Rap / R&B,Sound Effect / Other,1993
Future of Da Funk,Gee Rock & Tha C.N.D. Coalition,Hip-Hop / Rap / R&B,Hook / Riff,1993
Intro (Ruff Town Behavior),Poison Clan,Hip-Hop / Rap / R&B,Hook / Riff,1993
Guerrillas in the Mist (Alternate Version),Paris,Hip-Hop / Rap / R&B,Hook / Riff,2004
One More Time,B-Chill,Hip-Hop / Rap / R&B,Hook / Riff,1991
Go With the Flow (Radio Mix),The Mellow One,Hip-Hop / Rap / R&B,Hook / Riff,1991
Don't Try to Step to This,Brothers in Charge,Hip-Hop / Rap / R&B,Sound Effect / Other,1993
같은 옷,Don Malik,Hip-Hop / Rap / R&B,Hook / Riff,2020
The G,True Culture,Hip-Hop / Rap / R&B,Multiple Elements,1991
UFO,B.o.B,Hip-Hop / Rap / R&B,Multiple Elements,2019
UFO,Grandmaster Caz,Hip-Hop / Rap / R&B,Multiple Elements,2019
Puro Dedo,Juvenile Style,Hip-Hop / Rap / R&B,Hook / Riff,1993
Yo Know the Flav,EIM (Education in Music),Hip-Hop / Rap / R&B,Hook / Riff,1994
Rough Luxury,L.O.E.,Hip-Hop / Rap / R&B,Hook / Riff,1992
Desolate One,Papa Chuk,Hip-Hop / Rap / R&B,Hook / Riff,1994
Boris Karloff,Kaos One,Hip-Hop / Rap / R&B,Sound Effect / Other,2022
Flip Shit,A.G.,Hip-Hop / Rap / R&B,Multiple Elements,2001
Flip Shit,Ghetto Dwellas,Hip-Hop / Rap / R&B,Multiple Elements,2001
Dope Moves,Last Measure,Hip-Hop / Rap / R&B,Sound Effect / Other,2021
Dope Moves,Verse All,Hip-Hop / Rap / R&B,Sound Effect / Other,2021
I Am (Radio Edit),Whistle,Hip-Hop / Rap / R&B,Hook / Riff,1992
Afta Dark,90 MPH,Hip-Hop / Rap / R&B,Multiple Elements,1994
Травы,Алексеевна,Hip-Hop / Rap / R&B,Hook / Riff,2020
No Smoke,Edai,Hip-Hop / Rap / R&B,Multiple Elements,2014
No Smoke,Cory Gunz,Hip-Hop / Rap / R&B,Multiple Elements,2014
Sign of the Times,Honky,Hip-Hop / Rap / R&B,Hook / Riff,1994
Back to 88,Dead Celebrity Status,Hip-Hop / Rap / R&B,Hook / Riff,2006
She Gets Buck Wild,Donald D,Hip-Hop / Rap / R&B,Hook / Riff,1991
Clr Sky,DJ Edge,Electronic / Dance,Sound Effect / Other,1992
Let Me Be the One,Blessid Union of Souls,Rock / Pop,Sound Effect / Other,1995
Caos Liquido,The NextOne,Hip-Hop / Rap / R&B,Hook / Riff,2019
Caos Liquido,3DC,Hip-Hop / Rap / R&B,Hook / Riff,2019
Long Overdue,RhythmX,Hip-Hop / Rap / R&B,Hook / Riff,1995
Peace the Hell Out (Nasty Mix),Misfits of Madness,Hip-Hop / Rap / R&B,Hook / Riff,1994
Ready to Wreck (Street Version),Figure Uv Speech,Hip-Hop / Rap / R&B,Hook / Riff,1993
Shut Up & Go,Clinton Sparks,Hip-Hop / Rap / R&B,Hook / Riff,2014
Rockin' the Sure Shot (Rhettmatic Meets Nutty McGillicutty),Visionaries,Hip-Hop / Rap / R&B,Hook / Riff,1997
Who Yeah Rutin Fa,DM Space,Hip-Hop / Rap / R&B,Multiple Elements,1995
My Life Story,MC Price and DJ Double Trouble,Hip-Hop / Rap / R&B,Multiple Elements,1991
Mac-Bound,East Media,Hip-Hop / Rap / R&B,Hook / Riff,1992
My Long Shadow,KOROstyle,Electronic / Dance,Sound Effect / Other,2019
Biting on the Hook,Tha 4orce,Hip-Hop / Rap / R&B,Hook / Riff,2006
Check Ya Self,Suga T,Hip-Hop / Rap / R&B,Multiple Elements,1993
Cartoons,Da Youngsta's,Hip-Hop / Rap / R&B,Hook / Riff,1992
The Pledge,Howy-T,Hip-Hop / Rap / R&B,Sound Effect / Other,1999
The Pledge,Guce,Hip-Hop / Rap / R&B,Sound Effect / Other,1999
The Pledge,Husalah,Hip-Hop / Rap / R&B,Sound Effect / Other,1999
The Pledge,Rydah J. Klyde,Hip-Hop / Rap / R&B,Sound Effect / Other,1999
Saviours Day,Waterr,Hip-Hop / Rap / R&B,Multiple Elements,2022
Saviours Day,Tone Beatz,Hip-Hop / Rap / R&B,Multiple Elements,2022
Shaniqua (Marley Marl Super Mix),"Oran ""Juice"" Jones",Hip-Hop / Rap / R&B,Hook / Riff,1990
Shaniqua (Marley Marl Super Mix),Big Daddy Kane,Hip-Hop / Rap / R&B,Hook / Riff,1990
Profile of Juvenile,M.A.D.,Hip-Hop / Rap / R&B,Hook / Riff,1993
Profile of Juvenile,Mexican Mack,Hip-Hop / Rap / R&B,Hook / Riff,1993
Jack Daniels,Deux Deux,Hip-Hop / Rap / R&B,Multiple Elements,2015
Jack Daniels,Tiewai,Hip-Hop / Rap / R&B,Multiple Elements,2015
Jack Daniels,Adje,Hip-Hop / Rap / R&B,Multiple Elements,2015
How Low Can You Go,Kilo,Hip-Hop / Rap / R&B,Hook / Riff,1993
Bounce (DJ Format's Ultimate Breaks Remix),T.D.S. Mob,Hip-Hop / Rap / R&B,Multiple Elements,2012
"One, Two, U Don't Stop",The A.T.E.E.M.,Hip-Hop / Rap / R&B,Hook / Riff,1992
Breakdown (Interlude),Astro,Hip-Hop / Rap / R&B,Hook / Riff,2013
Breakdown (Interlude),Loaf Muzik,Hip-Hop / Rap / R&B,Hook / Riff,2013
Dama Da Noite,Comando DMC,Hip-Hop / Rap / R&B,Hook / Riff,1992
Phunkaponatime,Gee Rock & Tha C.N.D. Coalition,Hip-Hop / Rap / R&B,Multiple Elements,1993
Where Are They Now (90's Remix),Nas,Hip-Hop / Rap / R&B,Hook / Riff,2007
Where Are They Now (90's Remix),Redhead Kingpin,Hip-Hop / Rap / R&B,Hook / Riff,2007
Where Are They Now (90's Remix),Rob Base,Hip-Hop / Rap / R&B,Hook / Riff,2007
Where Are They Now (90's Remix),Father MC,Hip-Hop / Rap / R&B,Hook / Riff,2007
Where Are They Now (90's Remix),Monie Love,Hip-Hop / Rap / R&B,Hook / Riff,2007
Where Are They Now (90's Remix),Positive K,Hip-Hop / Rap / R&B,Hook / Riff,2007
Where Are They Now (90's Remix),Dres,Hip-Hop / Rap / R&B,Hook / Riff,2007
Komfort Food,Boombaptist,Hip-Hop / Rap / R&B,Sound Effect / Other,2021
Trip to the South-Side,South-Side,Hip-Hop / Rap / R&B,Hook / Riff,1994
Let's Do the Freaky Deaky,3 Grand,Hip-Hop / Rap / R&B,Hook / Riff,1993
Smackman,Lennie De Ice,Electronic / Dance,Hook / Riff,1994
Smackman,E.T. (Jungle),Electronic / Dance,Hook / Riff,1994
Concrete Jungle,PHD,Hip-Hop / Rap / R&B,Hook / Riff,1993
King a New York,Strickly Roots,Hip-Hop / Rap / R&B,Multiple Elements,1993
Intro (39 Y Subiendo),Nazión Sur,Hip-Hop / Rap / R&B,Hook / Riff,1994
Who's Da One Rappin,Okey Doke,Hip-Hop / Rap / R&B,Hook / Riff,1993
5 Titanes,La Etnnia,Hip-Hop / Rap / R&B,Sound Effect / Other,1997
Good Times (Free Yourself) (Club Mix),The Beat Pirate,Electronic / Dance,Hook / Riff,1989
Pause Repeat (A JD Twitch Optimo Mix),Django Django,Electronic / Dance,Multiple Elements,2015
Act Down Packed,HDV,Hip-Hop / Rap / R&B,Multiple Elements,1993
Back to the Bronx,Home Team,Hip-Hop / Rap / R&B,Multiple Elements,1992
Ancient Styles,Bill Laswell,Hip-Hop / Rap / R&B,Hook / Riff,1996
Ancient Styles,Rob Swift,Hip-Hop / Rap / R&B,Hook / Riff,1996
Ancient Styles,Liu Sola,Hip-Hop / Rap / R&B,Hook / Riff,1996
Attrakt,Mr Frenkie,Electronic / Dance,Hook / Riff,2016
Turn Me On,Ini Kamoze,Reggae / Dub,Hook / Riff,1995
T.D.S. Scratch Reaction,T.D.S. Mob,Hip-Hop / Rap / R&B,Hook / Riff,1989
Trouble in the Hood,Criminal Nation,Hip-Hop / Rap / R&B,Hook / Riff,1992
Pluto,2 Skinnee J's,Hip-Hop / Rap / R&B,Hook / Riff,1998
The Movement,C.P.O.,Hip-Hop / Rap / R&B,Multiple Elements,1990
Street Scene,Saafir,Hip-Hop / Rap / R&B,Hook / Riff,1997
The Blues (T.T.T. Mix) (Tyler Talkin' Trash),Tony! Toni! Toné!,Hip-Hop / Rap / R&B,Hook / Riff,1990
Peanut Gallery,Prose and Concepts,Hip-Hop / Rap / R&B,Hook / Riff,1994
Straight Out the Sewer (Remix #1),Das EFX,Hip-Hop / Rap / R&B,Sound Effect / Other,1992
Deadly Thoughts,Skull Dugrey,Hip-Hop / Rap / R&B,Hook / Riff,1996
Trunka Funk,Controversy,Hip-Hop / Rap / R&B,Hook / Riff,1993
Dermatitis,Overcast,Electronic / Dance,Hook / Riff,1998
The Loot,Hardcore Lunatics,Hip-Hop / Rap / R&B,Hook / Riff,1994
Con 40 De Fiebre,Nazión Sur,Hip-Hop / Rap / R&B,Hook / Riff,1994
More Blue Funk,The Funk League,Hip-Hop / Rap / R&B,Hook / Riff,2011
L'Enfer,IAM,Hip-Hop / Rap / R&B,Sound Effect / Other,1997
L'Enfer,Fabe,Hip-Hop / Rap / R&B,Sound Effect / Other,1997
L'Enfer,East,Hip-Hop / Rap / R&B,Sound Effect / Other,1997
Shots Cold Gunnin,MF911,Hip-Hop / Rap / R&B,Hook / Riff,1993
The Neighborhood,Rock the M.C.,Hip-Hop / Rap / R&B,Hook / Riff,1988
Fl It,DJ Edge,Electronic / Dance,Hook / Riff,1992
Intro,Articolo 31,Hip-Hop / Rap / R&B,Hook / Riff,1993
Dark Side,U.T.K. Rezerectors,Hip-Hop / Rap / R&B,Hook / Riff,1995
Dope Charge,Underground Mafia,Hip-Hop / Rap / R&B,Multiple Elements,1992
Nothing Personal,Trinity Garden Cartel,Hip-Hop / Rap / R&B,Hook / Riff,1992
Pray,Emilio Rojas,Hip-Hop / Rap / R&B,Sound Effect / Other,2013
Call to Your Heart,Dannii Minogue,Rock / Pop,Hook / Riff,1990
Wheels of Steel,S.P.Y,Electronic / Dance,Multiple Elements,2022
Mystic Sister,Just Add Water,Electronic / Dance,Hook / Riff,1991
M.D.,C.E.B.,Hip-Hop / Rap / R&B,Hook / Riff,1993
KRU Is Wild (Makin' My Stand),KRU,Hip-Hop / Rap / R&B,Hook / Riff,1993
AC/DC,Hive,Electronic / Dance,Multiple Elements,2003
AC/DC,Gridlok,Electronic / Dance,Multiple Elements,2003
Jock Itch,The Hard Boys,Hip-Hop / Rap / R&B,Hook / Riff,1991
Give Me Fire,Gino-G,Hip-Hop / Rap / R&B,Hook / Riff,1993
Деньги,Mr. Big Mac,Hip-Hop / Rap / R&B,Sound Effect / Other,1994
Intro: La Bombe Noire,Tout Simplement Noir,Hip-Hop / Rap / R&B,Hook / Riff,1995
Shoot Pass Slam,Shaquille O'Neal,Hip-Hop / Rap / R&B,Hook / Riff,1993
Revelations,Adamshame,Hip-Hop / Rap / R&B,Multiple Elements,1997
Aahh Yeah,Pauly & the DP Boyz,Hip-Hop / Rap / R&B,Hook / Riff,1993
Puttin' in Work,E-40,Hip-Hop / Rap / R&B,Multiple Elements,2016
Money Hungry Niggaz,1st Down,Hip-Hop / Rap / R&B,Hook / Riff,1992
Lizard Lizard,No Good-N-Jiggie,Hip-Hop / Rap / R&B,Multiple Elements,1997
Lizard Lizard,Luke Skyywalker,Hip-Hop / Rap / R&B,Multiple Elements,1997
Нездара,Бумбокс,Other,Multiple Elements,2006
Take It to the Top,The UBC,Hip-Hop / Rap / R&B,Multiple Elements,1990
What U Mean 2 Me,Another Smooth Alliance,Hip-Hop / Rap / R&B,Sound Effect / Other,1992
Moneycide,Official Darcsyde,Hip-Hop / Rap / R&B,Hook / Riff,1996
"Check 1,2",Reso,Electronic / Dance,Hook / Riff,2012
Orbits,DJ T Why,Electronic / Dance,Hook / Riff,2011
Fear Itself,Earthquake,Hip-Hop / Rap / R&B,Hook / Riff,1994
Can U Dig IT,Hardwe're,Hip-Hop / Rap / R&B,Hook / Riff,1993
There It Is,Groove B Chill,Hip-Hop / Rap / R&B,Hook / Riff,1990
I Need Your Love (Hip Hop Mix),The Good Girls,Hip-Hop / Rap / R&B,Hook / Riff,1990
8 Count,Dagha,Hip-Hop / Rap / R&B,Hook / Riff,2005
8 Count,Insight,Hip-Hop / Rap / R&B,Hook / Riff,2005
What the Fuck Is the Eightball? (Gutter Remix),Eightball,Hip-Hop / Rap / R&B,Hook / Riff,1993
I Roc Dis,Un-Da Dawgz,Hip-Hop / Rap / R&B,Multiple Elements,1995
Fuck That,C.E.B.,Hip-Hop / Rap / R&B,Hook / Riff,2016
Terrifying Tracks,KMC,Hip-Hop / Rap / R&B,Multiple Elements,1991
Yozsefváros,Animal Cannibals,Hip-Hop / Rap / R&B,Sound Effect / Other,1995
The 94',Funkonami,Hip-Hop / Rap / R&B,Sound Effect / Other,2017
Bob Ya Head,K.M.C. Kru,Hip-Hop / Rap / R&B,Hook / Riff,1994
Only When I'm Drunk,6-Pack,Electronic / Dance,Hook / Riff,1995
Missunderstanding,Al B. Sure!,Hip-Hop / Rap / R&B,Multiple Elements,1990
The 40oz Crew (The Drunk Mix),Time Zone,Hip-Hop / Rap / R&B,Hook / Riff,1992
Guerrillas in the Mist,Paris,Hip-Hop / Rap / R&B,Hook / Riff,1992
Milkshake,Lo-Key?,Hip-Hop / Rap / R&B,Hook / Riff,1992
Who's the Boss,St. Lunatics,Hip-Hop / Rap / R&B,Hook / Riff,1998
Check It Out,Kaotic Stylin,Hip-Hop / Rap / R&B,Hook / Riff,1992
Don't Test Da Skillz,Shadz of Lingo,Hip-Hop / Rap / R&B,Hook / Riff,1993
Ill Funk Freaker,Godfather Don,Hip-Hop / Rap / R&B,Sound Effect / Other,2009
Malcolm X,Lou X,Hip-Hop / Rap / R&B,Sound Effect / Other,1991
At Large (Marley Mix),Intelligent Hoodlum,Hip-Hop / Rap / R&B,Hook / Riff,1993
10 B 3,O.G. Style (Group),Hip-Hop / Rap / R&B,Hook / Riff,1991
Bring the Terror (H.T.T.G),Hijack,Hip-Hop / Rap / R&B,Multiple Elements,2015
Bring the Terror (H.T.T.G),DJ Supreme (UK Producer),Hip-Hop / Rap / R&B,Multiple Elements,2015
Bring the Terror (H.T.T.G),DJ Q-Bert,Hip-Hop / Rap / R&B,Multiple Elements,2015
Attendance,KRS-One,Hip-Hop / Rap / R&B,Hook / Riff,2001
If You Wanna Groove (2 in a Room Club Mix),A Lighter Shade of Brown,Hip-Hop / Rap / R&B,Hook / Riff,1994
Pu' Sho Hands 2 Getha (Fist N Yo' Face Mix),Me Phi Me,Hip-Hop / Rap / R&B,Hook / Riff,1992
Do You Need,Tyrese,Hip-Hop / Rap / R&B,Hook / Riff,1998
Do You Need,Peter Gunz,Hip-Hop / Rap / R&B,Hook / Riff,1998
Who're You Fucking With,Innerchild,Electronic / Dance,Hook / Riff,1995
Priority One in Full Effect,Priority One,Hip-Hop / Rap / R&B,Hook / Riff,1989
Revenge,Grandmaster Melle Mel,Hip-Hop / Rap / R&B,Hook / Riff,1989
Revenge,The Furious Five,Hip-Hop / Rap / R&B,Hook / Riff,1989
Tribal Base (Foundation Mix),Rebel MC,Electronic / Dance,Hook / Riff,1991
Tribal Base (Foundation Mix),Tenor Fly,Electronic / Dance,Hook / Riff,1991
Tribal Base (Foundation Mix),Barrington Levy,Electronic / Dance,Hook / Riff,1991
Ghost,Aquasky,Electronic / Dance,Hook / Riff,2000
Bad Place to Get Hit,DJ D-Zire,Hip-Hop / Rap / R&B,Multiple Elements,1989
투혼 (The Spirit of Fighter),H.O.T.,Hip-Hop / Rap / R&B,Hook / Riff,1998
Once She Gets Pumpin',Father MC,Hip-Hop / Rap / R&B,Hook / Riff,1993
Backyard (Outta the Hood Version),Pebbles,Hip-Hop / Rap / R&B,Multiple Elements,1991
Backyard (Outta the Hood Version),Salt-N-Pepa,Hip-Hop / Rap / R&B,Multiple Elements,1991
The Chase,C-Funk,Hip-Hop / Rap / R&B,Hook / Riff,1992
Guess Who,Capone (Dillinja),Electronic / Dance,Hook / Riff,1996
Game of Death,Esham,Hip-Hop / Rap / R&B,Hook / Riff,1993
Game of Death,Mastamind,Hip-Hop / Rap / R&B,Hook / Riff,1993
Game of Death,TNT (Of NATAS),Hip-Hop / Rap / R&B,Hook / Riff,1993
Part 3,Mo B. Dick,Hip-Hop / Rap / R&B,Hook / Riff,1999
Part 3,C-Murder,Hip-Hop / Rap / R&B,Hook / Riff,1999
Part 3,Magic,Hip-Hop / Rap / R&B,Hook / Riff,1999
Part 3,Mia X,Hip-Hop / Rap / R&B,Hook / Riff,1999
Mo Money Moe,The Treacherous Three,Hip-Hop / Rap / R&B,Hook / Riff,1994
Jolly Ranchers,The Alchemist,Hip-Hop / Rap / R&B,Sound Effect / Other,2013
Jolly Ranchers,Raekwon,Hip-Hop / Rap / R&B,Sound Effect / Other,2013
Brownies,A Lighter Shade of Brown,Hip-Hop / Rap / R&B,Hook / Riff,1992
Where's Green Guy,MKULTRA,Hip-Hop / Rap / R&B,Multiple Elements,2020
Pirómano,Latriple,Hip-Hop / Rap / R&B,Sound Effect / Other,2020
Purple Beats (Hip Bass Version),Dynamix II,Hip-Hop / Rap / R&B,Hook / Riff,1990
Purple Beats (Hip Bass Version),Alex J. Weir,Hip-Hop / Rap / R&B,Hook / Riff,1990
Cause We're Getting Ours,Skinny Boys,Hip-Hop / Rap / R&B,Hook / Riff,1988
Gimme Dat Beat,Three Times Dope,Hip-Hop / Rap / R&B,Hook / Riff,1998
It’s All About the Hip Hop,Jurassic 5,Hip-Hop / Rap / R&B,Hook / Riff,2003
Luft,Dexter,Hip-Hop / Rap / R&B,Sound Effect / Other,2020
Radio Banned Me,Ganksta Hank Productions,Hip-Hop / Rap / R&B,Hook / Riff,1992
Radio Banned Me,Tha R.A.N.,Hip-Hop / Rap / R&B,Hook / Riff,1992
Vamp (Freestylers Dark Money Remix),Outlander,Electronic / Dance,Hook / Riff,1997
The Horrible People,Marilyn Manson,Rock / Pop,Sound Effect / Other,1996
The Horrible People,Damian Savage,Rock / Pop,Sound Effect / Other,1996
The Horrible People,Sean Beavan,Rock / Pop,Sound Effect / Other,1996
Tik Tok,Ice One,Hip-Hop / Rap / R&B,Sound Effect / Other,1995
Techno Man (Man Mix),Def Con 5,Electronic / Dance,Hook / Riff,1990
Need Somebody,Tim Deluxe,Electronic / Dance,Multiple Elements,2000
Jetsons Rap Promo,Cartoon Network,Hip-Hop / Rap / R&B,Multiple Elements,1996
P.O.T.,Chaozz,Hip-Hop / Rap / R&B,Multiple Elements,1996
Music for the People,Marky Mark and the Funky Bunch,Hip-Hop / Rap / R&B,Hook / Riff,1991
F' Dem N',8Ball & MJG,Hip-Hop / Rap / R&B,Hook / Riff,1995
The Freddy Kruger,Rock-Gee-Jazzy,Hip-Hop / Rap / R&B,Multiple Elements,1987
The Freddy Kruger,E.F. Cuttin',Hip-Hop / Rap / R&B,Multiple Elements,1987
Pussy Hound,Rondo & Crazy Rak,Hip-Hop / Rap / R&B,Hook / Riff,1994
Toro Toro,DJ Shadow,Electronic / Dance,Hook / Riff,2008
Toro Toro,Cut Chemist,Electronic / Dance,Hook / Riff,2008
Last Laugh,Copywrite,Hip-Hop / Rap / R&B,Sound Effect / Other,2010
Up in Da Spot,El Da Sensei,Hip-Hop / Rap / R&B,Multiple Elements,2006
Gotta Give the Peeps What They Need,Public Enemy,Hip-Hop / Rap / R&B,Hook / Riff,2002
Slaughter Session,Dooley-O,Hip-Hop / Rap / R&B,Multiple Elements,2003
Takin' No Shorts No More,Tasc4ourse,Hip-Hop / Rap / R&B,Hook / Riff,1993
Don't Believe It,Alpha Omega,Electronic / Dance,Hook / Riff,2001
Mon€y,Gracias,Hip-Hop / Rap / R&B,Hook / Riff,2011
Mon€y,Ekow,Hip-Hop / Rap / R&B,Hook / Riff,2011
Northbound Renegade,Top Quality,Hip-Hop / Rap / R&B,Hook / Riff,1992
Northbound Renegade,5 Below,Hip-Hop / Rap / R&B,Hook / Riff,1992
Give the People (Erick & Parrish Remix),EPMD,Hip-Hop / Rap / R&B,Hook / Riff,1991
The Truth,Union Blak,Hip-Hop / Rap / R&B,Hook / Riff,2015
From Another Orbit,Gangrene,Hip-Hop / Rap / R&B,Hook / Riff,2010
From Another Orbit,Roc 'C',Hip-Hop / Rap / R&B,Hook / Riff,2010
We Don't Need Crack,Tall Dark & Handsome,Hip-Hop / Rap / R&B,Hook / Riff,1988
Quello Che Ti Do (Remix),Colle Der Fomento,Hip-Hop / Rap / R&B,Sound Effect / Other,1996
Me & AG,Masta Ace,Hip-Hop / Rap / R&B,Sound Effect / Other,2016
Me & AG,A.G.,Hip-Hop / Rap / R&B,Sound Effect / Other,2016
I Don't Fuck Around,Nasenbluten,Other,Hook / Riff,1997
Death Was Quite a Surprise,MC Shan,Hip-Hop / Rap / R&B,Hook / Riff,1990
Tracks 2-25,Norman Cook,Other,Sound Effect / Other,1992
Stupid,Basic Black,Hip-Hop / Rap / R&B,Hook / Riff,1990
Stupid,X-Caliber,Hip-Hop / Rap / R&B,Hook / Riff,1990
Dopemix Vol. 1,DJ Prince Ice,Hip-Hop / Rap / R&B,Multiple Elements,1988
Can't Fuck Around,Tim Dog,Hip-Hop / Rap / R&B,Hook / Riff,1991
No Sell Out,Ghetto Boys,Hip-Hop / Rap / R&B,Hook / Riff,1989
Dangerus Mcees,Method Man,Hip-Hop / Rap / R&B,Hook / Riff,2009
Dangerus Mcees,Redman,Hip-Hop / Rap / R&B,Hook / Riff,2009
"Iesha (Stupid Club 12"" Mix)",Another Bad Creation,Hip-Hop / Rap / R&B,Hook / Riff,1990
La Force Du Coté Obscur,Cut Killer,Hip-Hop / Rap / R&B,Multiple Elements,1994
Rock the Discotech,Tyree,Electronic / Dance,Hook / Riff,1991
I Get Lifted,Barrio Boyzz,Hip-Hop / Rap / R&B,Hook / Riff,1995
I Get Lifted,Fat Joe,Hip-Hop / Rap / R&B,Hook / Riff,1995
Do You Speak Martien ?,DJ Daddy K,Hip-Hop / Rap / R&B,Hook / Riff,1991
Bambi (Rap),T.C. Ellis,Hip-Hop / Rap / R&B,Sound Effect / Other,1991
Jump N' Shout (Stanton Warriors Remix),Basement Jaxx,Electronic / Dance,Hook / Riff,2000
Jump N' Shout (Stanton Warriors Remix),Slarta John,Electronic / Dance,Hook / Riff,2000
Jump N' Shout (Stanton Warriors Remix),Madman Swyli,Electronic / Dance,Hook / Riff,2000
Wait Your Turn B,Styles P,Hip-Hop / Rap / R&B,Multiple Elements,2018
157,Digital,Electronic / Dance,Hook / Riff,2002
Murdered Ova Nuttin' (The Grinch & DJ Chameleon Remix),Hoodratz,Hip-Hop / Rap / R&B,Hook / Riff,1993
Vibrations (Vitamin D's New Jack Swing Remix),Tuxedo,Soul / Funk / Disco,Multiple Elements,2019
Real Deal (Shadow Remix),Lifers Group,Hip-Hop / Rap / R&B,Hook / Riff,1991
Kochamy,Obóz Ta,Hip-Hop / Rap / R&B,Multiple Elements,2000
Waitin' 4 My Break,Original Flavor,Hip-Hop / Rap / R&B,Multiple Elements,1992
I Ain't Gone' Do It,Focus...,Hip-Hop / Rap / R&B,Multiple Elements,2008
Tongue of Labyrinth,Divine Styler,Hip-Hop / Rap / R&B,Hook / Riff,1989
Dopemix Vol. 2,DJ Prince Ice,Hip-Hop / Rap / R&B,Sound Effect / Other,1989
Time to Rhyme,DJ Chuck Chillout,Hip-Hop / Rap / R&B,Hook / Riff,1989
Time to Rhyme,Kool Chip,Hip-Hop / Rap / R&B,Hook / Riff,1989
Crime Rate,A-Mafia,Hip-Hop / Rap / R&B,Multiple Elements,2011
Crime Rate,Uncle Murda,Hip-Hop / Rap / R&B,Multiple Elements,2011
Crime Rate,Ra Diggs,Hip-Hop / Rap / R&B,Multiple Elements,2011
Usual Suspects,Mic Geronimo,Hip-Hop / Rap / R&B,Multiple Elements,1997
Usual Suspects,DMX,Hip-Hop / Rap / R&B,Multiple Elements,1997
Usual Suspects,Ja Rule,Hip-Hop / Rap / R&B,Multiple Elements,1997
Usual Suspects,Cormega,Hip-Hop / Rap / R&B,Multiple Elements,1997
Usual Suspects,Hussein Fatal,Hip-Hop / Rap / R&B,Multiple Elements,1997
싸군,PSY,Hip-Hop / Rap / R&B,Hook / Riff,2010
Bang Bang,Brock Berrigan,Hip-Hop / Rap / R&B,Hook / Riff,2015
Airwolf,2Mex,Hip-Hop / Rap / R&B,Multiple Elements,2004
Airwolf,Qwel,Hip-Hop / Rap / R&B,Multiple Elements,2004
Airwolf,Sleep (Rapper),Hip-Hop / Rap / R&B,Multiple Elements,2004
Airwolf,Radioinactive,Hip-Hop / Rap / R&B,Multiple Elements,2004
Airwolf,Life Rexall,Hip-Hop / Rap / R&B,Multiple Elements,2004
ALLE MEINE LEUTE,Genetikk,Hip-Hop / Rap / R&B,Hook / Riff,2019
ALLE MEINE LEUTE,Manuellsen,Hip-Hop / Rap / R&B,Hook / Riff,2019
Throw 'Em Up,7L & Esoteric,Hip-Hop / Rap / R&B,Multiple Elements,2005
Throw 'Em Up,Beyonder,Hip-Hop / Rap / R&B,Multiple Elements,2005
Switch,Senser,Electronic / Dance,Hook / Riff,1994
This Is It Y'all,Poizon Posse,Hip-Hop / Rap / R&B,Hook / Riff,1993
This Is It Y'all,Sweet Tee,Hip-Hop / Rap / R&B,Hook / Riff,1993
380 on That Ass,Spice 1,Hip-Hop / Rap / R&B,Hook / Riff,1993
380 on That Ass,Havikk the Rhime Son,Hip-Hop / Rap / R&B,Hook / Riff,1993
380 on That Ass,Prodeje,Hip-Hop / Rap / R&B,Hook / Riff,1993
Scarface Groove,Paris,Hip-Hop / Rap / R&B,Hook / Riff,1990
Black to the Future (Album Version),Def Jef,Hip-Hop / Rap / R&B,Hook / Riff,1989
Set It Off,PHD,Hip-Hop / Rap / R&B,Hook / Riff,1991
Set It Off,Cormega,Hip-Hop / Rap / R&B,Hook / Riff,1991
Give the People (Jeep Mix),EPMD,Hip-Hop / Rap / R&B,Hook / Riff,1991
Daydreaming (Luv It Dub),Massive Attack,Electronic / Dance,Multiple Elements,1990
Human Dogfight,Ras Kass,Hip-Hop / Rap / R&B,Hook / Riff,2013
Human Dogfight,Guilty Simpson,Hip-Hop / Rap / R&B,Hook / Riff,2013
Fuck You Think,Dave East,Hip-Hop / Rap / R&B,Hook / Riff,2014
Party,Kris Kross,Hip-Hop / Rap / R&B,Hook / Riff,1992
Status,Marracash,Hip-Hop / Rap / R&B,Hook / Riff,2014
I'll Take You There (Remix),Big Daddy Kane,Hip-Hop / Rap / R&B,Hook / Riff,1988
Tu Le Reconnais,Rocca,Hip-Hop / Rap / R&B,Multiple Elements,2012
Tu Le Reconnais,Alpha Wann,Hip-Hop / Rap / R&B,Multiple Elements,2012
More Bounce (Radio Remix),Heavy D & the Boyz,Hip-Hop / Rap / R&B,Hook / Riff,1989
Romantic,Karyn White,Electronic / Dance,Multiple Elements,1991
Intro,Rohff,Hip-Hop / Rap / R&B,Multiple Elements,1999
Dark Harlem,DJ Kay Slay,Hip-Hop / Rap / R&B,Hook / Riff,2016
Dark Harlem,Dave East,Hip-Hop / Rap / R&B,Hook / Riff,2016
Dark Harlem,Neek Bucks,Hip-Hop / Rap / R&B,Hook / Riff,2016
Dark Harlem,Charlie Clips,Hip-Hop / Rap / R&B,Hook / Riff,2016
(Keep The) Crowd in Peace,Level One,Hip-Hop / Rap / R&B,Multiple Elements,1988
Man on the Corner,Urban Dance Squad,Rock / Pop,Multiple Elements,1989
Can't Fuck Wit a Nigga,DJ Quik,Hip-Hop / Rap / R&B,Sound Effect / Other,1993
Rich Bring 'Em Back,Prime Minister Pete Nice,Hip-Hop / Rap / R&B,Multiple Elements,1993
Rich Bring 'Em Back,Daddy Rich,Hip-Hop / Rap / R&B,Multiple Elements,1993
Rich Bring 'Em Back,Benz,Hip-Hop / Rap / R&B,Multiple Elements,1993
Rich Bring 'Em Back,Cage,Hip-Hop / Rap / R&B,Multiple Elements,1993
Nato Per Rappare,Articolo 31,Hip-Hop / Rap / R&B,Hook / Riff,1993
How to Kill a Radio Consultant (The DJ Chuck Chillout Mega Murder Boom),Public Enemy,Hip-Hop / Rap / R&B,Hook / Riff,1992
This Is a Visit,Downtown Science,Hip-Hop / Rap / R&B,Hook / Riff,1991
What's the Name of This Nation?...Zulu!,Time Zone,Hip-Hop / Rap / R&B,Multiple Elements,1993
Scrabble,Spirit (Drum & Bass),Electronic / Dance,Hook / Riff,2006
Yozsefváros (Album Version),Animal Cannibals,Hip-Hop / Rap / R&B,Hook / Riff,1995
Mai Sista Izza Bitch,AMG,Hip-Hop / Rap / R&B,Sound Effect / Other,1991
Mai Sista Izza Bitch,Boss,Hip-Hop / Rap / R&B,Sound Effect / Other,1991
The Return,Domingo,Hip-Hop / Rap / R&B,Hook / Riff,2014
The Return,KRS-One,Hip-Hop / Rap / R&B,Hook / Riff,2014
The Return,R.A. The Rugged Man,Hip-Hop / Rap / R&B,Hook / Riff,2014
The Return,Chris Rivers,Hip-Hop / Rap / R&B,Hook / Riff,2014
Bounce (To the Beat),Rek Shit Rebulz,Hip-Hop / Rap / R&B,Hook / Riff,1994
Track 7,DJ Q-Bert,Hip-Hop / Rap / R&B,Multiple Elements,1994
The Lane,Ice-T,Hip-Hop / Rap / R&B,Sound Effect / Other,1996
Running From,Trav,Hip-Hop / Rap / R&B,Multiple Elements,2011
Running From,Prodigy,Hip-Hop / Rap / R&B,Multiple Elements,2011
Musipal,Wagon Christ,Electronic / Dance,Multiple Elements,2001
What's That Sound? (Fucked Up Sound),Sam Sever and the Raiders of the Lost Art,Hip-Hop / Rap / R&B,Multiple Elements,1995
Blame It on Society,Str8-G,Hip-Hop / Rap / R&B,Hook / Riff,1991
At the Drop of a Dime,Marley Marl,Hip-Hop / Rap / R&B,Hook / Riff,1991
At the Drop of a Dime,MC Cash,Hip-Hop / Rap / R&B,Hook / Riff,1991
High Times (Bionic Suprachronic Mix),Jamiroquai,Rock / Pop,Hook / Riff,1997
I'm Blowin' Up,Kool Moe Dee,Hip-Hop / Rap / R&B,Sound Effect / Other,1989
Boom 'N' Pound (The Return of the Boom Bap),Empire,Hip-Hop / Rap / R&B,Sound Effect / Other,2009
Funky Swing,Armando,Electronic / Dance,Multiple Elements,1994
I'll Make You Dance,360 Degrees,Hip-Hop / Rap / R&B,Multiple Elements,1990
Kick the Butta,Original Flavor,Hip-Hop / Rap / R&B,Hook / Riff,1992
Dungeon,Nolan the Ninja,Hip-Hop / Rap / R&B,Sound Effect / Other,2015
On the Flex,Rough House Survivers,Hip-Hop / Rap / R&B,Hook / Riff,1992
Perfect Day,The Ballistic Brothers,Electronic / Dance,Hook / Riff,1996
Cum & Get Sum,Total Chaos (2),Hip-Hop / Rap / R&B,Hook / Riff,1992
Take Our Place,PackFM,Hip-Hop / Rap / R&B,Hook / Riff,2010
Take Our Place,Dominion,Hip-Hop / Rap / R&B,Hook / Riff,2010
The Fredd Kruger (Ultra Dope Mix),Rock-Gee-Jazzy,Hip-Hop / Rap / R&B,Multiple Elements,1987
The Fredd Kruger (Ultra Dope Mix),E.F. Cuttin',Hip-Hop / Rap / R&B,Multiple Elements,1987
Daydreaming (Luv It Mix),Massive Attack,Electronic / Dance,Multiple Elements,1990
It Yearns,Mystikal,Hip-Hop / Rap / R&B,Hook / Riff,1997
Mystery,Lazy Laz,Hip-Hop / Rap / R&B,Sound Effect / Other,1989
Badman,FFF (2),Electronic / Dance,Hook / Riff,2019
Badman,Dub-Liner,Electronic / Dance,Hook / Riff,2019
That´s How It Is,Ahmad,Hip-Hop / Rap / R&B,Multiple Elements,1994
Flat Feet,Bro. MOST,Hip-Hop / Rap / R&B,Multiple Elements,1991
Got Funk?,The Funk Junkeez,Electronic / Dance,Hook / Riff,1997
Funky V,Facs & Scythe,Electronic / Dance,Hook / Riff,2005
Into the Darkness,Player One,Electronic / Dance,Hook / Riff,2001
U the Man,Scopin,Hip-Hop / Rap / R&B,Multiple Elements,1992
Another Monster Jam,Simon Harris,Electronic / Dance,Hook / Riff,1989
Another Monster Jam,Einstein,Electronic / Dance,Hook / Riff,1989
Confonds Pas,Aktivist,Hip-Hop / Rap / R&B,Hook / Riff,1998
Take This (Original Mix),DJ SIM,Electronic / Dance,Hook / Riff,1996
Let the Mic Flow,Aziatic,Hip-Hop / Rap / R&B,Hook / Riff,1990
Wreckx Shop (Jamaica Mix),Wreckx-N-Effect,Hip-Hop / Rap / R&B,Hook / Riff,1992
Ward of the State (Radio Edit),Askari X,Hip-Hop / Rap / R&B,Multiple Elements,1992
You Got Me Floating,P.M. Dawn,Hip-Hop / Rap / R&B,Hook / Riff,1993
Get on the Mic,Indo G,Hip-Hop / Rap / R&B,Hook / Riff,1994
Get on the Mic,Lil Blunt,Hip-Hop / Rap / R&B,Hook / Riff,1994
Blast a New Asshole,Grand Daddy I.U.,Hip-Hop / Rap / R&B,Hook / Riff,1994
Kill 'Em Dead,Lil Haitian,Hip-Hop / Rap / R&B,Hook / Riff,1994
Kill 'Em Dead,Ol' Dirty Bastard,Hip-Hop / Rap / R&B,Hook / Riff,1994
Money Mackin Bitch,P.K.O.,Hip-Hop / Rap / R&B,Hook / Riff,1990
Punk Ass Nigger,MC Rod,Hip-Hop / Rap / R&B,Hook / Riff,1993
Like It's Her Birthday (Kickdrums Remix),Good Charlotte,Electronic / Dance,Multiple Elements,2010
I Am (Trakmasterz Remix Vocal),Whistle,Hip-Hop / Rap / R&B,Hook / Riff,1992
Wahnsinn,Rödelheim Hartreim Projekt,Hip-Hop / Rap / R&B,Hook / Riff,1994
Let a Nigga Flow,Kaotic Style,Hip-Hop / Rap / R&B,Hook / Riff,1994
After Eight,Moka Only,Hip-Hop / Rap / R&B,Multiple Elements,2014
After Eight,A-Ro,Hip-Hop / Rap / R&B,Multiple Elements,2014
Meera (Extra Lucid Remix),DJ Cam,Hip-Hop / Rap / R&B,Hook / Riff,2006
Back to the Funk Track,Madstyle,Hip-Hop / Rap / R&B,Hook / Riff,1993
Back to the Funk Track,Doom of Darkness,Hip-Hop / Rap / R&B,Hook / Riff,1993
Back to the Funk Track,Passion (2),Hip-Hop / Rap / R&B,Hook / Riff,1993
Back to the Funk Track,The Riddla,Hip-Hop / Rap / R&B,Hook / Riff,1993
Born 2 Dark,T.Power,Electronic / Dance,Hook / Riff,1993
Born 2 Dark,The Sandman (Hardcore),Electronic / Dance,Hook / Riff,1993
Gone Too Far,Attica Blues,Hip-Hop / Rap / R&B,Hook / Riff,1997
The Blues (The Mix),Tony! Toni! Toné!,Hip-Hop / Rap / R&B,Hook / Riff,1990
It's a Love Thang (Word) (Long Hip Hop Remix),Redhead Kingpin and the FBI,Hip-Hop / Rap / R&B,Hook / Riff,1991
Da' Redzone,Real Crookz,Hip-Hop / Rap / R&B,Hook / Riff,1998
Oedipus Complex,T.Power,Electronic / Dance,Hook / Riff,1993
Oedipus Complex,The Sandman (Hardcore),Electronic / Dance,Hook / Riff,1993
Jusanuff,Quo,Hip-Hop / Rap / R&B,Hook / Riff,1994
Kickin' Biz Like This,Poizon Posse,Hip-Hop / Rap / R&B,Hook / Riff,1993
Real as It Come,Jae Millz,Hip-Hop / Rap / R&B,Hook / Riff,2013
Call Me a Mack,Usher,Hip-Hop / Rap / R&B,Hook / Riff,1993
Mack Daddy,Bobby Konders,Hip-Hop / Rap / R&B,Hook / Riff,1992
Mack Daddy,Massive Sounds,Hip-Hop / Rap / R&B,Hook / Riff,1992
Mack Daddy,Mikey Jarrett,Hip-Hop / Rap / R&B,Hook / Riff,1992
Track 5,DJ Q-Bert,Hip-Hop / Rap / R&B,Multiple Elements,1994
Let It Go,Nature,Hip-Hop / Rap / R&B,Multiple Elements,2008
Let It Go,Noreaga,Hip-Hop / Rap / R&B,Multiple Elements,2008
Face 2 Face Wit My 9,Central District Posse,Hip-Hop / Rap / R&B,Hook / Riff,1993
Be My Love,L'Trimm,Hip-Hop / Rap / R&B,Multiple Elements,1991
Rock With Me,Croatia Squad,Electronic / Dance,Sound Effect / Other,2019
K.P.,Krush Posse,Hip-Hop / Rap / R&B,Sound Effect / Other,1990
Raw Butt Naked,Wreck Creation,Hip-Hop / Rap / R&B,Hook / Riff,1994
Let It Out,Simo Soo,Electronic / Dance,Hook / Riff,2018
Let It Out,Bilby,Electronic / Dance,Hook / Riff,2018
Mile High Madness,Jazzie Redd,Hip-Hop / Rap / R&B,Hook / Riff,1993
Comp Stompin',Kid Sensation,Hip-Hop / Rap / R&B,Sound Effect / Other,1992
Epilogue,Reanimator,Hip-Hop / Rap / R&B,Hook / Riff,2003
What a Blessing,90 MPH,Hip-Hop / Rap / R&B,Sound Effect / Other,1994
Streets of Gold (Remix),Global Platoon,Hip-Hop / Rap / R&B,Hook / Riff,1997
Durdee Mack for Life,Gunslinguz,Hip-Hop / Rap / R&B,Hook / Riff,1995
Peep Game,Fesu,Hip-Hop / Rap / R&B,Multiple Elements,1996
WHEN U COME AROUND,Spencer.,Hip-Hop / Rap / R&B,Multiple Elements,2017
Your Love,Merlin,Hip-Hop / Rap / R&B,Sound Effect / Other,1992
Ready to Wreck (Club Version),Figure Uv Speech,Hip-Hop / Rap / R&B,Hook / Riff,1993
The Victor,Faede,Hip-Hop / Rap / R&B,Hook / Riff,1995
Pass Me Da 40 Ounce,Javier & the Str8jackers,Hip-Hop / Rap / R&B,Hook / Riff,1991
The Manic Track (Manic Mix),Double Impact,Electronic / Dance,Multiple Elements,1991
Chat Bout,Rascalz,Hip-Hop / Rap / R&B,Sound Effect / Other,1997
Mercilles,I.M.P.,Hip-Hop / Rap / R&B,Hook / Riff,1993
The Pimp Saga,Jazzie Redd,Hip-Hop / Rap / R&B,Hook / Riff,1993
Sweatin' Me Wet,Greyson & Jasun,Hip-Hop / Rap / R&B,Hook / Riff,1991
Check It,Molecular,Electronic / Dance,Multiple Elements,2021
Mantra,Sensi,Hip-Hop / Rap / R&B,Sound Effect / Other,2014
Mantra,DJ Eprom,Hip-Hop / Rap / R&B,Sound Effect / Other,2014
Mantra,DJ Lem,Hip-Hop / Rap / R&B,Sound Effect / Other,2014
Mockingbird,Yomo & Maulkie,Hip-Hop / Rap / R&B,Multiple Elements,1991
The Lowride Song (Radio Mix),C.A.T.,Hip-Hop / Rap / R&B,Hook / Riff,1992
Get Lifted,West Norwood Cassette Library,Electronic / Dance,Hook / Riff,2011
Blowin Up the Spot,Young Black Teenagers,Hip-Hop / Rap / R&B,Hook / Riff,1993
Bounce to This,Freestylers,Electronic / Dance,Hook / Riff,2009
Bounce to This,Alaska MC,Electronic / Dance,Hook / Riff,2009
Gator Posse,Kings of Pressure,Hip-Hop / Rap / R&B,Multiple Elements,1989
Dope for the Folks (Arok Remix),T.D.S. Mob,Hip-Hop / Rap / R&B,Hook / Riff,2012
Motivation,Too Poetic,Hip-Hop / Rap / R&B,Hook / Riff,2015
Talk Dirty,Big Bub,Hip-Hop / Rap / R&B,Hook / Riff,1992
Mega Mix,Luke,Hip-Hop / Rap / R&B,Sound Effect / Other,1994
I Call Him Mad,Paris,Hip-Hop / Rap / R&B,Hook / Riff,1989
Faith and Hope,2 Da Core,Electronic / Dance,Hook / Riff,1992
Beating Down Yo Block,Rawlow B,Hip-Hop / Rap / R&B,Hook / Riff,1997
Edit-Tech,Liquid Metal,Electronic / Dance,Sound Effect / Other,1991
Pops Got to Go,The Code Blue Posse,Hip-Hop / Rap / R&B,Hook / Riff,1992
The Route (Boombap Remix),Wordburglar,Hip-Hop / Rap / R&B,Multiple Elements,2010
Un Lírico en Trance,Gangsta Squad,Hip-Hop / Rap / R&B,Hook / Riff,1994
Pump Pump,K-Nock,Hip-Hop / Rap / R&B,Hook / Riff,1994
Let the People Dance,Kaos,Hip-Hop / Rap / R&B,Hook / Riff,1988
Bongo Song (Mr. Flash Remix),Zongamin,Electronic / Dance,Hook / Riff,2005
Authentik,Suprême NTM,Hip-Hop / Rap / R&B,Hook / Riff,1991
Off Mine,Ruff Di-mondz,Hip-Hop / Rap / R&B,Hook / Riff,1994
Rêveries,Dimitri From Paris,Electronic / Dance,Sound Effect / Other,1996
Troublesome '92,2Pac,Hip-Hop / Rap / R&B,Sound Effect / Other,1992
Dope on Plastic,Rob Swift,Hip-Hop / Rap / R&B,Multiple Elements,1999
BASIC Mega-Mix,DJ Shadow,Hip-Hop / Rap / R&B,Hook / Riff,1992
Lainsuojaton,Kemmuru,Hip-Hop / Rap / R&B,Hook / Riff,2012
Rap Rushmore,Mase,Hip-Hop / Rap / R&B,Multiple Elements,2017
Rap Rushmore,Puff Daddy,Hip-Hop / Rap / R&B,Multiple Elements,2017
Rap Rushmore,DJ Khaled,Hip-Hop / Rap / R&B,Multiple Elements,2017
"Check 1, 1, 1",Fonky Family,Hip-Hop / Rap / R&B,Multiple Elements,2001
1-900-Dial-A-Crook,Convicts,Hip-Hop / Rap / R&B,Hook / Riff,1991
1-900-Dial-A-Crook,Geto Boys,Hip-Hop / Rap / R&B,Hook / Riff,1991
Summertime (Street Reclub Mix),DJ Jazzy Jeff & the Fresh Prince,Hip-Hop / Rap / R&B,Hook / Riff,1991
Kickin Azz,Menajahtwa,Hip-Hop / Rap / R&B,Hook / Riff,1994
Kickin Azz,B.G. Knocc Out,Hip-Hop / Rap / R&B,Hook / Riff,1994
A-Yo Ah'Ite (Hey Yo Alright),Roz,Hip-Hop / Rap / R&B,Hook / Riff,1994
A-Yo Ah'Ite (Hey Yo Alright),D-Nice,Hip-Hop / Rap / R&B,Hook / Riff,1994
Here We Go Now,DJ Kool,Electronic / Dance,Hook / Riff,1997
Here We Go Now,The Crooklyn Clan,Electronic / Dance,Hook / Riff,1997
The Wrong Side of Reflection (Intro),Prefuse 73,Electronic / Dance,Multiple Elements,2003
Peanut Butter,Wreckx-N-Effect,Hip-Hop / Rap / R&B,Hook / Riff,1989
Peep Game,2Pac,Hip-Hop / Rap / R&B,Multiple Elements,1993
Peep Game,Deadly Threat,Hip-Hop / Rap / R&B,Multiple Elements,1993
Murdergram,LL Cool J,Hip-Hop / Rap / R&B,Hook / Riff,1990
Is Your God a Dog,Public Enemy,Hip-Hop / Rap / R&B,Hook / Riff,1998
Tha Wildstyle,DJ Supreme,Electronic / Dance,Multiple Elements,1996
Night of the Living Baseheads (Anti-High Blood Pressure Encounter Mix),Public Enemy,Hip-Hop / Rap / R&B,Hook / Riff,1988
Brooklyn to T-Neck,Das EFX,Hip-Hop / Rap / R&B,Hook / Riff,1992
Murder by Reason of Insanity,Scarface,Hip-Hop / Rap / R&B,Sound Effect / Other,1991
Back in the Dayz,Doug E. Fresh,Hip-Hop / Rap / R&B,Multiple Elements,1992
"Live at Spring Valley, Part 1",Force M.C.'s,Hip-Hop / Rap / R&B,Hook / Riff,1982
Only the Strong Survive (Dillinja Remix),DJ Krush,Hip-Hop / Rap / R&B,Hook / Riff,1996
Only the Strong Survive (Dillinja Remix),C.L. Smooth,Hip-Hop / Rap / R&B,Hook / Riff,1996
Hold Your Own,Kid Frost,Hip-Hop / Rap / R&B,Hook / Riff,1990
Busted,Freddie Foxxx,Hip-Hop / Rap / R&B,Hook / Riff,1989
Oochie Coochie,MC Brains,Hip-Hop / Rap / R&B,Hook / Riff,1991
666,Esham,Hip-Hop / Rap / R&B,Hook / Riff,1993
Key to the City,Large Professor,Hip-Hop / Rap / R&B,Sound Effect / Other,2011
Swine Flu,16 Bit,Electronic / Dance,Hook / Riff,2009
Tic Tac Toe,Kyper,Hip-Hop / Rap / R&B,Hook / Riff,1990
Iesha,Another Bad Creation,Hip-Hop / Rap / R&B,Sound Effect / Other,1990
Freakit,Das EFX,Hip-Hop / Rap / R&B,Multiple Elements,1993
Bad Young Brother,Derek B,Hip-Hop / Rap / R&B,Sound Effect / Other,1988
Profile of Juvenile,Mexican Mack,Hip-Hop / Rap / R&B,Hook / Riff,1993
Profile of Juvenile,A.N.T. (Rapper),Hip-Hop / Rap / R&B,Hook / Riff,1993
Profile of Juvenile,M.A.D.,Hip-Hop / Rap / R&B,Hook / Riff,1993
Play Your Part (Pt. 2),Girl Talk,Other,Drums,2008
Black and Proud,Intelligent Hoodlum,Hip-Hop / Rap / R&B,Hook / Riff,1990
Scratch Bring It Back (Part 2-Mic Doc),EPMD,Hip-Hop / Rap / R&B,Multiple Elements,1992
The Other Side of Town,Masta Ace,Hip-Hop / Rap / R&B,Multiple Elements,1990
Headgames,Erick Sermon,Hip-Hop / Rap / R&B,Hook / Riff,2011
Headgames,Keith Murray,Hip-Hop / Rap / R&B,Hook / Riff,2011
Headgames,50 Cent,Hip-Hop / Rap / R&B,Hook / Riff,2011
Rock Steady,Masters of Ceremony,Hip-Hop / Rap / R&B,Multiple Elements,1988
The Emerald Cypher,Canibus,Hip-Hop / Rap / R&B,Multiple Elements,2011
The Emerald Cypher,Killah Priest,Hip-Hop / Rap / R&B,Multiple Elements,2011
The Emerald Cypher,K-Rino,Hip-Hop / Rap / R&B,Multiple Elements,2011
The Emerald Cypher,Born Sun,Hip-Hop / Rap / R&B,Multiple Elements,2011
Give It Up,DJ Ace (80's Hip Hop),Hip-Hop / Rap / R&B,Multiple Elements,1988
Give It Up,Daquan,Hip-Hop / Rap / R&B,Multiple Elements,1988
Hoody,Cormega,Hip-Hop / Rap / R&B,Multiple Elements,2004
Hoody,Doña,Hip-Hop / Rap / R&B,Multiple Elements,2004
Professor F,Fashawn,Hip-Hop / Rap / R&B,Multiple Elements,2014
Professor F,The Alchemist,Hip-Hop / Rap / R&B,Multiple Elements,2014
Keep It Going Now,Rob Base & DJ E-Z Rock,Hip-Hop / Rap / R&B,Hook / Riff,1988
I-ight (Alright),Doug E. Fresh,Hip-Hop / Rap / R&B,Multiple Elements,1993
Association,113,Hip-Hop / Rap / R&B,Hook / Riff,1997
Association,Kery James,Hip-Hop / Rap / R&B,Hook / Riff,1997
The Change,Noreaga,Hip-Hop / Rap / R&B,Sound Effect / Other,1998
RODMAN,Lil Supa,Hip-Hop / Rap / R&B,Multiple Elements,2022
RODMAN,N-Wise Allah,Hip-Hop / Rap / R&B,Multiple Elements,2022
RODMAN,DJ Swet,Hip-Hop / Rap / R&B,Multiple Elements,2022
Da Repercussions,50 Cent,Hip-Hop / Rap / R&B,Sound Effect / Other,2000
Bring Forth the Guillotine,Silver Bullet,Hip-Hop / Rap / R&B,Hook / Riff,1989
Clubbed to Death (Tom Middleton Remix),Rob Dougan,Electronic / Dance,Multiple Elements,2002
For My People,EPMD,Hip-Hop / Rap / R&B,Hook / Riff,1990
We Will Rock You (1991 Bonus Remix Ruined by Rick Rubin),Queen,Rock / Pop,Sound Effect / Other,1991
Xodus,X-Clan,Hip-Hop / Rap / R&B,Multiple Elements,1992
Free,Rudimental,Electronic / Dance,Hook / Riff,2013
Free,Emeli Sandé,Electronic / Dance,Hook / Riff,2013
What You Gonna Do,Brother Arthur,Hip-Hop / Rap / R&B,Multiple Elements,1994
Dope Not Hype,Nice & Smooth,Hip-Hop / Rap / R&B,Hook / Riff,1989
Get Away,De La Soul,Hip-Hop / Rap / R&B,Sound Effect / Other,2013
Tumbling Walls Buried Me in the Debris With ESG,Liars,Rock / Pop,Hook / Riff,2001
Story to Tell,Ja Rule,Hip-Hop / Rap / R&B,Multiple Elements,1998
Cutting Rhythms,Tone Loc,Hip-Hop / Rap / R&B,Sound Effect / Other,1989
Temperature's Rising (Remix),Mobb Deep,Hip-Hop / Rap / R&B,Multiple Elements,1995
Temperature's Rising (Remix),Crystal Johnson,Hip-Hop / Rap / R&B,Multiple Elements,1995
Jump Up,Black Moon,Hip-Hop / Rap / R&B,Hook / Riff,1999
Never,Fritz Da Cat,Hip-Hop / Rap / R&B,Multiple Elements,2013
Never,Guè,Hip-Hop / Rap / R&B,Multiple Elements,2013
Never,Nitro,Hip-Hop / Rap / R&B,Multiple Elements,2013
Never,Madman (Italian Rapper),Hip-Hop / Rap / R&B,Multiple Elements,2013
Least Expected,Ahm,Hip-Hop / Rap / R&B,Multiple Elements,2016
Least Expected,DeeVee (The Breaks),Hip-Hop / Rap / R&B,Multiple Elements,2016
Stomp Em Out,Mobb Deep,Hip-Hop / Rap / R&B,Multiple Elements,1993
Stomp Em Out,Big Noyd,Hip-Hop / Rap / R&B,Multiple Elements,1993
Mr. Good Bar,LL Cool J,Hip-Hop / Rap / R&B,Multiple Elements,1990
Das Da Way We Like 'Em,TLC,Hip-Hop / Rap / R&B,Hook / Riff,1992
Stranger,Cognito,Hip-Hop / Rap / R&B,Multiple Elements,2010
Stranger,Kutt Calhoun,Hip-Hop / Rap / R&B,Multiple Elements,2010
Stranger,Loki,Hip-Hop / Rap / R&B,Multiple Elements,2010
Stranger,Tech N9ne,Hip-Hop / Rap / R&B,Multiple Elements,2010
Stranger,Big Scoob (2),Hip-Hop / Rap / R&B,Multiple Elements,2010
Stranger,Stevie Stone,Hip-Hop / Rap / R&B,Multiple Elements,2010
Money and the Power,Scarface,Hip-Hop / Rap / R&B,Sound Effect / Other,1991
Versus,Burial,Electronic / Dance,Sound Effect / Other,2006
Get Into Something,Just-Ice,Hip-Hop / Rap / R&B,Hook / Riff,1990
Made You Look (Apache Remix),Nas,Hip-Hop / Rap / R&B,Multiple Elements,2002
New Millenium,Topazz,Electronic / Dance,Multiple Elements,1999
Chill,EPMD,Hip-Hop / Rap / R&B,Hook / Riff,1992
Long Awaited,Lootpack,Hip-Hop / Rap / R&B,Multiple Elements,1999
Long Awaited,Dilated Peoples,Hip-Hop / Rap / R&B,Multiple Elements,1999
New Jack Hustler,Ice-T,Hip-Hop / Rap / R&B,Hook / Riff,1991
Sure Shot (Large Professor Remix),Beastie Boys,Hip-Hop / Rap / R&B,Multiple Elements,1994
Wu-Block,The Lox,Hip-Hop / Rap / R&B,Hook / Riff,2011
Wu-Block,Ghostface Killah,Hip-Hop / Rap / R&B,Hook / Riff,2011
Wu-Block,Raekwon,Hip-Hop / Rap / R&B,Hook / Riff,2011
Throw It Away,Slaughterhouse,Hip-Hop / Rap / R&B,Multiple Elements,2012
Throw It Away,Swizz Beatz,Hip-Hop / Rap / R&B,Multiple Elements,2012
Don't Be Afraid,Aaron Hall,Hip-Hop / Rap / R&B,Multiple Elements,1991
Thirteen,Organized Konfusion,Hip-Hop / Rap / R&B,Sound Effect / Other,1994
Land of the Lost,Three 6 Mafia,Hip-Hop / Rap / R&B,Hook / Riff,1997
Cartoon Network Rap Promo,Cartoon Network,Hip-Hop / Rap / R&B,Hook / Riff,1995
Lesson 4,DJ Shadow,Hip-Hop / Rap / R&B,Hook / Riff,1991
The Bomb,Ice Cube,Hip-Hop / Rap / R&B,Hook / Riff,1990
Mecca & the Soul Brother (Wig Out Mix),Pete Rock & C.L. Smooth,Hip-Hop / Rap / R&B,Hook / Riff,1991
Genesis of the Omega,Sean Price,Hip-Hop / Rap / R&B,Multiple Elements,2012
Triple Stage Darkness,3rd Bass,Hip-Hop / Rap / R&B,Hook / Riff,1989
Racistas Otários,Racionais MC's,Hip-Hop / Rap / R&B,Multiple Elements,1992
Do the Right Thing,Redhead Kingpin and the FBI,Hip-Hop / Rap / R&B,Multiple Elements,1989
From the Garden,Isaiah Rashad,Hip-Hop / Rap / R&B,Multiple Elements,2021
From the Garden,Lil Uzi Vert,Hip-Hop / Rap / R&B,Multiple Elements,2021
Real Niggaz Don't Die,N.W.A,Hip-Hop / Rap / R&B,Multiple Elements,1991
8 Iz Enuff,Big L,Hip-Hop / Rap / R&B,Hook / Riff,1995
8 Iz Enuff,Cam'ron,Hip-Hop / Rap / R&B,Hook / Riff,1995
8 Iz Enuff,McGruff,Hip-Hop / Rap / R&B,Hook / Riff,1995
"1,2 Y'all",Memphis Bleek,Hip-Hop / Rap / R&B,Multiple Elements,2003
"1,2 Y'all",Jay-Z,Hip-Hop / Rap / R&B,Multiple Elements,2003
"1,2 Y'all",Lil' Cease,Hip-Hop / Rap / R&B,Multiple Elements,2003
"1,2 Y'all",Geda K,Hip-Hop / Rap / R&B,Multiple Elements,2003
Fantasy,Miles Davis,Jazz / Blues,Sound Effect / Other,1992
Pure Gold,Calyx & Teebee,Electronic / Dance,Hook / Riff,2012
Pure Gold,Kemo (MC),Electronic / Dance,Hook / Riff,2012
Putting Shame in Your Game,Beastie Boys,Hip-Hop / Rap / R&B,Hook / Riff,1998
Brooklyn Rocks the Best,Cutmaster D.C.,Hip-Hop / Rap / R&B,Hook / Riff,1986
Clubbed to Death (Kurayamino Variation),Rob Dougan,Electronic / Dance,Hook / Riff,1995
914,Pete Rock,Hip-Hop / Rap / R&B,Multiple Elements,2008
914,Sheek Louch,Hip-Hop / Rap / R&B,Multiple Elements,2008
914,Styles P,Hip-Hop / Rap / R&B,Multiple Elements,2008
Take a Rest,Gang Starr,Hip-Hop / Rap / R&B,Hook / Riff,1990
Pop Off,Joe Budden,Hip-Hop / Rap / R&B,Hook / Riff,2004
Metal,Nine Inch Nails,Other,Sound Effect / Other,2000
East Coast,Das EFX,Hip-Hop / Rap / R&B,Multiple Elements,1992
100 Miles and Runnin',N.W.A,Hip-Hop / Rap / R&B,Hook / Riff,1990
