Apache,Sugarhill Gang,Hip-Hop / Rap / R&B,Multiple Elements,by Sugarhill Gang (1981)
Made You Look,Nas,Hip-Hop / Rap / R&B,Multiple Elements,by Nas (2003)
That's My Bitch,Jay-Z,Hip-Hop / Rap / R&B,Drums,by Jay-Z and Kanye West (2011)
That's My Bitch,Kanye West,Hip-Hop / Rap / R&B,Drums,by Jay-Z and Kanye West (2011)
Heliosphan,Aphex Twin,Electronic / Dance,Drums,by Aphex Twin (1992)
100 Miles and Running,Logic,Hip-Hop / Rap / R&B,Drums,by Logic feat. Wale and John Lindahl (2018)
100 Miles and Running,Wale,Hip-Hop / Rap / R&B,Drums,by Logic feat. Wale and John Lindahl (2018)
100 Miles and Running,John Lindahl,Hip-Hop / Rap / R&B,Drums,by Logic feat. Wale and John Lindahl (2018)
Xtal,Aphex Twin,Electronic / Dance,Drums,by Aphex Twin (1992)
Break Dance - Electric Boogie,West Street Mob,Hip-Hop / Rap / R&B,Multiple Elements,by West Street Mob (1983)
The Adventures of Grandmaster Flash on the Wheels of Steel,Grandmaster Flash,Hip-Hop / Rap / R&B,Drums,by Grandmaster Flash and The Furious Five (1981)
The Adventures of Grandmaster Flash on the Wheels of Steel,The Furious Five,Hip-Hop / Rap / R&B,Drums,by Grandmaster Flash and The Furious Five (1981)
Hip Hop Is Dead,Nas,Hip-Hop / Rap / R&B,Drums,by Nas feat. will.i.am (2006)
Hip Hop Is Dead,will.i.am,Hip-Hop / Rap / R&B,Drums,by Nas feat. will.i.am (2006)
A Bit Patchy,Switch,Electronic / Dance,Multiple Elements,by Switch (2005)
Machete,Moby,Electronic / Dance,Drums,by Moby (1999)
Turn This Mutha Out,MC Hammer,Hip-Hop / Rap / R&B,Drums,by MC Hammer (1988)
The World Is Mine,Samm Henshaw,Hip-Hop / Rap / R&B,Multiple Elements,by Samm Henshaw (2019)
Inner City Life,Goldie,Electronic / Dance,Drums,by Goldie feat. Diane Charlemagne (1994)
Inner City Life,Diane Charlemagne,Electronic / Dance,Drums,by Goldie feat. Diane Charlemagne (1994)
Know How,Young MC,Hip-Hop / Rap / R&B,Drums,by Young MC (1989)
Thought @ Work,The Roots,Hip-Hop / Rap / R&B,Drums,by The Roots (2002)
Apache,Sugarhill Gang,Hip-Hop / Rap / R&B,Multiple Elements,by Sugarhill Gang (1981)
Made You Look,Nas,Hip-Hop / Rap / R&B,Multiple Elements,by Nas (2003)
That's My Bitch,Jay-Z,Hip-Hop / Rap / R&B,Drums,by Jay-Z and Kanye West (2011)
That's My Bitch,Kanye West,Hip-Hop / Rap / R&B,Drums,by Jay-Z and Kanye West (2011)
Heliosphan,Aphex Twin,Electronic / Dance,Drums,by Aphex Twin (1992)
100 Miles and Running,Logic,Hip-Hop / Rap / R&B,Drums,by Logic feat. Wale and John Lindahl (2018)
100 Miles and Running,Wale,Hip-Hop / Rap / R&B,Drums,by Logic feat. Wale and John Lindahl (2018)
100 Miles and Running,John Lindahl,Hip-Hop / Rap / R&B,Drums,by Logic feat. Wale and John Lindahl (2018)
Xtal,Aphex Twin,Electronic / Dance,Drums,by Aphex Twin (1992)
Break Dance - Electric Boogie,West Street Mob,Hip-Hop / Rap / R&B,Multiple Elements,by West Street Mob (1983)
The Adventures of Grandmaster Flash on the Wheels of Steel,Grandmaster Flash,Hip-Hop / Rap / R&B,Drums,by Grandmaster Flash and The Furious Five (1981)
The Adventures of Grandmaster Flash on the Wheels of Steel,The Furious Five,Hip-Hop / Rap / R&B,Drums,by Grandmaster Flash and The Furious Five (1981)
Hip Hop Is Dead,Nas,Hip-Hop / Rap / R&B,Drums,by Nas feat. will.i.am (2006)
Hip Hop Is Dead,will.i.am,Hip-Hop / Rap / R&B,Drums,by Nas feat. will.i.am (2006)
A Bit Patchy,Switch,Electronic / Dance,Multiple Elements,by Switch (2005)
Machete,Moby,Electronic / Dance,Drums,by Moby (1999)
Turn This Mutha Out,MC Hammer,Hip-Hop / Rap / R&B,Drums,by MC Hammer (1988)
The World Is Mine,Samm Henshaw,Hip-Hop / Rap / R&B,Multiple Elements,by Samm Henshaw (2019)
Inner City Life,Goldie,Electronic / Dance,Drums,by Goldie feat. Diane Charlemagne (1994)
Inner City Life,Diane Charlemagne,Electronic / Dance,Drums,by Goldie feat. Diane Charlemagne (1994)
Know How,Young MC,Hip-Hop / Rap / R&B,Drums,by Young MC (1989)
Thought @ Work,The Roots,Hip-Hop / Rap / R&B,Drums,by The Roots (2002)
Party People,3 the Hard Way,Hip-Hop / Rap / R&B,Drums,by 3 the Hard Way (2003)
Blow,Fuzzbox Inc,Other,Drums,by Fuzzbox Inc (2010)
Harlem World Flavour,DJ Crystl,Hip-Hop / Rap / R&B,Drums,by DJ Crystl (1995)
Lion Awakes,Aeon Four,Electronic / Dance,Drums,by Aeon Four (2020)
Uno Dos,Professor Boom,Electronic / Dance,Drums,by Professor Boom (1998)
Runaway,Ripclaw,Electronic / Dance,Drums,by Ripclaw (2005)
The Dream,Naughty Naughty,Electronic / Dance,Drums,by Naughty Naughty (1993)
Tekken Step (Heihachi Mishima Mix),Барбитура,Electronic / Dance,Drums,by Барбитура (1999)
Mario Gets Into Them,Ethnic Nations,Electronic / Dance,Drums,by Ethnic Nations (1993)
Amnesia,F.X.,Electronic / Dance,Drums,by F.X. (2013)
It's the Way Ya Like It,Top Secret (Hip Hop),Hip-Hop / Rap / R&B,Drums,by Top Secret (Hip Hop) (1993)
Off Topic,K-Chaos,Electronic / Dance,Drums,by K-Chaos (2018)
Stuck in the Middle,K-Gee,Hip-Hop / Rap / R&B,Drums,by K-Gee feat. Michelle Escoffery (2002)
Stuck in the Middle,Michelle Escoffery,Hip-Hop / Rap / R&B,Drums,by K-Gee feat. Michelle Escoffery (2002)
I Know You Well (If You Want It Mix),Shack,Rock / Pop,Drums,by Shack (1990)
Vertigo,Icons,Electronic / Dance,Drums,by Icons (1996)
Wotwedo,Skandal,Electronic / Dance,Drums,by Skandal (1998)
Rub a Dub Style,Msymiakos,Electronic / Dance,Drums,by Msymiakos (2014)
GST Separate,Fiesta Soundsystem,Electronic / Dance,Drums,by Fiesta Soundsystem (2020)
Early Reflections,Law (Drum and Bass),Electronic / Dance,Drums,by Law (Drum and Bass) and Wheeler (Drum and Bass) (2020)
Early Reflections,Wheeler (Drum and Bass),Electronic / Dance,Drums,by Law (Drum and Bass) and Wheeler (Drum and Bass) (2020)
Secret Weapon,Acid Lab,Electronic / Dance,Drums,by Acid Lab (2020)
Mental Distortion,Head Pressure,Electronic / Dance,Drums,by Head Pressure (1992)
Jungle Fever,Hard & Pure,Electronic / Dance,Drums,by Hard & Pure (1993)
Another Weekend,4 Hero,Electronic / Dance,Drums,by 4 Hero (1991)
Planète Interdite,Krell,Electronic / Dance,Multiple Elements,by Krell (1996)
Rock the Discotex,Discofrisco & DJ Inferno,Electronic / Dance,Drums,by Discofrisco & DJ Inferno (1995)
Infected,Machine Head (2),Electronic / Dance,Drums,by Machine Head (2) (1992)
Life on Earth,Rregula (Drum & Bass),Electronic / Dance,Drums,by Rregula (Drum & Bass) and Dementia (Drum & Bass) (2009)
Life on Earth,Dementia (Drum & Bass),Electronic / Dance,Drums,by Rregula (Drum & Bass) and Dementia (Drum & Bass) (2009)
Lost in Music,Icons,Electronic / Dance,Drums,by Icons (1996)
The Problem,Lavery,Electronic / Dance,Drums,by Lavery (2017)
Hyper,DJ Devine & Essence,Electronic / Dance,Drums,by DJ Devine & Essence (1994)
Fall Down,DJ Massive,Electronic / Dance,Drums,by DJ Massive (1993)
Battle Stations,Drumskull,Electronic / Dance,Drums,by Drumskull (2020)
Believe,Whizzkick,Electronic / Dance,Drums,by Whizzkick (2008)
Do You Wanna Dance,DJ Gizmo,Electronic / Dance,Drums,by DJ Gizmo and DJ Delirium (1995)
Do You Wanna Dance,DJ Delirium,Electronic / Dance,Drums,by DJ Gizmo and DJ Delirium (1995)
The Dragon,John Rolodex,Electronic / Dance,Drums,by John Rolodex (2002)
D.B.L. Theme,DBL,Electronic / Dance,Drums,by DBL (1992)
Slow Down,Yosh,Electronic / Dance,Drums,by Yosh (2020)
Way of Life,New Vision (2),Electronic / Dance,Drums,by New Vision (2) (1994)
The Love for the Oldskool,Msymiakos,Electronic / Dance,Drums,by Msymiakos (2015)
In My Soul,Internal Affairs,Electronic / Dance,Drums,by Internal Affairs (1993)
UK74R1825020,Aleksi Perälä,Electronic / Dance,Drums,by Aleksi Perälä (2018)
Bella,Tribal House Crew,Electronic / Dance,Drums,by Tribal House Crew feat. Charlie D (2019)
Bella,Charlie D,Electronic / Dance,Drums,by Tribal House Crew feat. Charlie D (2019)
Untitled (A1),Mind Therapy,Electronic / Dance,Drums,by Mind Therapy (1994)
The Vision,Rescale,Electronic / Dance,Drums,by Rescale (1997)
Dare,Mystical,Electronic / Dance,Drums,by Mystical (1993)
Detour,Law (Drum and Bass),Electronic / Dance,Drums,by Law (Drum and Bass) and Wheeler (Drum and Bass) (2015)
Detour,Wheeler (Drum and Bass),Electronic / Dance,Drums,by Law (Drum and Bass) and Wheeler (Drum and Bass) (2015)
Soot Fm,Pitman,Hip-Hop / Rap / R&B,Drums,by Pitman (2003)
Dreadnox,Dokta Venom,Electronic / Dance,Drums,by Dokta Venom (2020)
Hardcore Junglism,DJ Massive,Electronic / Dance,Drums,by DJ Massive (1993)
Spellbound,Nookie,Electronic / Dance,Drums,by Nookie (1992)
Globex Corp Vol. 3 B2 (Phineus II Remix),Dwarde,Electronic / Dance,Drums,"by Dwarde, Gand and Tim Reaper (2019)"
Globex Corp Vol. 3 B2 (Phineus II Remix),Gand,Electronic / Dance,Drums,"by Dwarde, Gand and Tim Reaper (2019)"
Globex Corp Vol. 3 B2 (Phineus II Remix),Tim Reaper,Electronic / Dance,Drums,"by Dwarde, Gand and Tim Reaper (2019)"
Run From the Feeling,SPL,Electronic / Dance,Drums,by SPL (2009)
Make My Body Move (Remix),Addiction (Vicious Pumpin' Plastic Records),Electronic / Dance,Drums,by Addiction (Vicious Pumpin' Plastic Records) (1992)
Skeletones,Orange Dust,Electronic / Dance,Drums,by Orange Dust (2005)
Rolling Waves,Nebula,Electronic / Dance,Drums,by Nebula (2017)
Astrakhan,The Bowling Green,Electronic / Dance,Drums,by The Bowling Green (1998)
Yo Chuck,Hardhouse,Electronic / Dance,Drums,by Hardhouse (1990)
No Space,Lavery,Electronic / Dance,Drums,by Lavery (2020)
Mindgames,System X,Electronic / Dance,Drums,by System X (1994)
Doubtful Being,Riffz,Electronic / Dance,Drums,by Riffz (2020)
Leo 9,Klute,Electronic / Dance,Drums,by Klute (1996)
Nebulous,Skin Teeth,Electronic / Dance,Drums,by Skin Teeth (2019)
Ferric,Wardown,Electronic / Dance,Drums,by Wardown (2020)
Temples,Arcane (Drum & Bass),Electronic / Dance,Drums,by Arcane (Drum & Bass) (2020)
Frankie Gunns,Gremlinz,Electronic / Dance,Drums,by Gremlinz (2009)
End of Time,Lavery,Electronic / Dance,Drums,by Lavery (2019)
Beat Goes On,DJ Kid Stretch,Hip-Hop / Rap / R&B,Drums,by DJ Kid Stretch (2008)
Breaks Selection,Seba,Electronic / Dance,Drums,by Seba (2008)
Bigga Times,Darqwan,Electronic / Dance,Drums,by Darqwan (2006)
The Depths,John B,Electronic / Dance,Drums,by John B (2021)
Biohazard,Dazzle-T,Electronic / Dance,Drums,by Dazzle-T feat. Quicky (1997)
Biohazard,Quicky,Electronic / Dance,Drums,by Dazzle-T feat. Quicky (1997)
Untitled (A),Dave Charlesworth,Electronic / Dance,Drums,by Dave Charlesworth and Peshay (1993)
Untitled (A),Peshay,Electronic / Dance,Drums,by Dave Charlesworth and Peshay (1993)
New York New York (Ragga House),Doctor K,Hip-Hop / Rap / R&B,Drums,by Doctor K and DJ Daddy (1989)
New York New York (Ragga House),DJ Daddy,Hip-Hop / Rap / R&B,Drums,by Doctor K and DJ Daddy (1989)
Power of the Mass,Bull Ball,Rock / Pop,Drums,by Bull Ball (2015)
Pisshead,Button Eyes,Electronic / Dance,Drums,by Button Eyes (2011)
Inner Voice,Nebula,Electronic / Dance,Drums,by Nebula (2017)
Sound,Sync - Dynamix,Electronic / Dance,Drums,by Sync - Dynamix (2020)
Bass Penetrates,DJ's Unite,Electronic / Dance,Drums,by DJ's Unite (1992)
Untitled (B1),Evil D (Hardcore),Electronic / Dance,Drums,by Evil D (Hardcore) (1993)
Intelligence (Generated Mix),Teknique,Electronic / Dance,Drums,by Teknique (1993)
Pretty Brown Eyes,Lavery,Electronic / Dance,Drums,by Lavery (2019)
Intelligent Vibes,Happy Tunes,Electronic / Dance,Drums,by Happy Tunes (1995)
Deserts of the Real,Kryptic Minds & Leon Switch,Electronic / Dance,Drums,by Kryptic Minds & Leon Switch (2004)
Lost Dimensions,Arcon 2,Electronic / Dance,Drums,by Arcon 2 (2016)
Senses,Addiction,Electronic / Dance,Drums,by Addiction (1997)
Badboys and Police,General Malice,Electronic / Dance,Drums,by General Malice (2015)
Sub Zero,ASC,Electronic / Dance,Drums,by ASC (2020)
Oh Yea,Redskins (Jungle),Electronic / Dance,Drums,by Redskins (Jungle) (1993)
Visions '96,Suburban Architecture,Electronic / Dance,Drums,by Suburban Architecture (2019)
Quiet,Dub-Liner,Electronic / Dance,Drums,by Dub-Liner (2017)
Guardati Intorno (1993),AMNK,Hip-Hop / Rap / R&B,Drums,by AMNK (1993)
Rave Till Morning,Order 2 Move,Electronic / Dance,Drums,by Order 2 Move (1993)
Void,Stranjah,Electronic / Dance,Drums,by Stranjah (2010)
Made in Two Minutes (Dr S Gachet Remix),Bug Kann & the Plastic Jam,Electronic / Dance,Drums,by Bug Kann & the Plastic Jam (1994)
Bonus,Redskins (Jungle),Electronic / Dance,Drums,by Redskins (Jungle) (1993)
Rollin' a Hard Six,Hydrophonix,Electronic / Dance,Drums,by Hydrophonix (1999)
Extatik X-Perience,Audio Assault,Electronic / Dance,Drums,by Audio Assault (1992)
Unregistered Hypercam 2,Farquaad,Electronic / Dance,Drums,by Farquaad (2019)
Somewhere New,Law (Drum and Bass),Electronic / Dance,Drums,by Law (Drum and Bass) and Kola Nut (2019)
Somewhere New,Kola Nut,Electronic / Dance,Drums,by Law (Drum and Bass) and Kola Nut (2019)
Drifting Through,Lavery,Electronic / Dance,Drums,by Lavery (2020)
Smooth Swing,Indica's Rhythm,Electronic / Dance,Drums,by Indica's Rhythm (1996)
Astro,Breakage,Electronic / Dance,Drums,by Breakage (2006)
Breakstorm,Whizzkick,Electronic / Dance,Drums,by Whizzkick (2008)
Alliance Technics,DJ Daddy K,Hip-Hop / Rap / R&B,Multiple Elements,by DJ Daddy K feat. Cut Killer (1996)
Alliance Technics,Cut Killer,Hip-Hop / Rap / R&B,Multiple Elements,by DJ Daddy K feat. Cut Killer (1996)
Canarie,NakedSlice,Electronic / Dance,Drums,by NakedSlice (2020)
Track a (UNCULT001),Unknown Artist (Uncultured),Electronic / Dance,Drums,by Unknown Artist (Uncultured) (2020)
Sightings,Elementz of Noize,Electronic / Dance,Drums,by Elementz of Noize (1997)
Inna 'Ardcore Soundclash,DJ Sailor Moon,Electronic / Dance,Drums,by DJ Sailor Moon (2014)
Welcome to the Bassline (Castor Remix),Capone (Dillinja),Electronic / Dance,Drums,by Capone (Dillinja) (2007)
Let Myself Go,Blu Mar Ten,Electronic / Dance,Drums,by Blu Mar Ten (2006)
Burnt Toast (Clipz Remix),Everything Is Recorded,Electronic / Dance,Drums,by Everything Is Recorded feat. A.K. Paul and BERWYN (2020)
Burnt Toast (Clipz Remix),A.K. Paul,Electronic / Dance,Drums,by Everything Is Recorded feat. A.K. Paul and BERWYN (2020)
Burnt Toast (Clipz Remix),BERWYN,Electronic / Dance,Drums,by Everything Is Recorded feat. A.K. Paul and BERWYN (2020)
Sweet Gang,Coco Bryce,Electronic / Dance,Drums,by Coco Bryce (2020)
Tramp,Twisted Anger,Electronic / Dance,Drums,by Twisted Anger (1997)
Gonna Make You Sweat (Everybody Dance Now) (The Slammin' Vocal Club Mix),C+C Music Factory,Electronic / Dance,Multiple Elements,by C+C Music Factory (1990)
Lavender,Acid Lab,Electronic / Dance,Drums,by Acid Lab (2019)
Lazarus,Boymerang,Electronic / Dance,Drums,by Boymerang (1997)
Mid Town Method,Rollers Instinct,Electronic / Dance,Drums,by Rollers Instinct (1995)
Чирибим,Турбомода,Electronic / Dance,Drums,by Турбомода (2001)
On the Strenght,Cool Hand Flex,Electronic / Dance,Drums,by Cool Hand Flex (1992)
We're Rockin,DJ Massive,Electronic / Dance,Drums,by DJ Massive (1992)
Fot#en Rap,Äi-Tiem,Hip-Hop / Rap / R&B,Drums,by Äi-Tiem (1992)
Settin' a Mark,PSK-13,Hip-Hop / Rap / R&B,Drums,by PSK-13 (1993)
Do You Understand Me?,Equinox,Electronic / Dance,Drums,by Equinox (2006)
I Plead the 5th,24k,Hip-Hop / Rap / R&B,Drums,by 24k (1990)
For the Soul,DJ Trax,Electronic / Dance,Drums,by DJ Trax (2015)
How We Do,The Franchise,Hip-Hop / Rap / R&B,Drums,by The Franchise (1997)
Haze,Rollers Instinct,Electronic / Dance,Drums,by Rollers Instinct (1995)
2nd Movement (For Bryan),Penisland,Electronic / Dance,Drums,by Penisland (2021)
August,Ed Rush,Electronic / Dance,Drums,by Ed Rush (1995)
Poetically Lyricin',Def Defiance,Hip-Hop / Rap / R&B,Drums,by Def Defiance (1992)
Darkness,DJKurara,Electronic / Dance,Drums,by DJKurara (2019)
Britcore Nutta,Kamanchi Sly,Hip-Hop / Rap / R&B,Drums,by Kamanchi Sly (2015)
Centuries,Mutated Forms,Electronic / Dance,Drums,by Mutated Forms (2009)
Awake,Spider Net,Electronic / Dance,Drums,by Spider Net (1996)
Elysian Fields,Special Request,Electronic / Dance,Drums,by Special Request (2019)
Moe Love Is on the Mix 1989,Ultramagnetic MC's,Hip-Hop / Rap / R&B,Drums,by Ultramagnetic MC's (1998)
Broke My Heart (Drop Down),Deependance,Electronic / Dance,Drums,by Deependance (1995)
Lunar Laugh,Plug,Electronic / Dance,Drums,by Plug (1997)
Pousse Les Bass,Dee Nasty,Hip-Hop / Rap / R&B,Drums,by Dee Nasty (1991)
2020,SCN1,Electronic / Dance,Drums,by SCN1 (2020)
Praise 'Em,Sonar's Ghost,Electronic / Dance,Drums,by Sonar's Ghost (2017)
Here We Go Again,Full Effect,Electronic / Dance,Multiple Elements,by Full Effect (1988)
Are U Wid It? (Doc's Funky Mix),M. Doc,Hip-Hop / Rap / R&B,Drums,by M. Doc (1991)
Radha,DJ Grievous,Hip-Hop / Rap / R&B,Drums,by DJ Grievous (2008)
Experience Shapes You,Eusebeia,Electronic / Dance,Drums,by Eusebeia (2019)
Time,DJ D Lux,Electronic / Dance,Drums,by DJ D Lux (2019)
Shadow Recruit,Acid Lab,Electronic / Dance,Drums,by Acid Lab (2020)
I'm in Control,Jus Def,Hip-Hop / Rap / R&B,Multiple Elements,"by Jus Def, X-Town Posse and The Original X (1990)"
I'm in Control,X-Town Posse,Hip-Hop / Rap / R&B,Multiple Elements,"by Jus Def, X-Town Posse and The Original X (1990)"
I'm in Control,The Original X,Hip-Hop / Rap / R&B,Multiple Elements,"by Jus Def, X-Town Posse and The Original X (1990)"
You Got to Be Real,Candy Fresh,Hip-Hop / Rap / R&B,Drums,by Candy Fresh (1992)
A Night in Detroit,Jamie Grind,Electronic / Dance,Drums,by Jamie Grind (2012)
Future Music,DJ Shark,Electronic / Dance,Drums,by DJ Shark (2018)
Tha' Bomb Shit,Hydro,Electronic / Dance,Drums,by Hydro (1996)
11:59,The Plush Bros.,Hip-Hop / Rap / R&B,Drums,by The Plush Bros. (1991)
HOW2MAKESCRAMBLEDEGGS,Penisland,Electronic / Dance,Drums,by Penisland (2021)
Harder~ (Penisland Killed the Radio Star),Penisland,Electronic / Dance,Drums,by Penisland (2021)
The Seeker,Borai,Electronic / Dance,Drums,by Borai (2015)
Arrowhead,Rude Operator,Electronic / Dance,Drums,by Rude Operator (2017)
Peaceful Victory,Siamese Minds,Electronic / Dance,Drums,by Siamese Minds (1996)
Quatre Éléments,Structure,Hip-Hop / Rap / R&B,Drums,by Structure (2001)
"Sex, Drugs & Rap (Original '93)",Slums Attack,Hip-Hop / Rap / R&B,Drums,by Slums Attack (2016)
Steel,Seba,Electronic / Dance,Drums,by Seba (2004)
Helter,Culprate,Electronic / Dance,Drums,by Culprate (2018)
Acid Music,Audio Assault,Electronic / Dance,Drums,by Audio Assault (1992)
Bad Hip Hop,Master Done It Again,Hip-Hop / Rap / R&B,Drums,by Master Done It Again (1990)
Sevenblowsofdef,Abadaba & Tha Sonz of Harlem,Hip-Hop / Rap / R&B,Multiple Elements,by Abadaba & Tha Sonz of Harlem (1995)
Do It,Interface,Electronic / Dance,Drums,by Interface (1992)
I Feel...,DJ Slash,Electronic / Dance,Drums,by DJ Slash (1998)
Cool Down the Bass,The Plastic Clothes Mechanics,Electronic / Dance,Drums,by The Plastic Clothes Mechanics (1990)
Shimmer (G.H.O.S.T Remix),Villem,Electronic / Dance,Drums,by Villem (2016)
Shadow Boxing (Benny L Remix),Nasty Habits,Electronic / Dance,Drums,by Nasty Habits (2021)
Drugthang,Tuff Crew,Hip-Hop / Rap / R&B,Drums,by Tuff Crew (1991)
Worlds of Ice,ASC,Electronic / Dance,Drums,by ASC (2020)
"On Beat, Off Beat",Omen Breaks,Electronic / Dance,Drums,by Omen Breaks (2017)
So Ruff,Matrix (Breakbeat Hardcore),Electronic / Dance,Drums,by Matrix (Breakbeat Hardcore) (1992)
Density,Ed Rush,Electronic / Dance,Drums,by Ed Rush (1996)
Canyon Dankio :Ok_hand:,B-knox,Electronic / Dance,Drums,by B-knox (2020)
Ice Bandits,David Arnold,Soundtrack / Library,Drums,by David Arnold (1999)
Morning Glory,Seba,Electronic / Dance,Drums,by Seba (2006)
Jeep Beats,Future Forces Inc.,Electronic / Dance,Drums,by Future Forces Inc. (1996)
Half 2 Til 5,Pseudo 3,Electronic / Dance,Multiple Elements,by Pseudo 3 (1992)
Country's a Callin',Luscious Jackson,Rock / Pop,Drums,by Luscious Jackson (1999)
Dirty Games,Studio 2,Electronic / Dance,Drums,by Studio 2 (1993)
Middle Finger Rap,Choosey,Hip-Hop / Rap / R&B,Drums,by Choosey (2014)
Magik,Bel Air Project,Electronic / Dance,Drums,by Bel Air Project (1996)
Get Funky in Cardington Hangers,Return of the Living Acid,Electronic / Dance,Drums,by Return of the Living Acid (1991)
Sublime State,D'Cruze,Electronic / Dance,Drums,by D'Cruze (1996)
Classical Style,Funky Element,Electronic / Dance,Drums,by Funky Element (1995)
It's Our Turn (Kaos' Solo),Hostyle,Hip-Hop / Rap / R&B,Drums,by Hostyle (1989)
Heart Beats,Theory,Electronic / Dance,Drums,by Theory (2020)
Intro (The Drama),Ultramagnetic Foundation,Hip-Hop / Rap / R&B,Multiple Elements,by Ultramagnetic Foundation (2010)
Zecora,Silva Hound,Electronic / Dance,Drums,by Silva Hound (2012)
Discovery,Future Loop Foundation,Electronic / Dance,Drums,by Future Loop Foundation (1996)
I Rest My Case,Morocco Moe,Hip-Hop / Rap / R&B,Drums,by Morocco Moe (1988)
Jungle Juice,Syko & Mak,Electronic / Dance,Drums,by Syko & Mak (1992)
Breaktionary Vol.4 Side A,DJ Q-Bert,Soul / Funk / Disco,Multiple Elements,by DJ Q-Bert (2006)
Funky Music,GQ Vocalist,Hip-Hop / Rap / R&B,Multiple Elements,by GQ Vocalist (1990)
Blue Notes,Boymerang,Electronic / Dance,Drums,by Boymerang (1996)
Gumshoe,Overlook,Electronic / Dance,Drums,by Overlook (2015)
Who Wah Kill Sound?,Kid606,Electronic / Dance,Drums,by Kid606 (2003)
Pick Up on This,Loose Bruce,Hip-Hop / Rap / R&B,Hook / Riff,by Loose Bruce and A.R.C. Moe Rock (1990)
Pick Up on This,A.R.C. Moe Rock,Hip-Hop / Rap / R&B,Hook / Riff,by Loose Bruce and A.R.C. Moe Rock (1990)
Hanabi,Quarta330,Electronic / Dance,Drums,by Quarta330 (2014)
B1 (EP III),Bassbin Twins,Electronic / Dance,Drums,by Bassbin Twins (1995)
Still Waters,Basic Influence,Electronic / Dance,Drums,by Basic Influence (1995)
Let the Hustlers Play,DJ Pulse,Electronic / Dance,Drums,by DJ Pulse (1995)
The Factory Mix,Smooth & Simmonds,Electronic / Dance,Drums,by Smooth & Simmonds (1990)
T.D.A. (How Many Sugars) (Double Trouble Mix),Doctor K,Electronic / Dance,Multiple Elements,by Doctor K (1988)
Asshole Scratch Tool,Hellfish,Electronic / Dance,Drums,by Hellfish (2023)
Bumpin-N-Bumpin,4 X Sample,Electronic / Dance,Drums,by 4 X Sample (1990)
Hoes & Tricks,Dillinja,Electronic / Dance,Drums,by Dillinja (2018)
Shinin' Down on Me,Internal Affairs,Electronic / Dance,Drums,by Internal Affairs (1993)
Screaming Strings,Subject 13,Electronic / Dance,Drums,by Subject 13 (1995)
Theme From Mortal Kombat (Chicken Dust Mix),Kasz & Beal,Electronic / Dance,Drums,by Kasz & Beal (1997)
Funk-da-Fried Party,The DJ's Project,Electronic / Dance,Drums,by The DJ's Project (1995)
Revolution,SPL,Electronic / Dance,Drums,by SPL feat. Noah D (2007)
Revolution,Noah D,Electronic / Dance,Drums,by SPL feat. Noah D (2007)
Spread Out & Scatter,X Nation,Electronic / Dance,Drums,by X Nation (2013)
What Is It?,True Blood,Electronic / Dance,Drums,by True Blood (1992)
Another World,Heavyweight,Electronic / Dance,Drums,by Heavyweight (1996)
Altitude,The Architex,Electronic / Dance,Drums,by The Architex (1997)
Criminally Insane,Horsepower Productions,Electronic / Dance,Drums,by Horsepower Productions (2016)
The Silent Witness,Source Direct,Electronic / Dance,Drums,by Source Direct (1996)
Untitled (Vol 3b),Naughty Naughty,Electronic / Dance,Drums,by Naughty Naughty (1993)
El Tiempo en La Ciudad,Panteras Negras,Hip-Hop / Rap / R&B,Multiple Elements,by Panteras Negras (2012)
Beat,TYPE 4,Hip-Hop / Rap / R&B,Hook / Riff,by TYPE 4 (2009)
Soul Survivor,Too Poetic,Hip-Hop / Rap / R&B,Hook / Riff,by Too Poetic (2015)
Persuaded,Dynamic Twins,Hip-Hop / Rap / R&B,Drums,by Dynamic Twins (1991)
Killer,Baby V.O.X,Rock / Pop,Drums,by Baby V.O.X (1999)
Marga Breaks a Leg,Katch 22,Hip-Hop / Rap / R&B,Drums,by Katch 22 (1993)
Distorted Dreams,Rob Playford,Electronic / Dance,Drums,"by Rob Playford, Dom & Roland and Goldie (1997)"
Distorted Dreams,Dom & Roland,Electronic / Dance,Drums,"by Rob Playford, Dom & Roland and Goldie (1997)"
Distorted Dreams,Goldie,Electronic / Dance,Drums,"by Rob Playford, Dom & Roland and Goldie (1997)"
Future Now,Atomic Dog,Electronic / Dance,Drums,by Atomic Dog (1995)
Sweet Calypso Disco Pon City of Frisco,Sureshot Symphony,Soul / Funk / Disco,Drums,by Sureshot Symphony (2007)
Better World,Rebel MC,Hip-Hop / Rap / R&B,Drums,by Rebel MC (1990)
British Mic Control,Powerlords,Hip-Hop / Rap / R&B,Drums,by Powerlords (1989)
Breakdown,Luke,Hip-Hop / Rap / R&B,Drums,by Luke (1992)
World of Music,Dred Bass,Electronic / Dance,Drums,by Dred Bass feat. The JB (Drum & Bass) (1995)
World of Music,The JB (Drum & Bass),Electronic / Dance,Drums,by Dred Bass feat. The JB (Drum & Bass) (1995)
Turntable Mix (Get Off Your Horse & Jam!),Grandmaster Flash,Hip-Hop / Rap / R&B,Multiple Elements,by Grandmaster Flash (2002)
The Lowride Song (Radio Mix),C.A.T.,Hip-Hop / Rap / R&B,Drums,by C.A.T. (1992)
In-Vader,Kool World Productions,Electronic / Dance,Drums,by Kool World Productions (1995)
90's Theme,Simoncino,Electronic / Dance,Drums,by Simoncino (2015)
Neo (Dom & Roland Remix),Hive,Electronic / Dance,Drums,by Hive (2005)
Musical Box,Swift & Zinc,Electronic / Dance,Drums,by Swift & Zinc (1993)
Heavenly Bass,Dillinja,Electronic / Dance,Drums,by Dillinja (1994)
To Succeed,Barny Ruff,Electronic / Dance,Drums,by Barny Ruff (1993)
Between the Lines,A Touch of Jazz,Electronic / Dance,Drums,by A Touch of Jazz (1996)
Child of Love ( Wild Child Mix),Sweet Sensation,Electronic / Dance,Drums,by Sweet Sensation (1990)
Flash Gordon,Future Forces Inc.,Electronic / Dance,Drums,by Future Forces Inc. (1996)
Recently at the Opera,Minus 8,Electronic / Dance,Drums,by Minus 8 (1997)
Bbrr Go Go,DJ Icee,Electronic / Dance,Multiple Elements,by DJ Icee (1993)
By Any Means Necessary (Speed Mix),DJ Trace,Electronic / Dance,Drums,by DJ Trace (1995)
Music Makes Me High (Frankie Cutlass Remix),Lost Boyz,Hip-Hop / Rap / R&B,Multiple Elements,by Lost Boyz (1996)
Forget It (Logical Toolbox Mix),Cut and Paste,Electronic / Dance,Multiple Elements,by Cut and Paste (1996)
On a Street Level,Shut Up and Dance,Hip-Hop / Rap / R&B,Drums,by Shut Up and Dance (1990)
Te Tienes Que Joder,Nazión Sur,Hip-Hop / Rap / R&B,Drums,by Nazión Sur (1993)
Driving,1ony,Hip-Hop / Rap / R&B,Drums,by 1ony (2021)
Rampant Prankster,Slab,Electronic / Dance,Drums,by Slab (1995)
Basskick,T.N.G.,Electronic / Dance,Drums,by T.N.G. (1992)
Sick,Utah Saints,Electronic / Dance,Drums,by Utah Saints (2000)
Men at Work 2020,Kool G Rap,Hip-Hop / Rap / R&B,Drums,"by Kool G Rap, Action Bronson, F.T. and Marley Marl feat. Nutso, Ras Kass and Rugged Intellect (2012)"
Men at Work 2020,Action Bronson,Hip-Hop / Rap / R&B,Drums,"by Kool G Rap, Action Bronson, F.T. and Marley Marl feat. Nutso, Ras Kass and Rugged Intellect (2012)"
Men at Work 2020,F.T.,Hip-Hop / Rap / R&B,Drums,"by Kool G Rap, Action Bronson, F.T. and Marley Marl feat. Nutso, Ras Kass and Rugged Intellect (2012)"
Men at Work 2020,Marley Marl,Hip-Hop / Rap / R&B,Drums,"by Kool G Rap, Action Bronson, F.T. and Marley Marl feat. Nutso, Ras Kass and Rugged Intellect (2012)"
Men at Work 2020,Nutso,Hip-Hop / Rap / R&B,Drums,"by Kool G Rap, Action Bronson, F.T. and Marley Marl feat. Nutso, Ras Kass and Rugged Intellect (2012)"
Men at Work 2020,Ras Kass,Hip-Hop / Rap / R&B,Drums,"by Kool G Rap, Action Bronson, F.T. and Marley Marl feat. Nutso, Ras Kass and Rugged Intellect (2012)"
Men at Work 2020,Rugged Intellect,Hip-Hop / Rap / R&B,Drums,"by Kool G Rap, Action Bronson, F.T. and Marley Marl feat. Nutso, Ras Kass and Rugged Intellect (2012)"
Kat in the Casino,MC Skat Kat and the Stray Mob,Hip-Hop / Rap / R&B,Drums,by MC Skat Kat and the Stray Mob (1991)
Lost Technology,Velocity (Drum & Bass),Electronic / Dance,Drums,by Velocity (Drum & Bass) (2016)
Here Comes That Sound (Perfect Beat Mix),Simon Harris,Hip-Hop / Rap / R&B,Drums,by Simon Harris (1988)
A Big Kiss,Freedom of Sound,Electronic / Dance,Drums,by Freedom of Sound (1992)
Butt Naked (Ya Mutha's Mix),Charm (2),Electronic / Dance,Drums,by Charm (2) (1991)
Live From Alpha Centauri,Special Request,Electronic / Dance,Drums,by Special Request (2016)
Keep the Knife Warm,Bleak Fortune,Electronic / Dance,Drums,by Bleak Fortune (2019)
Pure Power,F.O.R.C.E.,Hip-Hop / Rap / R&B,Drums,by F.O.R.C.E. (1990)
Silk Smooth,Monte Luv & DJ Rob,Hip-Hop / Rap / R&B,Drums,by Monte Luv & DJ Rob (1990)
Unity,N.R.G.,Electronic / Dance,Drums,by N.R.G. (1992)
Count on Me (Andy C Remix),Chase & Status,Electronic / Dance,Drums,by Chase & Status feat. Moko (2013)
Count on Me (Andy C Remix),Moko,Electronic / Dance,Drums,by Chase & Status feat. Moko (2013)
Paranoid Thugism,Genaside II,Electronic / Dance,Drums,by Genaside II (1999)
Dub Soup,Noodles & Wonder,Electronic / Dance,Drums,by Noodles & Wonder (1994)
Dance With Me,The Black Flames,Hip-Hop / Rap / R&B,Drums,by The Black Flames (1990)
Na Zadnjem Sedištu M.A.,Moby Dick,Electronic / Dance,Drums,by Moby Dick (1994)
Pressin' On,Hidden Agenda,Electronic / Dance,Drums,by Hidden Agenda (1995)
Jack the Tempo,Audio Jacker,Electronic / Dance,Multiple Elements,by Audio Jacker and Serial Thrilla (2012)
Jack the Tempo,Serial Thrilla,Electronic / Dance,Multiple Elements,by Audio Jacker and Serial Thrilla (2012)
East Side,Cut Chemist,Hip-Hop / Rap / R&B,Drums,by Cut Chemist (2010)
She' So,FBD Project,Electronic / Dance,Drums,by FBD Project (1994)
Xx4A,Seelow,Electronic / Dance,Drums,by Seelow (2016)
Courting Madness,Zero Zero,Electronic / Dance,Drums,by Zero Zero (1991)
Creation (Justin Robertson Instrumental),Stereo MC's,Electronic / Dance,Drums,by Stereo MC's (1993)
Crime Story,Gunshot,Hip-Hop / Rap / R&B,Drums,by Gunshot (1991)
This Is a Dream,Bizzy B,Electronic / Dance,Drums,by Bizzy B (1992)
Acid Rydims,Undercover Movement,Electronic / Dance,Drums,by Undercover Movement (1992)
Techno Dream,Shades of Rhythm,Electronic / Dance,Drums,by Shades of Rhythm (1989)
Jazz Moods,Mastermind,Electronic / Dance,Drums,by Mastermind (1996)
Blamm,Werkflow,Electronic / Dance,Drums,by Werkflow (2019)
Deepness,Electric Blue,Electronic / Dance,Drums,by Electric Blue (1996)
Kidnapped Redneck,Angerfist,Electronic / Dance,Drums,by Angerfist (2006)
Assasins (Original Version),Ghetto Boys,Hip-Hop / Rap / R&B,Hook / Riff,by Ghetto Boys (1988)
Track 5,DJ Q-Bert,Hip-Hop / Rap / R&B,Multiple Elements,by DJ Q-Bert (1994)
Artificial Barriers,Source Direct,Electronic / Dance,Drums,by Source Direct (1996)
Party Time,Mikey D & the LA Posse,Hip-Hop / Rap / R&B,Drums,by Mikey D & the LA Posse (2006)
Title,Neil D. Voss,Soundtrack / Library,Multiple Elements,by Neil D. Voss (1999)
Leave Me Alone,Betty Boo,Rock / Pop,Drums,by Betty Boo (1990)
Do It Like It G.O.,Willie D,Hip-Hop / Rap / R&B,Drums,by Willie D (1989)
The Mutant Remix - Rollers Instinct (Remix by DJ Trace),T.Power,Electronic / Dance,Drums,by T.Power (1995)
Gimme the Weed,Law & Auder,Electronic / Dance,Drums,by Law & Auder (1994)
Nightmare,Kid Unknown,Electronic / Dance,Drums,by Kid Unknown (1992)
W.O.T.R.,Prose and Concepts,Hip-Hop / Rap / R&B,Drums,by Prose and Concepts (1994)
Shake Yer Bootie,Liroy,Hip-Hop / Rap / R&B,Drums,by Liroy (1995)
Breaker's Revenge (Freestylers BBoy Mix),Arthur Baker,Electronic / Dance,Drums,by Arthur Baker (1998)
Get Up,Underground Kids,Electronic / Dance,Multiple Elements,by Underground Kids (1989)
We're Ultra (Part III),Ultramagnetic MC's,Hip-Hop / Rap / R&B,Multiple Elements,by Ultramagnetic MC's (1994)
I'm in the House (Party Rock Remix),Steve Aoki,Electronic / Dance,Drums,by Steve Aoki feat. Zuper Blahq and LMFAO (2010)
I'm in the House (Party Rock Remix),Zuper Blahq,Electronic / Dance,Drums,by Steve Aoki feat. Zuper Blahq and LMFAO (2010)
I'm in the House (Party Rock Remix),LMFAO,Electronic / Dance,Drums,by Steve Aoki feat. Zuper Blahq and LMFAO (2010)
"K.J.'s ""808""",DJ KJ & MC Kooley C,Hip-Hop / Rap / R&B,Drums,by DJ KJ & MC Kooley C (1988)
Insane Like,Inner City Posse,Hip-Hop / Rap / R&B,Drums,by Inner City Posse (1991)
The Beast Within,Tek 9,Electronic / Dance,Drums,by Tek 9 (1996)
Touching Down,Om Unit,Electronic / Dance,Drums,by Om Unit feat. Cleveland Watkiss (2014)
Touching Down,Cleveland Watkiss,Electronic / Dance,Drums,by Om Unit feat. Cleveland Watkiss (2014)
A Patch of Blue,Tom and Jerry,Electronic / Dance,Drums,by Tom and Jerry (1993)
Latinhead,Dirty Beatniks,Electronic / Dance,Drums,by Dirty Beatniks (1997)
Anybody From London,Borai,Electronic / Dance,Drums,by Borai (2015)
I Say Yeah (Man N Man Edit),The Pied Piper,Electronic / Dance,Drums,by The Pied Piper (1991)
In Suspension,T E L L,Electronic / Dance,Drums,by T E L L (2016)
Do You Wanna Dance,Dan the Automator,Hip-Hop / Rap / R&B,Drums,by Dan the Automator (1989)
Oxygene Part 13 (TK Remix),Jean-Michel Jarre,Electronic / Dance,Drums,by Jean-Michel Jarre (1998)
Mars Needs Women (DJ Seduction Remix),Global Method,Electronic / Dance,Multiple Elements,by Global Method (1992)
Deja Vu (The Awakening Mix),The Brothers Grimm,Electronic / Dance,Drums,by The Brothers Grimm (1992)
Amerika Is Beautiful,Anthony Wayne,Hip-Hop / Rap / R&B,Drums,by Anthony Wayne (1991)
D.O.P.E.,Genius P,Hip-Hop / Rap / R&B,Multiple Elements,by Genius P (1989)
Check It Out,Brainsick Mob,Hip-Hop / Rap / R&B,Drums,by Brainsick Mob (1997)
Reactivate,Future Primitive,Electronic / Dance,Drums,by Future Primitive (2004)
Set the Mood,Style,Hip-Hop / Rap / R&B,Drums,by Style (1990)
Big Respect,Sound Engineer,Electronic / Dance,Drums,by Sound Engineer (1992)
Man (Yung Bingles & Lil Chimpz Rebax),Skepta,Electronic / Dance,Drums,by Skepta (2019)
Power Within,Nicky Blackmarket,Electronic / Dance,Drums,by Nicky Blackmarket (1992)
Scrolling,Evidence,Hip-Hop / Rap / R&B,Drums,by Evidence (2013)
Trag Invasion,Intelligent Hoodlum,Hip-Hop / Rap / R&B,Hook / Riff,by Intelligent Hoodlum (1990)
I Seen a Man Die (4hero Remix),Scarface,Jazz / Blues,Drums,by Scarface (2004)
No Deeper Meaning (51 W. 52nd Street Mix),Culture Beat,Electronic / Dance,Drums,by Culture Beat (1991)
Blacklist,Techniec,Hip-Hop / Rap / R&B,Drums,by Techniec and L's (2011)
Blacklist,L's,Hip-Hop / Rap / R&B,Drums,by Techniec and L's (2011)
Girls & Bass,"Quik, Blaze & Raw",Hip-Hop / Rap / R&B,Multiple Elements,"by Quik, Blaze & Raw (1991)"
Now Break,Hot Day,Hip-Hop / Rap / R&B,Drums,by Hot Day (1989)
Track With No Shame,O,Electronic / Dance,Drums,by O (1990)
Mr Sulu,Noise Factory,Electronic / Dance,Drums,by Noise Factory (1992)
Rikers Island (Dream Mix),Spinback,Electronic / Dance,Drums,by Spinback and Q Project (1995)
Rikers Island (Dream Mix),Q Project,Electronic / Dance,Drums,by Spinback and Q Project (1995)
Another World,Jack Ruby,Electronic / Dance,Drums,by Jack Ruby (1994)
30 Years to the Day,The Rock Steady Crew,Hip-Hop / Rap / R&B,Drums,by The Rock Steady Crew (2007)
Black Meaning Good,Rebel MC,Electronic / Dance,Drums,by Rebel MC (1991)
Universal Horn,JMJ & Richie,Electronic / Dance,Drums,by JMJ & Richie (1995)
Private Parts,Radar (2),Hip-Hop / Rap / R&B,Multiple Elements,by Radar (2) and Z-Trip (1997)
Private Parts,Z-Trip,Hip-Hop / Rap / R&B,Multiple Elements,by Radar (2) and Z-Trip (1997)
Live Session,Universal (Drum & Bass),Electronic / Dance,Drums,by Universal (Drum & Bass) (1996)
Qitik,Nuuk Posse,Hip-Hop / Rap / R&B,Drums,by Nuuk Posse (1995)
Zomer,KIA,Hip-Hop / Rap / R&B,Drums,by KIA (1997)
PENISLAND MEGAMASHUP,Penisland,Electronic / Dance,Drums,by Penisland (2021)
Ruff in the Jungle,The Rave Doctor,Electronic / Dance,Drums,by The Rave Doctor (1993)
Don't Go Away,Boneshakers,Electronic / Dance,Drums,by Boneshakers (1990)
The Dark Side,Freestylers,Electronic / Dance,Multiple Elements,by Freestylers (1998)
Style Wars,Hijack,Hip-Hop / Rap / R&B,Drums,by Hijack (1988)
Continuum,Akkord,Electronic / Dance,Drums,by Akkord (2014)
Quagmire,Calyx,Electronic / Dance,Drums,by Calyx (2000)
At My House (The Apachies / N.Y. Acid Dust Mix),Frankie Bones,Electronic / Dance,Drums,by Frankie Bones (1988)
"Love, Peace and Grease (Mantronik Electrohippy Dub)",BT,Electronic / Dance,Multiple Elements,by BT (1997)
Signalrød,Luca Lozano,Electronic / Dance,Drums,by Luca Lozano and DJ Fett Burger (2015)
Signalrød,DJ Fett Burger,Electronic / Dance,Drums,by Luca Lozano and DJ Fett Burger (2015)
Any & Errrbody,Cassidy,Hip-Hop / Rap / R&B,Multiple Elements,by Cassidy feat. Fred Money (2014)
Any & Errrbody,Fred Money,Hip-Hop / Rap / R&B,Multiple Elements,by Cassidy feat. Fred Money (2014)
WooHoo,Newsboys,Rock / Pop,Drums,by Newsboys (1997)
RCVR,Akkord,Electronic / Dance,Drums,by Akkord (2017)
Mama,MC Bogy,Hip-Hop / Rap / R&B,Drums,by MC Bogy feat. B-Tight and Butcher (2009)
Mama,B-Tight,Hip-Hop / Rap / R&B,Drums,by MC Bogy feat. B-Tight and Butcher (2009)
Mama,Butcher,Hip-Hop / Rap / R&B,Drums,by MC Bogy feat. B-Tight and Butcher (2009)
Fresh,Luke Vibert,Electronic / Dance,Drums,by Luke Vibert (2020)
The Whistle Song,Netsky,Electronic / Dance,Drums,by Netsky feat. Dynamite MC (2012)
The Whistle Song,Dynamite MC,Electronic / Dance,Drums,by Netsky feat. Dynamite MC (2012)
Ice Ice Baby (Funkymix),Vanilla Ice,Hip-Hop / Rap / R&B,Multiple Elements,by Vanilla Ice (1991)
2099 Dub,Bizzy B,Electronic / Dance,Drums,by Bizzy B (2006)
Chupacabbra (Bassbin Twins Remix),Freddy Fresh,Electronic / Dance,Drums,by Freddy Fresh (1997)
Move You're Assit (Party Version),Greyhouse,Electronic / Dance,Drums,by Greyhouse (1989)
Do the Right Thing,Brother,Electronic / Dance,Drums,by Brother (2008)
Drums + Passion,Sound Clash Republic,Electronic / Dance,Drums,by Sound Clash Republic (1991)
The Dope House,Aaron G,Hip-Hop / Rap / R&B,Drums,by Aaron G (1989)
Action,The Alliance,Electronic / Dance,Drums,by The Alliance (1988)
Poison,Sully,Electronic / Dance,Drums,by Sully (2020)
Get Dumb! (Free Your Body),The Crew,Electronic / Dance,Drums,by The Crew (1990)
Through the Murk,Dntel,Soundtrack / Library,Drums,by Dntel (2015)
The Mic I Grip,DJ Chuck Chillout,Hip-Hop / Rap / R&B,Drums,by DJ Chuck Chillout and Kool Chip (1989)
The Mic I Grip,Kool Chip,Hip-Hop / Rap / R&B,Drums,by DJ Chuck Chillout and Kool Chip (1989)
Suddenly the Trees Are Giving Way,Ulrich Schnauss,Electronic / Dance,Drums,by Ulrich Schnauss (2001)
"Stop, Look and Listen",Freddie Foxxx,Hip-Hop / Rap / R&B,Drums,by Freddie Foxxx (1989)
3 Minutes of Funk,Master Freez,Hip-Hop / Rap / R&B,Drums,by Master Freez (1999)
Have No Fear,Potential Bad Boy,Electronic / Dance,Drums,by Potential Bad Boy (1993)
Tomahawk Funk,Smashing Sebastian,Electronic / Dance,Multiple Elements,by Smashing Sebastian (2011)
P.H.D.,Pryme Tyme,Hip-Hop / Rap / R&B,Drums,by Pryme Tyme (1993)
Slick but No Cigar,Funky DL,Hip-Hop / Rap / R&B,Drums,by Funky DL (2016)
Telling Lies (Paradox Mix),David Bowie,Electronic / Dance,Drums,by David Bowie (1996)
Hoovers + Spray Cans,Mark One (2),Electronic / Dance,Drums,by Mark One (2) (1991)
The Vision,Redshift,Electronic / Dance,Drums,by Redshift (2017)
Chance to Dance,Optical Haze,Electronic / Dance,Multiple Elements,by Optical Haze (1993)
The House That Dripped Blood,Insane Poetry,Hip-Hop / Rap / R&B,Drums,by Insane Poetry (1992)
The Last Song on Side B,Marky Mark and the Funky Bunch,Hip-Hop / Rap / R&B,Drums,by Marky Mark and the Funky Bunch (1991)
Let's Dance Against the Wall,Full Force,Hip-Hop / Rap / R&B,Multiple Elements,by Full Force (1985)
Suavemente (Cibola Extended),Elvis Crespo,World / Latin,Drums,by Elvis Crespo (1999)
3:07:08,Emergency Broadcast Network,Electronic / Dance,Drums,by Emergency Broadcast Network (1995)
If...,A1 Bassline,Electronic / Dance,Drums,by A1 Bassline (2017)
Intro / Phantom of the Opera,Hijack,Hip-Hop / Rap / R&B,Drums,by Hijack (1991)
Ain't Nothin but a Party,Gental Touch,Hip-Hop / Rap / R&B,Drums,by Gental Touch (1991)
D1,Gescom,Electronic / Dance,Drums,by Gescom (2007)
Live Together (SL2 Remix),DJ Seduction,Electronic / Dance,Drums,by DJ Seduction (1992)
Teenage Sensation,Credit to the Nation,Hip-Hop / Rap / R&B,Drums,by Credit to the Nation (1993)
Syndication (Remix),Everlast,Hip-Hop / Rap / R&B,Drums,by Everlast (1989)
The Next Generation,Neneh Cherry,Hip-Hop / Rap / R&B,Hook / Riff,by Neneh Cherry (1988)
Box Energy (Remix by AFX),DJ Pierre,Electronic / Dance,Drums,by DJ Pierre (2001)
Holiday Plug In,Fuzita Blender,Electronic / Dance,Drums,by Fuzita Blender (2000)
All Right (All Night Mix),Glide,Electronic / Dance,Multiple Elements,by Glide (1991)
Toontown,Noise Overload,Electronic / Dance,Drums,by Noise Overload (1992)
"""We'll Paint This Town""--Throat and Phonograph Fire Support Coordination Measure",Mike Patton,Hip-Hop / Rap / R&B,Drums,by Mike Patton and X-Ecutioners (2005)
"""We'll Paint This Town""--Throat and Phonograph Fire Support Coordination Measure",X-Ecutioners,Hip-Hop / Rap / R&B,Drums,by Mike Patton and X-Ecutioners (2005)
Listen to the Rhythm Flow,The Break Boys,Hip-Hop / Rap / R&B,Drums,by The Break Boys (1989)
Many Styles,O.B. One,Electronic / Dance,Drums,by O.B. One (1999)
No Sucka MC's,DJ Kay Slay,Hip-Hop / Rap / R&B,Multiple Elements,"by DJ Kay Slay feat. Sheek Louch, Papoose and Jon Connor (2016)"
No Sucka MC's,Sheek Louch,Hip-Hop / Rap / R&B,Multiple Elements,"by DJ Kay Slay feat. Sheek Louch, Papoose and Jon Connor (2016)"
No Sucka MC's,Papoose,Hip-Hop / Rap / R&B,Multiple Elements,"by DJ Kay Slay feat. Sheek Louch, Papoose and Jon Connor (2016)"
No Sucka MC's,Jon Connor,Hip-Hop / Rap / R&B,Multiple Elements,"by DJ Kay Slay feat. Sheek Louch, Papoose and Jon Connor (2016)"
In the Mix,DJ Seduction,Electronic / Dance,Drums,by DJ Seduction (1995)
La Tension Monte,IAM,Hip-Hop / Rap / R&B,Multiple Elements,by IAM (1991)
Olympic Lifts,Olympic Lifts,Hip-Hop / Rap / R&B,Drums,by Olympic Lifts (2002)
So in Love (Vibes & Wishdokta Remix),DJ Seduction,Electronic / Dance,Drums,by DJ Seduction (1994)
In Suspension,Tell,Electronic / Dance,Drums,by Tell (2017)
Fromdamental,Godfather Don,Hip-Hop / Rap / R&B,Drums,by Godfather Don (2009)
The Sax Lick,Intense,Electronic / Dance,Drums,by Intense (1996)
Good Time,Kool Moe Dee,Hip-Hop / Rap / R&B,Drums,by Kool Moe Dee (1992)
Spectrum,Wax Doctor,Electronic / Dance,Drums,by Wax Doctor (1995)
Sorry I Make You Lush,Wagon Christ,Electronic / Dance,Drums,by Wagon Christ (2004)
Lucifer,7A3,Hip-Hop / Rap / R&B,Drums,by 7A3 (1988)
Resonate 3,Quarta330,Electronic / Dance,Drums,by Quarta330 (2017)
We Want to Rock You,Sway & King Tech,Hip-Hop / Rap / R&B,Drums,by Sway & King Tech (1988)
Do You Speak Martien ?,DJ Daddy K,Hip-Hop / Rap / R&B,Multiple Elements,by DJ Daddy K (1991)
Latin Hype,J.C. & the Boyz,Hip-Hop / Rap / R&B,Hook / Riff,by J.C. & the Boyz (1992)
Scratch 22 (Jay-Rock's Theme),Freestylers,Hip-Hop / Rap / R&B,Drums,by Freestylers (1998)
Sound Control (S.P.Y Remix),Randall,Electronic / Dance,Drums,by Randall and Andy C (2017)
Sound Control (S.P.Y Remix),Andy C,Electronic / Dance,Drums,by Randall and Andy C (2017)
My Heart the Beat,D-Shake,Electronic / Dance,Drums,by D-Shake (1991)
Breakin' It Down,Flying Steps,Electronic / Dance,Drums,by Flying Steps (2001)
Talk Around Town,4 Hero,Electronic / Dance,Drums,by 4 Hero (1998)
Do You Remember (Club Remix),Monet,Electronic / Dance,Hook / Riff,by Monet feat. Hostyle (1988)
Do You Remember (Club Remix),Hostyle,Electronic / Dance,Hook / Riff,by Monet feat. Hostyle (1988)
Nightbird,Convert,Electronic / Dance,Drums,by Convert (1991)
House of Magic,DJ Magic Mike,Electronic / Dance,Drums,by DJ Magic Mike (1990)
Superskufle,MC Einar,Hip-Hop / Rap / R&B,Drums,by MC Einar (1988)
Bike Pump Meets Bucket,Polygon Window,Electronic / Dance,Drums,by Polygon Window (1993)
How to Cut & Paste (Lesson 1),Paul Nice,Hip-Hop / Rap / R&B,Drums,by Paul Nice and Phill Most Chill (2015)
How to Cut & Paste (Lesson 1),Phill Most Chill,Hip-Hop / Rap / R&B,Drums,by Paul Nice and Phill Most Chill (2015)
Just a Vision (Marcus Intalex & ST Files Remix),Solid State,Electronic / Dance,Drums,by Solid State (2000)
No Stoppin',The Jive All-Stars,Hip-Hop / Rap / R&B,Multiple Elements,by The Jive All-Stars (1998)
Feel the Bass,Dynamix II,Electronic / Dance,Drums,by Dynamix II feat. MC Kid Money (1988)
Feel the Bass,MC Kid Money,Electronic / Dance,Drums,by Dynamix II feat. MC Kid Money (1988)
Stin Discotek,Hmiskoumpria,Hip-Hop / Rap / R&B,Multiple Elements,by Hmiskoumpria feat. Elpida (1997)
Stin Discotek,Elpida,Hip-Hop / Rap / R&B,Multiple Elements,by Hmiskoumpria feat. Elpida (1997)
Track 6,DJ Q-Bert,Electronic / Dance,Multiple Elements,by DJ Q-Bert (1994)
Apache,Cut & Run,Electronic / Dance,Hook / Riff,by Cut & Run (2009)
Rock,DJ Spinna,Hip-Hop / Rap / R&B,Drums,by DJ Spinna (1999)
Don't Need Your Love,DJ Red Alert & Mike Slammer,Electronic / Dance,Drums,by DJ Red Alert & Mike Slammer (1993)
The Third Sequence,Photek,Electronic / Dance,Drums,by Photek (1996)
This Style,Shy FX,Electronic / Dance,Drums,by Shy FX (1995)
Apache,Scooter,Electronic / Dance,Hook / Riff,by Scooter (2005)
August '67,White Trash (Electronic),Electronic / Dance,Drums,by White Trash (Electronic) (1991)
Wildside (Club Remix),Marky Mark and the Funky Bunch,Hip-Hop / Rap / R&B,Drums,by Marky Mark and the Funky Bunch (1991)
It Ain't Over Till the Fat Lady Sings,En Vogue,Hip-Hop / Rap / R&B,Drums,by En Vogue (1992)
Planet K11 v the Hyperfunk Alien,Dynametrix,Hip-Hop / Rap / R&B,Multiple Elements,by Dynametrix (1994)
Heat,Wax Doctor,Electronic / Dance,Drums,by Wax Doctor (1996)
Bassquake,SL2,Electronic / Dance,Bass,by SL2 (1991)
Bust the Work Down,Kasim Keto,Hip-Hop / Rap / R&B,Drums,by Kasim Keto feat. Roc Marciano (2013)
Bust the Work Down,Roc Marciano,Hip-Hop / Rap / R&B,Drums,by Kasim Keto feat. Roc Marciano (2013)
Angel,Goldie,Electronic / Dance,Drums,by Goldie (1995)
Бета-каротин,Бумбокс,Soul / Funk / Disco,Drums,by Бумбокс (2005)
Mami El Negro,DJ Laz,Hip-Hop / Rap / R&B,Drums,by DJ Laz feat. Danny D (1991)
Mami El Negro,Danny D,Hip-Hop / Rap / R&B,Drums,by DJ Laz feat. Danny D (1991)
Siroi Yami No Naka,ShakkaZombie,Hip-Hop / Rap / R&B,Drums,by ShakkaZombie (1999)
(Everybody) Get Up,Roger,Hip-Hop / Rap / R&B,Drums,by Roger (1991)
De Freak De Flow,Kubus,Hip-Hop / Rap / R&B,Drums,by Kubus and Rico (2011)
De Freak De Flow,Rico,Hip-Hop / Rap / R&B,Drums,by Kubus and Rico (2011)
This Fight Tonight,Bros Rock Crew,Hip-Hop / Rap / R&B,Drums,by Bros Rock Crew (2001)
Loads,Homeboy Sandman,Hip-Hop / Rap / R&B,Multiple Elements,by Homeboy Sandman feat. Blu (2014)
Loads,Blu,Hip-Hop / Rap / R&B,Multiple Elements,by Homeboy Sandman feat. Blu (2014)
Free MDMA,Panacea (Drum & Bass),Electronic / Dance,Drums,by Panacea (Drum & Bass) and Counterstrike (2012)
Free MDMA,Counterstrike,Electronic / Dance,Drums,by Panacea (Drum & Bass) and Counterstrike (2012)
Самая лучшая песня за всю историю человечества,Dolphin,Hip-Hop / Rap / R&B,Drums,"by Dolphin, Jam Style and Da Boogie Crew (1998)"
Самая лучшая песня за всю историю человечества,Jam Style,Hip-Hop / Rap / R&B,Drums,"by Dolphin, Jam Style and Da Boogie Crew (1998)"
Самая лучшая песня за всю историю человечества,Da Boogie Crew,Hip-Hop / Rap / R&B,Drums,"by Dolphin, Jam Style and Da Boogie Crew (1998)"
DD,MC Jean Gab'1,Hip-Hop / Rap / R&B,Multiple Elements,by MC Jean Gab'1 (2003)
Suck My Dick,The Troubleneck Brothers,Hip-Hop / Rap / R&B,Drums,by The Troubleneck Brothers (1992)
Groove Me,Friction & Spice,Electronic / Dance,Multiple Elements,by Friction & Spice (1994)
Old School Jackin,Tuff Crew,Hip-Hop / Rap / R&B,Drums,by Tuff Crew feat. Prime Minister Dope (2008)
Old School Jackin,Prime Minister Dope,Hip-Hop / Rap / R&B,Drums,by Tuff Crew feat. Prime Minister Dope (2008)
Dansa Din Djävul,Petter,Hip-Hop / Rap / R&B,Multiple Elements,by Petter (2010)
Apache,Matrix,Electronic / Dance,Drums,by Matrix (2000)
Brainiac,IBM Nation,Hip-Hop / Rap / R&B,Drums,by IBM Nation (1990)
Fused Into Music,Luke Vibert,Electronic / Dance,Drums,by Luke Vibert (1997)
Can You Feel the Passion,Northern Boys,Electronic / Dance,Drums,by Northern Boys (1995)
MC Avenger,All Natural,Hip-Hop / Rap / R&B,Drums,by All Natural (2002)
AREA 909,Roland Jones,Electronic / Dance,Drums,by Roland Jones (2022)
Le Droit Chemin,Ministere A.M.E.R.,Hip-Hop / Rap / R&B,Drums,by Ministere A.M.E.R. (1991)
Lonely,Masta Ace,Hip-Hop / Rap / R&B,Multiple Elements,by Masta Ace (2013)
Atmospheric Funk,Wax Doctor,Electronic / Dance,Drums,by Wax Doctor (1995)
Tunnel,Biosphere,Electronic / Dance,Multiple Elements,by Biosphere (1997)
Dance Music,Keith Arem,Electronic / Dance,Drums,by Keith Arem (1999)
Dirtchamber Track 3,The Prodigy,Hip-Hop / Rap / R&B,Hook / Riff,by The Prodigy (1999)
Back on Time,Plug,Electronic / Dance,Drums,by Plug (2012)
Nexus Apache,DJ Trace,Electronic / Dance,Drums,by DJ Trace (1997)
Call Da Police,Soundmurderer,Electronic / Dance,Drums,by Soundmurderer and SK-1 (2003)
Call Da Police,SK-1,Electronic / Dance,Drums,by Soundmurderer and SK-1 (2003)
Just Wanna Dance,Todd Terry,Electronic / Dance,Drums,by Todd Terry (1988)
The Step,Wax Doctor,Electronic / Dance,Drums,by Wax Doctor (1995)
Massacre,Rockwell Noel,Hip-Hop / Rap / R&B,Drums,by Rockwell Noel and The Poet (1989)
Massacre,The Poet,Hip-Hop / Rap / R&B,Drums,by Rockwell Noel and The Poet (1989)
Wild Bill,Marc Benjamin,Electronic / Dance,Multiple Elements,by Marc Benjamin (2020)
Empty Wallets,Kjell,Electronic / Dance,Drums,by Kjell (2008)
Roll On,Andy C,Electronic / Dance,Drums,by Andy C (1995)
Watch the Hook,Breeze,Hip-Hop / Rap / R&B,Drums,by Breeze (1989)
Gonna Make You Sweat (Everybody Dance Now) (Ultimix 37 Remix),C+C Music Factory,Electronic / Dance,Multiple Elements,by C+C Music Factory (1990)
Poet With Soul,Def Jef,Hip-Hop / Rap / R&B,Drums,by Def Jef (1989)
Dark Corner B-Boy Medley,DJ Skizo,Hip-Hop / Rap / R&B,Multiple Elements,by DJ Skizo (2000)
Intro,Freestylers,Electronic / Dance,Multiple Elements,by Freestylers (2001)
Funk in a Bottle,DJ ''S'',Electronic / Dance,Drums,by DJ ''S'' (2017)
X Is in Effect,B-Boy-X and the 13th District Posse,Hip-Hop / Rap / R&B,Multiple Elements,by B-Boy-X and the 13th District Posse (1989)
Mr. Policeman,Sicx,Hip-Hop / Rap / R&B,Multiple Elements,by Sicx (1995)
Love Overdose,DMS,Electronic / Dance,Multiple Elements,by DMS (1991)
Diamond Sez,Diamond D (2),Hip-Hop / Rap / R&B,Drums,"by Diamond D (2) feat. Deryk ""D"" (1989)"
Diamond Sez,"Deryk ""D""",Hip-Hop / Rap / R&B,Drums,"by Diamond D (2) feat. Deryk ""D"" (1989)"
Come on Baby,DJ Icey,Electronic / Dance,Multiple Elements,by DJ Icey (1994)
Ill Notes,Stu Chapman,Electronic / Dance,Drums,by Stu Chapman (2006)
Hip Hop It Is a Kinda Different,Tone Loc,Hip-Hop / Rap / R&B,Drums,by Tone Loc (1991)
Housebreaker,Ellll,Electronic / Dance,Drums,by Ellll (2021)
Mo' Fire (Bad Company UK Mix),Rawhill Cru,Electronic / Dance,Drums,by Rawhill Cru (2002)
Animated Manic Soul,Goon,Electronic / Dance,Drums,by Goon (1997)
Funky Joint,Sztigar Bonko,Hip-Hop / Rap / R&B,Drums,by Sztigar Bonko (2013)
Hip Hop on Wax - Volume 2,Red Alert,Hip-Hop / Rap / R&B,Hook / Riff,by Red Alert (1984)
Sahara 72,Bobby Hughes Experience,Electronic / Dance,Drums,by Bobby Hughes Experience (1999)
Sight Beyond 2004,John B,Electronic / Dance,Drums,by John B (2004)
Loose Lips,Dave Owen,Electronic / Dance,Drums,by Dave Owen (2012)
Love Your Enemies,Fierce Ruling Diva,Electronic / Dance,Drums,by Fierce Ruling Diva (1993)
Son of Noise,Son of Noise,Hip-Hop / Rap / R&B,Drums,by Son of Noise (1991)
I Miss Jimi,Charly Lownoise,Electronic / Dance,Multiple Elements,by Charly Lownoise (1993)
Universal Love (Metalheadz Remix),4 Hero,Electronic / Dance,Drums,by 4 Hero feat. Carol Crosby (1995)
Universal Love (Metalheadz Remix),Carol Crosby,Electronic / Dance,Drums,by 4 Hero feat. Carol Crosby (1995)
It's Not Over,Sway & King Tech,Hip-Hop / Rap / R&B,Drums,by Sway & King Tech (1991)
Hurt 'Em Bad,Fixomatic,Hip-Hop / Rap / R&B,Multiple Elements,by Fixomatic (1988)
Robbin' Hoods,Son of Noise,Hip-Hop / Rap / R&B,Drums,by Son of Noise (1992)
In My Life,Lemon D,Electronic / Dance,Drums,by Lemon D (1996)
Mix-Up,Bad Balance,Hip-Hop / Rap / R&B,Multiple Elements,by Bad Balance (1994)
Get the Music,Seventh Sense,Electronic / Dance,Drums,by Seventh Sense (1992)
Dance to the Groove,M.C. Sundance,Hip-Hop / Rap / R&B,Drums,by M.C. Sundance (1991)
Just a Break Freak,Breakfreak Inc,Electronic / Dance,Drums,by Breakfreak Inc (1990)
Tear Up the Club,Untold,Electronic / Dance,Drums,by Untold (2017)
Spectral Frequency,Special Request,Electronic / Dance,Drums,by Special Request (2020)
All In,J. Albert,Electronic / Dance,Multiple Elements,by J. Albert (2016)
Constants,Homemade Weapons,Electronic / Dance,Drums,by Homemade Weapons (2019)
Fireflies,Ital Tek,Electronic / Dance,Drums,by Ital Tek (2013)
The Master,Jesse West,Hip-Hop / Rap / R&B,Drums,by Jesse West (1989)
Slammin' Ragga Bootleg Track,Kid606,Electronic / Dance,Drums,by Kid606 (2004)
I Don't Need Nobody,Scott Brown,Electronic / Dance,Drums,by Scott Brown (1999)
Tuesday,Ripp,Hip-Hop / Rap / R&B,Drums,by Ripp (2014)
Dearly Beloved,Black by Demand,Hip-Hop / Rap / R&B,Drums,by Black by Demand (1989)
Underground Breakdown,The Break Boys,Electronic / Dance,Drums,by The Break Boys (1990)
Bust the New Jam,Law & Auder,Electronic / Dance,Drums,by Law & Auder (1995)
2 the Rhythm,SoundFactory,Electronic / Dance,Drums,by SoundFactory (1993)
"Lies (Dust Bros 12"" Club Mix)",EMF,Rock / Pop,Drums,by EMF (2001)
One More Time,Manix,Electronic / Dance,Drums,by Manix (2013)
This Is Too Much Bass,Cha-os,Hip-Hop / Rap / R&B,Multiple Elements,by Cha-os (1990)
Jah (Peshay VIP Rollers Mix),Goldie,Electronic / Dance,Drums,by Goldie (1996)
Skin Out,Default (Jungle),Electronic / Dance,Drums,by Default (Jungle) (2012)
I Keep It Swingin,39 Stepz,Hip-Hop / Rap / R&B,Drums,by 39 Stepz (1993)
Shallow Vibe,GARX,Electronic / Dance,Drums,by GARX (2022)
Jet Age,Ladytron,Electronic / Dance,Drums,by Ladytron (2001)
Sunday,Metaform,Hip-Hop / Rap / R&B,Drums,by Metaform (2008)
Ghetto Child,Katch 22,Hip-Hop / Rap / R&B,Drums,by Katch 22 (1991)
Treasure of My Heart,SF Spanish Fly,Electronic / Dance,Drums,by SF Spanish Fly (1994)
King (Remix),Slick Rick,Hip-Hop / Rap / R&B,Drums,by Slick Rick (1991)
Gypsy,Luscious Jackson,Rock / Pop,Drums,by Luscious Jackson (1999)
So Long - Outro,Luke Vibert,Electronic / Dance,Drums,by Luke Vibert (1997)
Needle Point Majik,J Majik,Electronic / Dance,Drums,by J Majik (1995)
The 9th Hand,Breakage,Electronic / Dance,Drums,by Breakage (2006)
Get Out My Face,Plug,Electronic / Dance,Drums,by Plug (2012)
Free Format,D'Cruze,Electronic / Dance,Drums,by D'Cruze (1996)
Ladies (Remix),The Junglites,Electronic / Dance,Drums,by The Junglites (1994)
Pump Up the House,The Bizzie Boyz,Hip-Hop / Rap / R&B,Drums,by The Bizzie Boyz (1990)
It's Not Over,Citadel of Kaos,Electronic / Dance,Multiple Elements,by Citadel of Kaos (1992)
Freeze,Oliver Huntemann,Electronic / Dance,Multiple Elements,by Oliver Huntemann (2004)
Leave Me Alone,Nummix,Electronic / Dance,Drums,by Nummix (2009)
Guncheck,Ed Rush,Electronic / Dance,Drums,by Ed Rush (1995)
Groove With the PC,Poison Clan,Hip-Hop / Rap / R&B,Drums,by Poison Clan (1992)
Test |2| B1,Dillinja,Electronic / Dance,Drums,by Dillinja (1993)
Identity,Daz Ellis,Electronic / Dance,Drums,by Daz Ellis (1995)
101 Breaks,A-Sides,Electronic / Dance,Drums,by A-Sides (2002)
白いヤミの中,キミドリ,Hip-Hop / Rap / R&B,Drums,by キミドリ (1993)
Sector 3,Ed Rush,Electronic / Dance,Drums,by Ed Rush and Nico (Drum & Bass) (1996)
Sector 3,Nico (Drum & Bass),Electronic / Dance,Drums,by Ed Rush and Nico (Drum & Bass) (1996)
Southside,Hustlers of Culture,Hip-Hop / Rap / R&B,Multiple Elements,by Hustlers of Culture (1993)
Untitled Riddim,Ant to Be,Electronic / Dance,Drums,by Ant to Be (2017)
M.C. Ant the Great,MC Ant,Hip-Hop / Rap / R&B,Drums,by MC Ant (1989)
Feel My Dreams,Mirage (Drum & Bass),Electronic / Dance,Drums,by Mirage (Drum & Bass) (1995)
People Are Changing,Sakana,Electronic / Dance,Drums,by Sakana (1992)
The Syko,Syko & Mak,Electronic / Dance,Drums,by Syko & Mak (1992)
Mutationz II,Black Sun Empire,Electronic / Dance,Drums,by Black Sun Empire (2001)
Bombenteppich,Feinkost Paranoia,Hip-Hop / Rap / R&B,Drums,by Feinkost Paranoia (1998)
Supperhero,MC Zappa,Hip-Hop / Rap / R&B,Multiple Elements,by MC Zappa (2020)
Twelve Bits,Nucleus,Electronic / Dance,Drums,by Nucleus and Paradox (2005)
Twelve Bits,Paradox,Electronic / Dance,Drums,by Nucleus and Paradox (2005)
Insane,Criminal Nation,Hip-Hop / Rap / R&B,Drums,by Criminal Nation (1990)
Tractor Beam,Special Request,Electronic / Dance,Drums,by Special Request (2015)
Turntable Overload,DJ Royal T,Electronic / Dance,Drums,by DJ Royal T and DJ XL (1992)
Turntable Overload,DJ XL,Electronic / Dance,Drums,by DJ Royal T and DJ XL (1992)
Sabbath Rhumba,Limewax,Electronic / Dance,Drums,by Limewax (2020)
Take Me to Heaven (Heaven and Hell Mix),Baby D,Electronic / Dance,Drums,by Baby D (1996)
Kiss the DJ,Freedom of Sound,Electronic / Dance,Drums,by Freedom of Sound (1992)
Miami Bass,Balli & the Fat Daddy,Hip-Hop / Rap / R&B,Drums,by Balli & the Fat Daddy (1990)
Get a Grip,Suspekt (UK Rap),Hip-Hop / Rap / R&B,Drums,by Suspekt (UK Rap) (1993)
Moods,Dillinja,Electronic / Dance,Drums,by Dillinja and Mystery (1994)
Moods,Mystery,Electronic / Dance,Drums,by Dillinja and Mystery (1994)
Mash Down,The Meditator,Electronic / Dance,Drums,by The Meditator (2019)
Presence (Original Version),The Criminal Minds,Electronic / Dance,Drums,by The Criminal Minds (1992)
Mosquito,Digital & Spirit,Electronic / Dance,Drums,by Digital & Spirit (2015)
Sound Ceased,Xedos,Electronic / Dance,Drums,by Xedos (1996)
Apache Warrior,Theory,Electronic / Dance,Drums,by Theory (2017)
Give It to 'Em,Plasmic Life,Electronic / Dance,Drums,by Plasmic Life (1994)
Don't You Know,Enjoy (Drum & Bass),Electronic / Dance,Drums,by Enjoy (Drum & Bass) (2020)
Back 2 Bass 6's,Basic Rhythm,Electronic / Dance,Drums,by Basic Rhythm (1993)
Ethereal,Alchemy,Electronic / Dance,Drums,by Alchemy (1991)
I Wish Time Didn't Matter,Special Request,Electronic / Dance,Drums,by Special Request (2020)
Voodoo Sound,Future Loop Foundation,Electronic / Dance,Drums,by Future Loop Foundation (1997)
Hands of Fate,Lakim Shabazz,Hip-Hop / Rap / R&B,Drums,by Lakim Shabazz (1990)
Cold Blooded (Pavel's 4th Dimension),One Step Beyond (2),Hip-Hop / Rap / R&B,Drums,by One Step Beyond (2) (1990)
Warpath,Jus Def,Hip-Hop / Rap / R&B,Multiple Elements,"by Jus Def, X-Town Posse and The Original X (1990)"
Warpath,X-Town Posse,Hip-Hop / Rap / R&B,Multiple Elements,"by Jus Def, X-Town Posse and The Original X (1990)"
Warpath,The Original X,Hip-Hop / Rap / R&B,Multiple Elements,"by Jus Def, X-Town Posse and The Original X (1990)"
Roma Capoccia Breakdown,Ice One,Hip-Hop / Rap / R&B,Drums,by Ice One (2014)
"50,000 What's?",Genaside II,Electronic / Dance,Drums,by Genaside II (1999)
Battlescars,Loxy,Electronic / Dance,Drums,by Loxy and B Key (2004)
Battlescars,B Key,Electronic / Dance,Drums,by Loxy and B Key (2004)
How's About a Kiss,2 Deep,Hip-Hop / Rap / R&B,Drums,by 2 Deep (1990)
Go to Nowhere,Eastcolors,Electronic / Dance,Drums,by Eastcolors (2012)
4:00 AM,Ironik (Breakbeat),Electronic / Dance,Drums,by Ironik (Breakbeat) (1993)
World Mash Up,Undercover Agent,Electronic / Dance,Drums,by Undercover Agent and The Kriminal (1995)
World Mash Up,The Kriminal,Electronic / Dance,Drums,by Undercover Agent and The Kriminal (1995)
Hank Marvin,Pixel (Drum and Bass),Electronic / Dance,Multiple Elements,by Pixel (Drum and Bass) (2016)
Stinging Nettle,The Count,Electronic / Dance,Drums,by The Count and Sinden (2008)
Stinging Nettle,Sinden,Electronic / Dance,Drums,by The Count and Sinden (2008)
Back From the Grave,GBH,Electronic / Dance,Drums,by GBH (1992)
Tensity,Tim Reaper,Electronic / Dance,Drums,by Tim Reaper and Kloke (2021)
Tensity,Kloke,Electronic / Dance,Drums,by Tim Reaper and Kloke (2021)
Gangster Boogie,Stu & Nee,Electronic / Dance,Drums,by Stu & Nee (2005)
Lead Me On,Breakage,Electronic / Dance,Drums,by Breakage (2006)
Mellow Says Hello,Mellow Man Ace,Hip-Hop / Rap / R&B,Drums,by Mellow Man Ace (1992)
Crazy,Buggsy,Hip-Hop / Rap / R&B,Drums,by Buggsy (2011)
Brown Chaos,μ-Ziq,Electronic / Dance,Drums,by μ-Ziq (2022)
Metro,Digital,Electronic / Dance,Drums,by Digital (1997)
Free,Freegroove,Electronic / Dance,Drums,by Freegroove (2020)
The Genius,Deependance,Electronic / Dance,Drums,by Deependance (1995)
The Final Call,Papa J. Smoove,Hip-Hop / Rap / R&B,Drums,by Papa J. Smoove (1990)
Ristorante Fight,Sean Murray,Soundtrack / Library,Drums,by Sean Murray (2005)
Scenario,Simba & Milton Gulli,Hip-Hop / Rap / R&B,Drums,by Simba & Milton Gulli feat. Zubz (2013)
Scenario,Zubz,Hip-Hop / Rap / R&B,Drums,by Simba & Milton Gulli feat. Zubz (2013)
An Apology,Enduser,Electronic / Dance,Drums,by Enduser (2006)
Step Into the Real World,D.A.M.N.,Hip-Hop / Rap / R&B,Drums,by D.A.M.N. (1991)
Shit Sucking Ass Slaughter,Passenger of Shit,Electronic / Dance,Drums,by Passenger of Shit feat. Virya Dadura Vamana (2007)
Shit Sucking Ass Slaughter,Virya Dadura Vamana,Electronic / Dance,Drums,by Passenger of Shit feat. Virya Dadura Vamana (2007)
Rhythm,Engineers Without Fears,Electronic / Dance,Multiple Elements,by Engineers Without Fears (1993)
Bonus Beat,TDK,Electronic / Dance,Drums,by TDK (1993)
Touch Me 96,Digital,Electronic / Dance,Drums,by Digital (1996)
Alchemy,Fission,Electronic / Dance,Drums,by Fission (2011)
The One,Cold Blood Terror,Hip-Hop / Rap / R&B,Drums,by Cold Blood Terror (1990)
The Eternal Eyes of Troupe,Farquaad,Electronic / Dance,Drums,by Farquaad (2019)
Just Can't Stop,Intoxicate,Electronic / Dance,Drums,by Intoxicate (1992)
What We're Gonna Do Right Here Is Go Back ....,Bassbin Twins,Electronic / Dance,Drums,by Bassbin Twins (1996)
Get Pepped,Skinny Boys,Hip-Hop / Rap / R&B,Sound Effect / Other,by Skinny Boys (1988)
Perkission,Wagon Christ,Electronic / Dance,Drums,by Wagon Christ (2001)
Friday,Dillinja,Electronic / Dance,Drums,by Dillinja (2004)
Your Sound,J Majik,Electronic / Dance,Drums,by J Majik (1995)
The Chubbster,Chubb Rock,Hip-Hop / Rap / R&B,Drums,by Chubb Rock (1991)
My Dope Intro,J.J. Fad,Hip-Hop / Rap / R&B,Drums,by J.J. Fad (1988)
The Noise,SL2,Electronic / Dance,Drums,by SL2 (1991)
Miami Rumble '89,"D.J. Deryck ""D""",Hip-Hop / Rap / R&B,Drums,"by D.J. Deryck ""D"" (1989)"
Total Khéops II,DJ Khéops,Hip-Hop / Rap / R&B,Multiple Elements,by DJ Khéops feat. Akhenaton (1997)
Total Khéops II,Akhenaton,Hip-Hop / Rap / R&B,Multiple Elements,by DJ Khéops feat. Akhenaton (1997)
Big Apple Production Vol. III,Ser & Duff,Hip-Hop / Rap / R&B,Multiple Elements,by Ser & Duff (1987)
Livin' in the Jungle,Schoolly D,Hip-Hop / Rap / R&B,Drums,by Schoolly D (1989)
2 Live Crew Megamixx,2 Live Crew,Hip-Hop / Rap / R&B,Drums,by 2 Live Crew (1992)
Яйца,Дискотека Авария,Hip-Hop / Rap / R&B,Drums,by Дискотека Авария (2001)
Intro (Optional),UNKLE,Hip-Hop / Rap / R&B,Hook / Riff,by UNKLE (1998)
Στη Ντισκοτέκ,Ημισκούμπρια,Hip-Hop / Rap / R&B,Drums,by Ημισκούμπρια (1997)
Shake Whatcha Mama Gave Ya,Stik E & the Hoodz,Hip-Hop / Rap / R&B,Multiple Elements,by Stik E & the Hoodz (1995)
Le Nouveau Président,IAM,Hip-Hop / Rap / R&B,Multiple Elements,by IAM (1991)
Breakers Revenge 93,Zeb.Roc.Ski,Hip-Hop / Rap / R&B,Drums,by Zeb.Roc.Ski and Stieber Twins (1993)
Breakers Revenge 93,Stieber Twins,Hip-Hop / Rap / R&B,Drums,by Zeb.Roc.Ski and Stieber Twins (1993)
Housing the Joint,Schoolly D,Hip-Hop / Rap / R&B,Drums,by Schoolly D (1987)
Mad Apache,Shy FX,Electronic / Dance,Multiple Elements,by Shy FX (1997)
Dirtchamber Track 8,The Prodigy,Electronic / Dance,Hook / Riff,by The Prodigy (1999)
And the Break Goes On,The Break Boys,Hip-Hop / Rap / R&B,Drums,by The Break Boys (1988)
Breaker Beats Part 2,Freestylers,Hip-Hop / Rap / R&B,Drums,by Freestylers (1998)
Runnin',Freedom of Soul,Hip-Hop / Rap / R&B,Drums,by Freedom of Soul (1991)
Epidermis,Venetian Snares,Electronic / Dance,Drums,by Venetian Snares (2003)
Soul Beat Runna,Boymerang,Electronic / Dance,Drums,by Boymerang (1997)
Girls Give Head,Lords of the Underworld,Electronic / Dance,Drums,by Lords of the Underworld (1995)
Break the Locks,The Get Down Brothers,Hip-Hop / Rap / R&B,Multiple Elements,by The Get Down Brothers (2017)
Yaaah (Freestyle Club Mix),D-Shake,Electronic / Dance,Drums,by D-Shake (1990)
Ease Yourself,The Collective (Drum and Bass),Electronic / Dance,Drums,by The Collective (Drum and Bass) (1996)
Yamming Snacks Like Shaggy,Tom and Jerry,Electronic / Dance,Drums,by Tom and Jerry (1993)
Who Run This?,Angel Demar,Hip-Hop / Rap / R&B,Multiple Elements,by Angel Demar feat. Nicki Minaj (2004)
Who Run This?,Nicki Minaj,Hip-Hop / Rap / R&B,Multiple Elements,by Angel Demar feat. Nicki Minaj (2004)
Beats to the Rhyme (Video Version),Run-DMC,Hip-Hop / Rap / R&B,Drums,by Run-DMC (1988)
I Only Wear My White Tees Once,The Federation,Hip-Hop / Rap / R&B,Drums,by The Federation (2006)
La Passionara,The Blow Monkeys,Electronic / Dance,Drums,by The Blow Monkeys (1990)
We Have Explosive (Mantronik Plastic Formula #1),The Future Sound of London,Electronic / Dance,Drums,by The Future Sound of London (1997)
Live @ the Union Square (Full Version),DJ Jazzy Jeff & the Fresh Prince,Hip-Hop / Rap / R&B,Drums,by DJ Jazzy Jeff & the Fresh Prince (1986)
Kick a Freestyle (Radio Edit),Straight Outta Nowhere,Hip-Hop / Rap / R&B,Drums,by Straight Outta Nowhere (1992)
Basscadet (Tazmx),Autechre,Electronic / Dance,Drums,by Autechre (1994)
Assassins,Geto Boys,Hip-Hop / Rap / R&B,Hook / Riff,by Geto Boys (1990)
Untitled,Hardnoise,Hip-Hop / Rap / R&B,Drums,by Hardnoise (1990)
Shada Shada,Fracture,Electronic / Dance,Drums,by Fracture feat. Nah Eeto (2021)
Shada Shada,Nah Eeto,Electronic / Dance,Drums,by Fracture feat. Nah Eeto (2021)
Salsa House (Silver on Black Remix),Richie Rich,Electronic / Dance,Hook / Riff,by Richie Rich (1989)
Da Drumz,Remarc,Electronic / Dance,Drums,by Remarc (2004)
There's No Other Way (The Blur Remix),Blur,Rock / Pop,Drums,by Blur (1991)
My Ding-a-Ling,Leaders of the New School,Hip-Hop / Rap / R&B,Drums,by Leaders of the New School (1991)
The Revenge (B Boy's Revenge 97),Zeb.Roc.Ski,Hip-Hop / Rap / R&B,Multiple Elements,by Zeb.Roc.Ski and Stieber Twins (1997)
The Revenge (B Boy's Revenge 97),Stieber Twins,Hip-Hop / Rap / R&B,Multiple Elements,by Zeb.Roc.Ski and Stieber Twins (1997)
Mr. Mixx on the Mix !!,2 Live Crew,Hip-Hop / Rap / R&B,Drums,by 2 Live Crew (1986)
Enjoy Music,Reboot,Electronic / Dance,Drums,by Reboot (2009)
Horns 2000,Future Cut,Electronic / Dance,Drums,by Future Cut (2000)
Slam Jam,Tech Nine,Electronic / Dance,Drums,by Tech Nine feat. Sadiq (1990)
Slam Jam,Sadiq,Electronic / Dance,Drums,by Tech Nine feat. Sadiq (1990)
Jeep Bonus,Masters at Work,Electronic / Dance,Drums,by Masters at Work (1993)
Lesson 2 (James Brown Mix),Double Dee & Steinski,Hip-Hop / Rap / R&B,Drums,by Double Dee & Steinski (1985)
Do It Like a G.O.,Geto Boys,Hip-Hop / Rap / R&B,Multiple Elements,by Geto Boys (1989)
Side B Track 2,Bassbin Twins,Electronic / Dance,Drums,by Bassbin Twins (1992)
The Angels Fell,Dillinja,Electronic / Dance,Drums,by Dillinja (1995)
Super Sonic Racing,Richard Jacques,Soundtrack / Library,Drums,by Richard Jacques feat. T.J. Davis (1998)
Super Sonic Racing,T.J. Davis,Soundtrack / Library,Drums,by Richard Jacques feat. T.J. Davis (1998)
Ain't My Type of Hype (House Party Mix),Full Force,Hip-Hop / Rap / R&B,Multiple Elements,"by Full Force feat. Cheryl ""Pepsii"" Riley (1990)"
Ain't My Type of Hype (House Party Mix),"Cheryl ""Pepsii"" Riley",Hip-Hop / Rap / R&B,Multiple Elements,"by Full Force feat. Cheryl ""Pepsii"" Riley (1990)"
Hat 2 Da Back (Remix),TLC,Hip-Hop / Rap / R&B,Drums,by TLC (1993)
All Summer,Dave East,Hip-Hop / Rap / R&B,Multiple Elements,by Dave East (2016)
Who Are the Pimps?,Boogie Down Productions,Hip-Hop / Rap / R&B,Drums,by Boogie Down Productions (1992)
Bokfresh,Richard Jacques,Soundtrack / Library,Drums,by Richard Jacques (2002)
Mega-Mixx II,2 Live Crew,Hip-Hop / Rap / R&B,Multiple Elements,by 2 Live Crew (1988)
Doomsday of Rap,Hijack,Hip-Hop / Rap / R&B,Multiple Elements,by Hijack (1988)
Rhyme of the Century,Wale,Hip-Hop / Rap / R&B,Multiple Elements,by Wale (2005)
Bun and Cheese,Matrix (Breakbeat Hardcore),Electronic / Dance,Drums,by Matrix (Breakbeat Hardcore) (1992)
Move Your Body (Aka Elevation),Xpansions,Electronic / Dance,Drums,by Xpansions (1990)
Ain't Got No Class,Da Lench Mob,Hip-Hop / Rap / R&B,Drums,by Da Lench Mob feat. Cypress Hill (1992)
Ain't Got No Class,Cypress Hill,Hip-Hop / Rap / R&B,Drums,by Da Lench Mob feat. Cypress Hill (1992)
Freelance,Grandmaster Flash,Hip-Hop / Rap / R&B,Drums,by Grandmaster Flash (1986)
Sweet Thing,Mick Jagger,Rock / Pop,Drums,by Mick Jagger (1992)
Gunshotta,Machinedrum,Electronic / Dance,Drums,by Machinedrum (2013)
"Megablast (Hip Hop on Precinct 13) (12"" Version)",Bomb the Bass,Hip-Hop / Rap / R&B,Drums,by Bomb the Bass (1988)
Old School,Busy Bee,Hip-Hop / Rap / R&B,Multiple Elements,by Busy Bee (1988)
M.C.'s Ultra (Part II),Ultramagnetic MC's,Hip-Hop / Rap / R&B,Drums,by Ultramagnetic MC's (1987)
Say Kids What Time Is It?,Coldcut,Electronic / Dance,Drums,by Coldcut (1987)
Hip Hop on Wax - Volume 1,Chuck Chillout,Hip-Hop / Rap / R&B,Drums,by Chuck Chillout (1984)
Way Way Back,Kool Moe Dee,Hip-Hop / Rap / R&B,Hook / Riff,by Kool Moe Dee (1987)
Ace Is in the House,Tone Loc,Hip-Hop / Rap / R&B,Multiple Elements,by Tone Loc (1994)
A Made Up Sound,Source Direct,Electronic / Dance,Drums,by Source Direct (1995)
Big Mama,Pink Guy,Hip-Hop / Rap / R&B,Drums,by Pink Guy (2014)
Lesson 1 (The Pay-Off Mix),Double Dee & Steinski,Hip-Hop / Rap / R&B,Drums,by Double Dee & Steinski (1985)
Headin' to the Light,Manix,Electronic / Dance,Drums,by Manix (1993)
S950tx16wasr10 (Earth Portal Mix),Aphex Twin,Electronic / Dance,Drums,by Aphex Twin (2014)
To the Beat of the Drum (La Luna),The Ethics (Electronic),Electronic / Dance,Drums,by The Ethics (Electronic) (1995)
Mofongo,Action Bronson,Hip-Hop / Rap / R&B,Drums,by Action Bronson feat. Shaz Illyork (2010)
Mofongo,Shaz Illyork,Hip-Hop / Rap / R&B,Drums,by Action Bronson feat. Shaz Illyork (2010)
Cеверное сияние (Severnoe Siyanie),Ivan Dorn,Rock / Pop,Drums,by Ivan Dorn (2012)
Faure,Haruka Nakamura,Hip-Hop / Rap / R&B,Drums,by Haruka Nakamura feat. Uyama Hiroto (2010)
Faure,Uyama Hiroto,Hip-Hop / Rap / R&B,Drums,by Haruka Nakamura feat. Uyama Hiroto (2010)
The Scroll,Raekwon,Hip-Hop / Rap / R&B,Drums,by Raekwon (2011)
Ultrasonic Sound,Hive,Electronic / Dance,Drums,by Hive (1998)
Xhibit A,DJ Premier,Hip-Hop / Rap / R&B,Drums,by DJ Premier (2001)
Who's the Bad Man,Dee Patten,Electronic / Dance,Drums,by Dee Patten (1992)
What's It All About,Run-DMC,Hip-Hop / Rap / R&B,Drums,by Run-DMC (1990)
Love Like This (Remix),Faith Evans,Hip-Hop / Rap / R&B,Drums,by Faith Evans feat. Black Rob (1998)
Love Like This (Remix),Black Rob,Hip-Hop / Rap / R&B,Drums,by Faith Evans feat. Black Rob (1998)
The Dream,Logic,Hip-Hop / Rap / R&B,Drums,by Logic (2009)
The Beginning,Apache,Hip-Hop / Rap / R&B,Drums,by Apache (1992)
Protect Ya Neck,Wu-Tang Clan,Hip-Hop / Rap / R&B,Multiple Elements,by Wu-Tang Clan (1993)
What the Fuck You Want!!,Busta Rhymes,Hip-Hop / Rap / R&B,Multiple Elements,by Busta Rhymes (1998)
Brown Paper Bag,Roni Size,Electronic / Dance,Drums,by Roni Size (1997)
You Can't Dance,LL Cool J,Hip-Hop / Rap / R&B,Drums,by LL Cool J (1985)
Stand Up,Guru,Hip-Hop / Rap / R&B,Multiple Elements,by Guru feat. Damian Marley (2007)
Stand Up,Damian Marley,Hip-Hop / Rap / R&B,Multiple Elements,by Guru feat. Damian Marley (2007)
Make Me Rush,Bass Selective,Electronic / Dance,Drums,by Bass Selective (1992)
Lesson 4,DJ Shadow,Hip-Hop / Rap / R&B,Drums,by DJ Shadow (1991)
Against All Odds,Chase & Status,Electronic / Dance,Drums,by Chase & Status feat. Kano (2008)
Against All Odds,Kano,Electronic / Dance,Drums,by Chase & Status feat. Kano (2008)
Funky,DJ Shadow,Jazz / Blues,Drums,by DJ Shadow and Cut Chemist (2008)
Funky,Cut Chemist,Jazz / Blues,Drums,by DJ Shadow and Cut Chemist (2008)
The Lone Ranger,NWYR,Electronic / Dance,Multiple Elements,by NWYR and W&W (2022)
The Lone Ranger,W&W,Electronic / Dance,Multiple Elements,by NWYR and W&W (2022)
Things That Make You Go Hmmmm...,C+C Music Factory,Electronic / Dance,Drums,by C+C Music Factory feat. Freedom Williams (1990)
Things That Make You Go Hmmmm...,Freedom Williams,Electronic / Dance,Drums,by C+C Music Factory feat. Freedom Williams (1990)
Lesson 3 (History of Hip Hop Mix),Double Dee & Steinski,Electronic / Dance,Multiple Elements,by Double Dee & Steinski (1985)
Live at Union Square,DJ Jazzy Jeff & the Fresh Prince,Hip-Hop / Rap / R&B,Drums,by DJ Jazzy Jeff & the Fresh Prince (1988)
Men at Work,Kool G Rap & DJ Polo,Hip-Hop / Rap / R&B,Multiple Elements,by Kool G Rap & DJ Polo (1989)
Step by Step (Remix),New Kids on the Block,Rock / Pop,Multiple Elements,by New Kids on the Block (1990)
Hip Hop Flashback,Meek Mill,Hip-Hop / Rap / R&B,Multiple Elements,by Meek Mill (2011)
