Wet Dreamz,J. Cole,Hip-Hop / Rap / R&B,Drums,by J. Cole (2014)
Unbelievable,The Notorious B.I.G.,Hip-Hop / Rap / R&B,Drums,by The Notorious B.I.G. (1994)
Top Billin',Audio Two,Hip-Hop / Rap / R&B,Drums,by Audio Two (1987)
The Message,Nas,Hip-Hop / Rap / R&B,Drums,by Nas (1996)
I Can,Nas,Hip-Hop / Rap / R&B,Drums,by Nas (2002)
I Get Around,2Pac,Hip-Hop / Rap / R&B,Drums,by 2Pac feat. Shock G and Money-B (1993)
I Get Around,Shock G,Hip-Hop / Rap / R&B,Drums,by 2Pac feat. Shock G and Money-B (1993)
I Get Around,Money-B,Hip-Hop / Rap / R&B,Drums,by 2Pac feat. Shock G and Money-B (1993)
Ring Ring Ring (Ha Ha Hey),De La Soul,Hip-Hop / Rap / R&B,Drums,by De La Soul (1991)
Around the Way Girl,LL Cool J,Hip-Hop / Rap / R&B,Drums,by LL Cool J (1990)
The Chronic (Intro),Dr. Dre,Hip-Hop / Rap / R&B,Drums,by Dr. Dre feat. Snoop Dogg (1992)
The Chronic (Intro),Snoop Dogg,Hip-Hop / Rap / R&B,Drums,by Dr. Dre feat. Snoop Dogg (1992)
My House,Flo Rida,Hip-Hop / Rap / R&B,Drums,by Flo Rida (2015)
Rebirth of Slick (Cool Like Dat),Digable Planets,Hip-Hop / Rap / R&B,Drums,by Digable Planets (1992)
Jump,Kris Kross,Hip-Hop / Rap / R&B,Drums,by Kris Kross (1992)
That's the Way Love Goes,Janet Jackson,Hip-Hop / Rap / R&B,Drums,by Janet Jackson (1993)
The Bridge,MC Shan,Hip-Hop / Rap / R&B,Drums,by MC Shan (1986)
Fakin Jax,INI,Hip-Hop / Rap / R&B,Drums,by INI feat. Pete Rock (1996)
Fakin Jax,Pete Rock,Hip-Hop / Rap / R&B,Drums,by INI feat. Pete Rock (1996)
Pour Out a Little Liquor,Thug Life,Hip-Hop / Rap / R&B,Drums,by Thug Life (1994)
Wet Dreamz,J. Cole,Hip-Hop / Rap / R&B,Drums,by J. Cole (2014)
Unbelievable,The Notorious B.I.G.,Hip-Hop / Rap / R&B,Drums,by The Notorious B.I.G. (1994)
Top Billin',Audio Two,Hip-Hop / Rap / R&B,Drums,by Audio Two (1987)
The Message,Nas,Hip-Hop / Rap / R&B,Drums,by Nas (1996)
I Can,Nas,Hip-Hop / Rap / R&B,Drums,by Nas (2002)
I Get Around,2Pac,Hip-Hop / Rap / R&B,Drums,by 2Pac feat. Shock G and Money-B (1993)
I Get Around,Shock G,Hip-Hop / Rap / R&B,Drums,by 2Pac feat. Shock G and Money-B (1993)
I Get Around,Money-B,Hip-Hop / Rap / R&B,Drums,by 2Pac feat. Shock G and Money-B (1993)
Ring Ring Ring (Ha Ha Hey),De La Soul,Hip-Hop / Rap / R&B,Drums,by De La Soul (1991)
Around the Way Girl,LL Cool J,Hip-Hop / Rap / R&B,Drums,by LL Cool J (1990)
The Chronic (Intro),Dr. Dre,Hip-Hop / Rap / R&B,Drums,by Dr. Dre feat. Snoop Dogg (1992)
The Chronic (Intro),Snoop Dogg,Hip-Hop / Rap / R&B,Drums,by Dr. Dre feat. Snoop Dogg (1992)
My House,Flo Rida,Hip-Hop / Rap / R&B,Drums,by Flo Rida (2015)
Rebirth of Slick (Cool Like Dat),Digable Planets,Hip-Hop / Rap / R&B,Drums,by Digable Planets (1992)
Jump,Kris Kross,Hip-Hop / Rap / R&B,Drums,by Kris Kross (1992)
That's the Way Love Goes,Janet Jackson,Hip-Hop / Rap / R&B,Drums,by Janet Jackson (1993)
The Bridge,MC Shan,Hip-Hop / Rap / R&B,Drums,by MC Shan (1986)
Fakin Jax,INI,Hip-Hop / Rap / R&B,Drums,by INI feat. Pete Rock (1996)
Fakin Jax,Pete Rock,Hip-Hop / Rap / R&B,Drums,by INI feat. Pete Rock (1996)
Pour Out a Little Liquor,Thug Life,Hip-Hop / Rap / R&B,Drums,by Thug Life (1994)
We Can't Stand These Bitches,Criminal Nation,Hip-Hop / Rap / R&B,Drums,by Criminal Nation (1992)
Os Poderosos,Duck Jam E Nação Hip-Hop,Hip-Hop / Rap / R&B,Drums,by Duck Jam E Nação Hip-Hop (1992)
Les Vrais,Les Little,Hip-Hop / Rap / R&B,Drums,by Les Little (1992)
Last Night a DJ Saved My Life,Cold Jam,Hip-Hop / Rap / R&B,Drums,by Cold Jam feat. Grace (2) (1990)
Last Night a DJ Saved My Life,Grace (2),Hip-Hop / Rap / R&B,Drums,by Cold Jam feat. Grace (2) (1990)
Buddah Nation (Vocal Mix),Buddah Nation,Hip-Hop / Rap / R&B,Drums,by Buddah Nation (1995)
Miss Me,Leikeli47,Hip-Hop / Rap / R&B,Drums,by Leikeli47 (2017)
Because of You (Extended Version),Martin David,Rock / Pop,Drums,by Martin David (1999)
Something in the Air,Promised Land,Rock / Pop,Drums,by Promised Land (1990)
It's Alright Now,Mr. Majestic,Hip-Hop / Rap / R&B,Drums,by Mr. Majestic (1992)
Hop Off the Bandwagon,Da Grip,Hip-Hop / Rap / R&B,Drums,by Da Grip (1993)
Nigga Out the Projects,1-5ive Posse,Hip-Hop / Rap / R&B,Drums,by 1-5ive Posse (1992)
I Gotta Get My Sag On,El Dogg,Hip-Hop / Rap / R&B,Drums,by El Dogg (1994)
The System,Juice With Soul,Hip-Hop / Rap / R&B,Drums,by Juice With Soul (1993)
"The Story of Glory of Castillo, Let's Go! (Rap)",M.C. War Flattop,Hip-Hop / Rap / R&B,Drums,by M.C. War Flattop (1995)
Catch a Riddle,Silent Majority (2),Hip-Hop / Rap / R&B,Drums,by Silent Majority (2) (1994)
"Oh, God (Remix)",Majar Leegue,Hip-Hop / Rap / R&B,Drums,by Majar Leegue (1992)
Dedykacja,Elita Kaliska,Hip-Hop / Rap / R&B,Drums,by Elita Kaliska (2004)
Biker Shorts,16 on Wax,Hip-Hop / Rap / R&B,Drums,by 16 on Wax (1992)
Young Baby Boy,San Quinn,Hip-Hop / Rap / R&B,Drums,by San Quinn (1993)
Racas Differents,Codigo 13,Hip-Hop / Rap / R&B,Drums,by Codigo 13 (1996)
Git on the Mic,Romeo Rich,Hip-Hop / Rap / R&B,Drums,by Romeo Rich (1992)
Bad Meaning Bad,Pizo,Hip-Hop / Rap / R&B,Drums,by Pizo (1995)
Special Thanks,Dangerous Dame,Hip-Hop / Rap / R&B,Drums,by Dangerous Dame (1992)
The River of Dreams (Dub Mix),Annie Addams,Rock / Pop,Drums,by Annie Addams (1993)
Da Real,KSquad,Hip-Hop / Rap / R&B,Drums,by KSquad (1994)
Ruff - N - Tuff,Chapter 3,Hip-Hop / Rap / R&B,Drums,by Chapter 3 (1993)
Phlayva 4 Dem All,Da Phlayva,Hip-Hop / Rap / R&B,Drums,by Da Phlayva (1993)
Gotta Be the Bomb,Dangerous Dame,Hip-Hop / Rap / R&B,Drums,by Dangerous Dame (1992)
Born Suspect,Juice With Soul,Hip-Hop / Rap / R&B,Drums,by Juice With Soul (1993)
Kill or Get Killed,Juice With Soul,Hip-Hop / Rap / R&B,Drums,by Juice With Soul (1993)
We're Here to Play,Tony Scott,Hip-Hop / Rap / R&B,Drums,by Tony Scott (1993)
Freestyle Flowin,Diz,Hip-Hop / Rap / R&B,Drums,by Diz feat. DJ Swift (1994)
Freestyle Flowin,DJ Swift,Hip-Hop / Rap / R&B,Drums,by Diz feat. DJ Swift (1994)
The Future,Prison City Productions,Hip-Hop / Rap / R&B,Drums,by Prison City Productions (1992)
Smoked Out,Kurrupt Thoughtz,Hip-Hop / Rap / R&B,Drums,by Kurrupt Thoughtz (1994)
Bop Scuchie,Reverend Baddo,Reggae / Dub,Drums,by Reverend Baddo (1993)
Seyyed (Descendant of the Prophet),Revolution of the Mind,Hip-Hop / Rap / R&B,Drums,by Revolution of the Mind (2007)
N.P.T. Posse,LA Star,Hip-Hop / Rap / R&B,Drums,by LA Star (1990)
Waada Na Tod,Bally Sagoo,Electronic / Dance,Drums,by Bally Sagoo feat. Ranjana Joglekar (1994)
Waada Na Tod,Ranjana Joglekar,Electronic / Dance,Drums,by Bally Sagoo feat. Ranjana Joglekar (1994)
Brother Wit' Soul,Pryme Tyme,Hip-Hop / Rap / R&B,Drums,by Pryme Tyme (1993)
Lets Get It On,Lac Rippa,Hip-Hop / Rap / R&B,Drums,by Lac Rippa and Scrooge (1995)
Lets Get It On,Scrooge,Hip-Hop / Rap / R&B,Drums,by Lac Rippa and Scrooge (1995)
My Imagination,2 Too Many,Hip-Hop / Rap / R&B,Drums,by 2 Too Many (1992)
Passionate Stare,Crooks of Da Round Table,Hip-Hop / Rap / R&B,Drums,by Crooks of Da Round Table feat. Angel Duss (1998)
Passionate Stare,Angel Duss,Hip-Hop / Rap / R&B,Drums,by Crooks of Da Round Table feat. Angel Duss (1998)
First Move (Underground Demo),Fayze,Hip-Hop / Rap / R&B,Drums,by Fayze feat. Hitler (1991)
First Move (Underground Demo),Hitler,Hip-Hop / Rap / R&B,Drums,by Fayze feat. Hitler (1991)
Hazlo,Sweet (3),Hip-Hop / Rap / R&B,Drums,by Sweet (3) (1990)
Reject Baller Bitch,Mel-Low,Hip-Hop / Rap / R&B,Drums,by Mel-Low (1993)
I Got Talent,Midrange,Hip-Hop / Rap / R&B,Drums,by Midrange (1988)
Flat Feet,Bro. MOST,Hip-Hop / Rap / R&B,Hook / Riff,by Bro. MOST (1991)
Kickin' Real Shit,Gangsta Rhyme Posse,Hip-Hop / Rap / R&B,Drums,by Gangsta Rhyme Posse (1993)
Temptations,Shockmaster Laz,Hip-Hop / Rap / R&B,Vocals / Lyrics,by Shockmaster Laz (1990)
Having Fun,K.J. An Da Fellas,Hip-Hop / Rap / R&B,Drums,by K.J. An Da Fellas (1990)
All Nyte,Dead Prezident$,Hip-Hop / Rap / R&B,Drums,by Dead Prezident$ (1995)
Portrait of a Killer,Criminal Behavior,Hip-Hop / Rap / R&B,Drums,by Criminal Behavior (1993)
L'Ascensore,Ambra,Rock / Pop,Drums,by Ambra (1994)
Take a Trip,D-Moe,Hip-Hop / Rap / R&B,Drums,by D-Moe (1994)
Stop the Crack,Sons of Soul,Hip-Hop / Rap / R&B,Drums,by Sons of Soul (1991)
Movin' Ya,U.G.O.,Hip-Hop / Rap / R&B,Drums,by U.G.O. (1992)
Tap Skinz,Ali Dee,Hip-Hop / Rap / R&B,Drums,by Ali Dee (1993)
The Dream,Step. G,Hip-Hop / Rap / R&B,Drums,by Step. G (1991)
Mr. All a That (Chip Chop Remix),Moe Crazy,Hip-Hop / Rap / R&B,Drums,by Moe Crazy (1993)
1001 Noches,Gerardo,Hip-Hop / Rap / R&B,Drums,by Gerardo (1994)
Pass Days,Khayree,Hip-Hop / Rap / R&B,Drums,by Khayree feat. Moozaliny (1997)
Pass Days,Moozaliny,Hip-Hop / Rap / R&B,Drums,by Khayree feat. Moozaliny (1997)
How You Want It 2 Roll,Mad Dog Clique,Hip-Hop / Rap / R&B,Drums,by Mad Dog Clique (1996)
Intro (Ruff Town Behavior),Poison Clan,Hip-Hop / Rap / R&B,Drums,by Poison Clan (1993)
Guerilla Warfare,7th Sphere,Hip-Hop / Rap / R&B,Drums,by 7th Sphere and Pzaz (1995)
Guerilla Warfare,Pzaz,Hip-Hop / Rap / R&B,Drums,by 7th Sphere and Pzaz (1995)
In the Box (Front Stop Mix),Pure Sinister,Hip-Hop / Rap / R&B,Drums,by Pure Sinister (1992)
Vlijmscherp,Osdorp Posse,Hip-Hop / Rap / R&B,Drums,by Osdorp Posse (1993)
Still in the Mood,The Ripper,Hip-Hop / Rap / R&B,Drums,by The Ripper (1994)
I Care,T.C.F. Crew,Hip-Hop / Rap / R&B,Drums,by T.C.F. Crew (1993)
Chills,Mega Ran,Hip-Hop / Rap / R&B,Drums,by Mega Ran and K-Murdock (2010)
Chills,K-Murdock,Hip-Hop / Rap / R&B,Drums,by Mega Ran and K-Murdock (2010)
Let It Go,Greg G,Hip-Hop / Rap / R&B,Drums,by Greg G feat. E-Money (1994)
Let It Go,E-Money,Hip-Hop / Rap / R&B,Drums,by Greg G feat. E-Money (1994)
My City,Mel-Low,Hip-Hop / Rap / R&B,Drums,by Mel-Low (1995)
Hitting Skin,US Plus 1,Hip-Hop / Rap / R&B,Drums,by US Plus 1 (1992)
Amor Diferente,Kid Power Posse,Hip-Hop / Rap / R&B,Drums,by Kid Power Posse (1992)
Funky as I Wanna Be,Pooh-Man,Hip-Hop / Rap / R&B,Drums,by Pooh-Man (1992)
Ulysess (Cerebral Funk),Compton's Righteous,Hip-Hop / Rap / R&B,Drums,by Compton's Righteous (1991)
Takin Over,El Dogg,Hip-Hop / Rap / R&B,Drums,by El Dogg feat. Dangerous Dame (1992)
Takin Over,Dangerous Dame,Hip-Hop / Rap / R&B,Drums,by El Dogg feat. Dangerous Dame (1992)
Raças Diferentes,Codigo 13,Hip-Hop / Rap / R&B,Drums,by Codigo 13 (1994)
Conspiracy Def-Con's the Name,Conspiracy Def-Con,Hip-Hop / Rap / R&B,Drums,by Conspiracy Def-Con (1991)
Putcha Gun Away,G.O. Ta Ricochet,Hip-Hop / Rap / R&B,Multiple Elements,by G.O. Ta Ricochet (1993)
Da Funky Hobos Got U on Da Run,Two Weary Travelers,Hip-Hop / Rap / R&B,Drums,by Two Weary Travelers (1994)
I Need a Real Man,Tasha (2),Hip-Hop / Rap / R&B,Vocals / Lyrics,by Tasha (2) (1991)
I Like,Red Hot Lover Tone,Hip-Hop / Rap / R&B,Drums,by Red Hot Lover Tone (1992)
Po' Nigga Bluez,The Governor,Hip-Hop / Rap / R&B,Drums,by The Governor and The House Reps (1995)
Po' Nigga Bluez,The House Reps,Hip-Hop / Rap / R&B,Drums,by The Governor and The House Reps (1995)
Co' Rock That Shit,Simply Mac-N,Hip-Hop / Rap / R&B,Drums,by Simply Mac-N (1993)
A Bíblia Tinha Razão,Dj Alpiste,Hip-Hop / Rap / R&B,Drums,by Dj Alpiste (1997)
22 Quick and EZ Ways to Cook a Homosexual,Nitebreed,Hip-Hop / Rap / R&B,Multiple Elements,by Nitebreed (1993)
Blástjarnan (Wagon Christ Remix),Nåid,Electronic / Dance,Vocals / Lyrics,by Nåid (1996)
Murdered Ova Nuttin' (The Grinch & DJ Chameleon Remix),Hoodratz,Hip-Hop / Rap / R&B,Drums,by Hoodratz (1993)
Play That Funky Music (Ultimix),Wild Cherry,Soul / Funk / Disco,Drums,by Wild Cherry (2000)
Come Get 'Em (Remix),Faede,Hip-Hop / Rap / R&B,Drums,by Faede (1995)
Red Bandit Is Here,Red Bandit,Hip-Hop / Rap / R&B,Vocals / Lyrics,by Red Bandit (1990)
Чебоксары,Белые Братья,Hip-Hop / Rap / R&B,Drums,by Белые Братья (1998)
Straight Like Dat,Philly Dot,Hip-Hop / Rap / R&B,Drums,by Philly Dot (1999)
Verbal Warfare,Da Halrazzers,Hip-Hop / Rap / R&B,Drums,by Da Halrazzers (1998)
Johnny Oreo,The Brother/hood Nation,Hip-Hop / Rap / R&B,Drums,by The Brother/hood Nation (1992)
How We Feel,Dead Prezident$,Hip-Hop / Rap / R&B,Drums,by Dead Prezident$ (1995)
Duermevela,Amistades Peligrosas,Rock / Pop,Drums,by Amistades Peligrosas (1991)
Apple Juice,The Boys,Hip-Hop / Rap / R&B,Drums,by The Boys (1992)
Momma,Beastside Crew,Hip-Hop / Rap / R&B,Drums,by Beastside Crew (1994)
Give It to Me,4 Keeps,Soul / Funk / Disco,Drums,by 4 Keeps (1994)
All Day Every Day,San Quinn,Hip-Hop / Rap / R&B,Drums,by San Quinn (1995)
(Ez) Bak It Up,Pesos,Hip-Hop / Rap / R&B,Drums,by Pesos (1990)
Side a (Ultimate Battle Weapon Vol. 5),DJ Rectangle,Hip-Hop / Rap / R&B,Drums,by DJ Rectangle (2002)
Universal Soliderz,Deep in Da Circle,Hip-Hop / Rap / R&B,Drums,by Deep in Da Circle feat. Splyt Decision (1999)
Universal Soliderz,Splyt Decision,Hip-Hop / Rap / R&B,Drums,by Deep in Da Circle feat. Splyt Decision (1999)
Since You Been Gone,Linear,Rock / Pop,Drums,by Linear (1992)
Cool,King Ra-Sean,Hip-Hop / Rap / R&B,Vocals / Lyrics,by King Ra-Sean (1993)
Da' Pleasure Dome,J. Watt & Deuce,Hip-Hop / Rap / R&B,Drums,by J. Watt & Deuce (1991)
The Sounds of the 70's Medley,Les Massengale,Soul / Funk / Disco,Drums,by Les Massengale (1994)
E F F E C T,Greenhouse,Hip-Hop / Rap / R&B,Drums,by Greenhouse (2013)
We Give Knockouts,Pure Dee Funk,Hip-Hop / Rap / R&B,Drums,by Pure Dee Funk (1994)
Lesson 89,89 Skratch Gangstaz,Hip-Hop / Rap / R&B,Drums,by 89 Skratch Gangstaz (2001)
Introduction,London Funk Allstars,Hip-Hop / Rap / R&B,Drums,by London Funk Allstars (1996)
Immagina Che Bello,Ambra,Rock / Pop,Drums,by Ambra (1994)
What You Sayin' (Raggamuffunkin),C-Funk,Hip-Hop / Rap / R&B,Drums,by C-Funk (1992)
Switch Out,Hard Headed,Hip-Hop / Rap / R&B,Hook / Riff,by Hard Headed (1992)
PSA (Keep a Pack in Ya Purse),Taalam,Hip-Hop / Rap / R&B,Drums,by Taalam (1992)
Schowani Za Murem,Schowani Za Murem,Hip-Hop / Rap / R&B,Drums,by Schowani Za Murem (1999)
Greatest MCs,The Nobodies,Hip-Hop / Rap / R&B,Drums,by The Nobodies (1997)
It's So Smooth,BP (Hip-Hop Group),Hip-Hop / Rap / R&B,Drums,by BP (Hip-Hop Group) (1990)
Murder Zone,J-Bone,Hip-Hop / Rap / R&B,Drums,by J-Bone (1993)
If I Could Read Your Mind,Freeze (13),Hip-Hop / Rap / R&B,Drums,by Freeze (13) (1991)
Het Ondergrondse Netwerk,Osdorp Posse,Hip-Hop / Rap / R&B,Drums,by Osdorp Posse (1993)
Flava You Can Taste,Kid Sensation,Hip-Hop / Rap / R&B,Drums,by Kid Sensation (1993)
Keeper of the Funk,Steady B,Hip-Hop / Rap / R&B,Drums,by Steady B (1991)
Take the Cake,Lord Digga,Hip-Hop / Rap / R&B,Drums,by Lord Digga (2008)
A Man Is a Man,Capital Cee,Hip-Hop / Rap / R&B,Drums,by Capital Cee (1992)
Cztery,Kaliber 44,Hip-Hop / Rap / R&B,Drums,by Kaliber 44 (2000)
Dwa,Kaliber 44,Hip-Hop / Rap / R&B,Drums,by Kaliber 44 (2000)
Liv-N-Let Dye,MC Lõc,Hip-Hop / Rap / R&B,Drums,by MC Lõc (1994)
Tonite,The Boys,Hip-Hop / Rap / R&B,Drums,by The Boys (1992)
199,Assalti Frontali,Hip-Hop / Rap / R&B,Drums,by Assalti Frontali (1992)
Ya Brother Does,The Real Roxanne,Hip-Hop / Rap / R&B,Drums,by The Real Roxanne (1992)
Salir Contigo,Siete-7 Black,Hip-Hop / Rap / R&B,Drums,by Siete-7 Black (1994)
Trzy,Kaliber 44,Hip-Hop / Rap / R&B,Drums,by Kaliber 44 (2000)
Il Viaggio Di Biancaneve,Bassi Maestro,Hip-Hop / Rap / R&B,Drums,by Bassi Maestro (1992)
Tuff Rinse,Plug,Electronic / Dance,Drums,by Plug (1995)
Días De Buscavidas,Nazión Sur,Hip-Hop / Rap / R&B,Drums,by Nazión Sur (1994)
Keep Steppin',PG-13,Hip-Hop / Rap / R&B,Drums,by PG-13 (1990)
Lost M.C.'s,Shades of Reality,Hip-Hop / Rap / R&B,Drums,by Shades of Reality (1994)
Freeride,Street Mentality,Hip-Hop / Rap / R&B,Drums,by Street Mentality (1992)
Rhoda,Vibe & Sond,Hip-Hop / Rap / R&B,Drums,by Vibe & Sond (1992)
The Edge,Ali Vegas,Hip-Hop / Rap / R&B,Drums,by Ali Vegas (2004)
"Acércate, Mírame Y Dime",Nazión Sur,Hip-Hop / Rap / R&B,Drums,by Nazión Sur (1993)
Con 40 De Fiebre,Nazión Sur,Hip-Hop / Rap / R&B,Drums,by Nazión Sur (1994)
Cold Sweat,A.N.M.,Hip-Hop / Rap / R&B,Drums,by A.N.M. (1991)
Bring It Too Me,Collective Thoughts,Hip-Hop / Rap / R&B,Drums,by Collective Thoughts (1993)
California Cruiser,Rodney O and Joe Cooley,Hip-Hop / Rap / R&B,Drums,by Rodney O and Joe Cooley (1993)
Pink Panties,Watts Riot,Hip-Hop / Rap / R&B,Drums,by Watts Riot (1993)
Listen Closely,Tam Rock & E.Q.,Hip-Hop / Rap / R&B,Drums,by Tam Rock & E.Q. (1992)
Return,Phil Joel,Rock / Pop,Multiple Elements,by Phil Joel (2004)
Intro (39 Y Subiendo),Nazión Sur,Hip-Hop / Rap / R&B,Drums,by Nazión Sur (1994)
Crazy Type of Flow,Da New,Hip-Hop / Rap / R&B,Drums,by Da New (1992)
Flava That You Can Taste,Kid Sensation,Hip-Hop / Rap / R&B,Drums,by Kid Sensation (1993)
Out on Parole,The Almighty RSO,Hip-Hop / Rap / R&B,Drums,by The Almighty RSO (1994)
Hypothalamus,Mr. Dibbs,Hip-Hop / Rap / R&B,Drums,by Mr. Dibbs (1998)
I Love Them All,Supreme NYborn,Hip-Hop / Rap / R&B,Drums,by Supreme NYborn (1991)
This Is the Year of Livin' Dangerously,Metaphor Ambassadors Demand,Hip-Hop / Rap / R&B,Drums,by Metaphor Ambassadors Demand (1992)
C'est Défoulant,Moda Et Dan,Hip-Hop / Rap / R&B,Drums,by Moda Et Dan (1995)
All in Na' Style,39 Stepz,Hip-Hop / Rap / R&B,Drums,by 39 Stepz (1993)
Great Depression,MC Breed,Hip-Hop / Rap / R&B,Vocals / Lyrics,by MC Breed (1992)
Move to This,Frankie the Pacemaker,Hip-Hop / Rap / R&B,Drums,by Frankie the Pacemaker (1993)
Outstanding,A.P.G. Crew,Hip-Hop / Rap / R&B,Drums,by A.P.G. Crew (1991)
Back to Jail,M.O.B (Massive of Brooklyn),Hip-Hop / Rap / R&B,Drums,by M.O.B (Massive of Brooklyn) (1993)
California Livin (Mob Mix),Mac Dre,Hip-Hop / Rap / R&B,Drums,by Mac Dre feat. Coolio Da Unda Dogg and The MAC (2013)
California Livin (Mob Mix),Coolio Da Unda Dogg,Hip-Hop / Rap / R&B,Drums,by Mac Dre feat. Coolio Da Unda Dogg and The MAC (2013)
California Livin (Mob Mix),The MAC,Hip-Hop / Rap / R&B,Drums,by Mac Dre feat. Coolio Da Unda Dogg and The MAC (2013)
Hip Hop & Rap,Da Homlez,Hip-Hop / Rap / R&B,Drums,by Da Homlez (1995)
"Larry, That's What They Call Me",Larry Larr,Hip-Hop / Rap / R&B,Hook / Riff,by Larry Larr (1991)
People,Ice MC,Electronic / Dance,Drums,by Ice MC (1991)
What's Up Sweetness,Men of Respect,Hip-Hop / Rap / R&B,Drums,by Men of Respect (1992)
Autumn Love,Lo-Key?,Hip-Hop / Rap / R&B,Drums,by Lo-Key? (1992)
La Loi Du Silence (Suspects Usuels),Mafia Trece,Hip-Hop / Rap / R&B,Drums,by Mafia Trece (1997)
Rigmarole,College Boyz,Hip-Hop / Rap / R&B,Drums,by College Boyz (1992)
Break 'Em Off,Anthony Wayne,Hip-Hop / Rap / R&B,Drums,by Anthony Wayne (1993)
Your Luvin',F.S. Effect,Hip-Hop / Rap / R&B,Drums,by F.S. Effect (1991)
Something to Say,M.O.B (Massive of Brooklyn),Hip-Hop / Rap / R&B,Multiple Elements,by M.O.B (Massive of Brooklyn) (1993)
5 Minutes of Doom,The Almighty RSO,Hip-Hop / Rap / R&B,Drums,by The Almighty RSO (1994)
Ride With a G,Roccett,Hip-Hop / Rap / R&B,Multiple Elements,by Roccett (2009)
2 Hands & a Razorblade,Spice 1,Hip-Hop / Rap / R&B,Drums,by Spice 1 (1997)
Listen to the Rhythm (Of the Drum and the Bass),Allstar Fresh,Hip-Hop / Rap / R&B,Multiple Elements,by Allstar Fresh and B.C. Boy (1988)
Listen to the Rhythm (Of the Drum and the Bass),B.C. Boy,Hip-Hop / Rap / R&B,Multiple Elements,by Allstar Fresh and B.C. Boy (1988)
Sex Machine,True Hustlers (Michigan),Hip-Hop / Rap / R&B,Drums,by True Hustlers (Michigan) (1993)
Stretcher,The DCP Organization,Hip-Hop / Rap / R&B,Drums,by The DCP Organization (1993)
Brand Name Woman,X-Caliber (2),Hip-Hop / Rap / R&B,Drums,by X-Caliber (2) (1998)
Bad Muthafucka,Poetry-N-Motion,Hip-Hop / Rap / R&B,Drums,by Poetry-N-Motion (1993)
Side B,DJ Q-Bert,Hip-Hop / Rap / R&B,Drums,by DJ Q-Bert (1995)
Deliverance,Xtracts of Slang,Hip-Hop / Rap / R&B,Drums,by Xtracts of Slang (1997)
Bigger Da Betta,Hi-C,Hip-Hop / Rap / R&B,Drums,by Hi-C (1993)
Too Much Information (4:30am Twirl Mix),Duran Duran,Rock / Pop,Drums,by Duran Duran (1993)
Dreams of Torture,Chris Styles,Hip-Hop / Rap / R&B,Drums,by Chris Styles (1995)
Getcha Grind On,Hi-C,Hip-Hop / Rap / R&B,Drums,by Hi-C (1993)
Mis Palabras,Eskilz,Hip-Hop / Rap / R&B,Drums,by Eskilz (2010)
Кому Ты Веришь?,Кирпичи,Hip-Hop / Rap / R&B,Drums,by Кирпичи (2002)
Buda Sparks,Buda Hedz,Hip-Hop / Rap / R&B,Drums,by Buda Hedz (1994)
I Need You,Jah Condah,Electronic / Dance,Drums,by Jah Condah (2009)
Shake That Booty,The Original Point Blank,Hip-Hop / Rap / R&B,Drums,by The Original Point Blank (1993)
Step Off,Mysyenceprojek,Hip-Hop / Rap / R&B,Drums,by Mysyenceprojek (1994)
Black or Ya White,The Posse NFX,Hip-Hop / Rap / R&B,Drums,by The Posse NFX (1991)
The Man W/Soul,Lyrical King,Hip-Hop / Rap / R&B,Drums,"by Lyrical King feat. D.J. Squally ""D"" (1992)"
The Man W/Soul,"D.J. Squally ""D""",Hip-Hop / Rap / R&B,Drums,"by Lyrical King feat. D.J. Squally ""D"" (1992)"
Bonus Track,Dru Down,Hip-Hop / Rap / R&B,Drums,by Dru Down feat. Luniz (1994)
Bonus Track,Luniz,Hip-Hop / Rap / R&B,Drums,by Dru Down feat. Luniz (1994)
Gun in Your Hand,A.B.U. Nation,Hip-Hop / Rap / R&B,Drums,by A.B.U. Nation (1994)
T.L.C.,Linear,Rock / Pop,Drums,by Linear (1992)
Principi Fondamentali Della Filosofia Cronica,Fritz Da Cat,Hip-Hop / Rap / R&B,Drums,by Fritz Da Cat feat. Yoshi Torenaga (1997)
Principi Fondamentali Della Filosofia Cronica,Yoshi Torenaga,Hip-Hop / Rap / R&B,Drums,by Fritz Da Cat feat. Yoshi Torenaga (1997)
Really Don't Want It,The 45 King,Hip-Hop / Rap / R&B,Drums,by The 45 King feat. Lakim Shabazz (2005)
Really Don't Want It,Lakim Shabazz,Hip-Hop / Rap / R&B,Drums,by The 45 King feat. Lakim Shabazz (2005)
Knockin' Hiney,Barsha,Hip-Hop / Rap / R&B,Drums,by Barsha (1990)
Break It,Sonya C,Hip-Hop / Rap / R&B,Drums,by Sonya C (1993)
My World,DMS (Hip-Hop Trio),Hip-Hop / Rap / R&B,Drums,by DMS (Hip-Hop Trio) (1994)
I Like It,Original Flavor,Hip-Hop / Rap / R&B,Drums,by Original Flavor (1992)
Hustlin' 4 Life,Suga T,Hip-Hop / Rap / R&B,Drums,by Suga T feat. The Conscious Daughters (1996)
Hustlin' 4 Life,The Conscious Daughters,Hip-Hop / Rap / R&B,Drums,by Suga T feat. The Conscious Daughters (1996)
Bang Bang Boogie (Street Life Remix),DBG'z,Hip-Hop / Rap / R&B,Drums,by DBG'z (1994)
Just Enough,Terranova,Electronic / Dance,Drums,by Terranova (1999)
Catch a Contact,Loon-E-Toon,Hip-Hop / Rap / R&B,Drums,by Loon-E-Toon and DJ Mike T (1993)
Catch a Contact,DJ Mike T,Hip-Hop / Rap / R&B,Drums,by Loon-E-Toon and DJ Mike T (1993)
La Risa Del Diablo,Los Tetas,Hip-Hop / Rap / R&B,Drums,by Los Tetas (1995)
Nervoso,Mauro Repetto,World / Latin,Drums,by Mauro Repetto (1995)
Tearshitup,L. R.O.C.K.,Hip-Hop / Rap / R&B,Drums,by L. R.O.C.K. (1990)
Funky Beat Flow,Mastaplann,Hip-Hop / Rap / R&B,Drums,by Mastaplann (1994)
Track 9,DJ Q-Bert,Hip-Hop / Rap / R&B,Multiple Elements,by DJ Q-Bert (1994)
Word to the Wise (Funk Swing Mix),Doctor Ice,Hip-Hop / Rap / R&B,Drums,by Doctor Ice (1990)
Rap Warz (Nasty Street Mix),Newark Anonymous Clik,Hip-Hop / Rap / R&B,Drums,by Newark Anonymous Clik (1999)
Close to You,Father MC,Hip-Hop / Rap / R&B,Drums,by Father MC (1992)
Shed,Macy Gray,Hip-Hop / Rap / R&B,Drums,by Macy Gray (2001)
Giz Starts Buggin',Audio Two,Hip-Hop / Rap / R&B,Drums,by Audio Two (1988)
Ho,4 Deep,Hip-Hop / Rap / R&B,Drums,by 4 Deep (1993)
Not U Again,Brothers Uv Da Blakmarket,Hip-Hop / Rap / R&B,Drums,by Brothers Uv Da Blakmarket (1992)
I'm Gettin Mine,T La Rock,Hip-Hop / Rap / R&B,Drums,by T La Rock (1989)
One Deep,Proper Dos,Hip-Hop / Rap / R&B,Drums,by Proper Dos (1995)
Przejmujemy Majka a.k.a. Kto Stoi Przy Majku?,Prawdziwie Wolski Styl,Hip-Hop / Rap / R&B,Drums,by Prawdziwie Wolski Styl (2012)
The Late Show,Scha Dara Parr,Hip-Hop / Rap / R&B,Bass,by Scha Dara Parr (1995)
All I Wanna Do,Y?N-Vee,Hip-Hop / Rap / R&B,Drums,by Y?N-Vee (1994)
Knock Knock (Nasty Mix),Too Krazy,Hip-Hop / Rap / R&B,Drums,by Too Krazy (1993)
Hit List,Rodney O and Joe Cooley,Hip-Hop / Rap / R&B,Multiple Elements,by Rodney O and Joe Cooley (1991)
Hypest From Cypress,Mellow Man Ace,Hip-Hop / Rap / R&B,Drums,by Mellow Man Ace feat. Cypress Hill (1992)
Hypest From Cypress,Cypress Hill,Hip-Hop / Rap / R&B,Drums,by Mellow Man Ace feat. Cypress Hill (1992)
Keleti Oldal,Dopeman,Hip-Hop / Rap / R&B,Drums,by Dopeman (1997)
Ill Murder Epic,E.C Illa,Hip-Hop / Rap / R&B,Drums,by E.C Illa (1994)
Phatt Fluid Mix 2,Crime,Hip-Hop / Rap / R&B,Drums,by Crime (1994)
Mellow Beat,D.A.M.N.,Hip-Hop / Rap / R&B,Drums,by D.A.M.N. (1991)
Return of the Product,MC Serch,Hip-Hop / Rap / R&B,Drums,by MC Serch (1992)
It's Not About Romance,Inner Circle,Reggae / Dub,Drums,by Inner Circle (1996)
Radio's Nightmare,MC Lyte,Hip-Hop / Rap / R&B,Drums,by MC Lyte (1998)
Fuck What Ya Heard,Joint Ventures,Hip-Hop / Rap / R&B,Drums,by Joint Ventures (1993)
Summer Breeze,A.L.T.,Hip-Hop / Rap / R&B,Drums,by A.L.T. (1992)
Pass It On,Everlast,Hip-Hop / Rap / R&B,Multiple Elements,by Everlast (1989)
Like That Chall,D-Styles,Hip-Hop / Rap / R&B,Drums,by D-Styles (2002)
No Place to Go,1st Down,Hip-Hop / Rap / R&B,Drums,by 1st Down (1992)
Y'All Chickens Make Me Laugh,Paula Perry,Hip-Hop / Rap / R&B,Drums,by Paula Perry (2000)
Mia Bella Signorina,Knez,Rock / Pop,Drums,by Knez (1997)
Open Up Your Heart (And Let the Sunshine In) (Radio Premier Rap),Premier (3),Reggae / Dub,Drums,by Premier (3) feat. Marquise (1994)
Open Up Your Heart (And Let the Sunshine In) (Radio Premier Rap),Marquise,Reggae / Dub,Drums,by Premier (3) feat. Marquise (1994)
Broakland III,Grip Grand,Hip-Hop / Rap / R&B,Drums,by Grip Grand (2002)
Human Nature,C.J. Lewis,Hip-Hop / Rap / R&B,Drums,by C.J. Lewis (1994)
No Rest,Grand Agent,Hip-Hop / Rap / R&B,Drums,by Grand Agent (2003)
Ain't No Panickin',Abadaba & Tha Sonz of Harlem,Hip-Hop / Rap / R&B,Drums,by Abadaba & Tha Sonz of Harlem (1993)
Nappy Head N Saggy Jeans,Strugglin Souls,Hip-Hop / Rap / R&B,Vocals / Lyrics,by Strugglin Souls (1992)
Track 10,DJ Q-Bert,Hip-Hop / Rap / R&B,Multiple Elements,by DJ Q-Bert (1994)
Much Love to the Hood,Sic Side Mobb,Hip-Hop / Rap / R&B,Drums,by Sic Side Mobb (1998)
I'd Love 2,Little Shawn,Hip-Hop / Rap / R&B,Drums,by Little Shawn (1992)
Sad New Day,Me Phi Me,Hip-Hop / Rap / R&B,Drums,by Me Phi Me (1992)
White Collar Crime,The Lost Trybe of Hip-Hop,Hip-Hop / Rap / R&B,Drums,by The Lost Trybe of Hip-Hop (1996)
Doing It for the Money,The Aloof,Electronic / Dance,Drums,by The Aloof (1999)
She's Got Me Eating (P___sy),Kilo,Hip-Hop / Rap / R&B,Multiple Elements,by Kilo (1992)
Gettin High,Cold World Hustlers,Hip-Hop / Rap / R&B,Drums,by Cold World Hustlers (1993)
I Want You to Be My Girl,Red Bandit,Hip-Hop / Rap / R&B,Drums,by Red Bandit (1990)
Trippin' Out,Dougie Dee,Hip-Hop / Rap / R&B,Drums,by Dougie Dee (1993)
"Getta Grip, Take a Sip",Kool G Rap,Hip-Hop / Rap / R&B,Multiple Elements,"by Kool G Rap, DJ Pooh and Sir Jinx (2002)"
"Getta Grip, Take a Sip",DJ Pooh,Hip-Hop / Rap / R&B,Multiple Elements,"by Kool G Rap, DJ Pooh and Sir Jinx (2002)"
"Getta Grip, Take a Sip",Sir Jinx,Hip-Hop / Rap / R&B,Multiple Elements,"by Kool G Rap, DJ Pooh and Sir Jinx (2002)"
We Got the Jam,The Power of Two,Hip-Hop / Rap / R&B,Drums,by The Power of Two and The No Joke Crew (1987)
We Got the Jam,The No Joke Crew,Hip-Hop / Rap / R&B,Drums,by The Power of Two and The No Joke Crew (1987)
Hip Hop Holiday,3 the Hard Way,Hip-Hop / Rap / R&B,Drums,by 3 the Hard Way feat. Bobbylon (1994)
Hip Hop Holiday,Bobbylon,Hip-Hop / Rap / R&B,Drums,by 3 the Hard Way feat. Bobbylon (1994)
Ladies Can I Have Your Attention,C$ Money & DJ Chase,Hip-Hop / Rap / R&B,Drums,by C$ Money & DJ Chase (1989)
Blueballs-n-Biggiesmalls,Guttt Control,Hip-Hop / Rap / R&B,Drums,by Guttt Control (1993)
Countless Thoughts,Lace Da Booms,Hip-Hop / Rap / R&B,Multiple Elements,by Lace Da Booms (1998)
Police Brutality,Black Star (2),Hip-Hop / Rap / R&B,Drums,by Black Star (2) (1993)
Tha Last Word,DJ Quik,Hip-Hop / Rap / R&B,Drums,by DJ Quik (1992)
No Love,40 Glocc,Hip-Hop / Rap / R&B,Drums,"by 40 Glocc feat. Tip Toe, Village Boo and Duffle (2012)"
No Love,Tip Toe,Hip-Hop / Rap / R&B,Drums,"by 40 Glocc feat. Tip Toe, Village Boo and Duffle (2012)"
No Love,Village Boo,Hip-Hop / Rap / R&B,Drums,"by 40 Glocc feat. Tip Toe, Village Boo and Duffle (2012)"
No Love,Duffle,Hip-Hop / Rap / R&B,Drums,"by 40 Glocc feat. Tip Toe, Village Boo and Duffle (2012)"
Back at It Again,Poetic Intelligence,Hip-Hop / Rap / R&B,Multiple Elements,"by Poetic Intelligence, Stormy Knight, S.P. and Jamz Dean (2012)"
Back at It Again,Stormy Knight,Hip-Hop / Rap / R&B,Multiple Elements,"by Poetic Intelligence, Stormy Knight, S.P. and Jamz Dean (2012)"
Back at It Again,S.P.,Hip-Hop / Rap / R&B,Multiple Elements,"by Poetic Intelligence, Stormy Knight, S.P. and Jamz Dean (2012)"
Back at It Again,Jamz Dean,Hip-Hop / Rap / R&B,Multiple Elements,"by Poetic Intelligence, Stormy Knight, S.P. and Jamz Dean (2012)"
Wreckx Shop (Jamaica Mix),Wreckx-N-Effect,Hip-Hop / Rap / R&B,Drums,by Wreckx-N-Effect (1992)
Ebony Sea,Soulstice (Rapper),Hip-Hop / Rap / R&B,Drums,by Soulstice (Rapper) (2003)
Bumpin' (Adaptation of Humpin'),Paperboy,Hip-Hop / Rap / R&B,Drums,by Paperboy (1992)
Call Me a Mack (Mack Mix),Usher,Hip-Hop / Rap / R&B,Drums,by Usher (1993)
Let's Get Hyped,J.J. Fad,Hip-Hop / Rap / R&B,Drums,by J.J. Fad (1988)
Blak Iz a Poet,Penthouse Players Clique,Hip-Hop / Rap / R&B,Drums,by Penthouse Players Clique (1992)
Rhythm X,Kool Keith,Hip-Hop / Rap / R&B,Multiple Elements,by Kool Keith (1990)
Funk Radio,Ultramagnetic Foundation,Hip-Hop / Rap / R&B,Drums,by Ultramagnetic Foundation (2010)
Getting Closer,Tatyana Ali,Hip-Hop / Rap / R&B,Drums,by Tatyana Ali feat. Kel Spencer (1999)
Getting Closer,Kel Spencer,Hip-Hop / Rap / R&B,Drums,by Tatyana Ali feat. Kel Spencer (1999)
Dope Man's Bitch,Darkset,Hip-Hop / Rap / R&B,Drums,by Darkset (1993)
Coney Island,Sham & the Professor,Hip-Hop / Rap / R&B,Drums,by Sham & the Professor (1992)
I Need Some Blow,Chubb Rock,Hip-Hop / Rap / R&B,Drums,by Chubb Rock (1992)
Face Before the Pookie,Raw Material,Hip-Hop / Rap / R&B,Drums,by Raw Material (1993)
The Old School Day Trip,DJ X-Rated,Hip-Hop / Rap / R&B,Multiple Elements,by DJ X-Rated (2003)
Last Night a DJ Saved My Life,Club Idol,Electronic / Dance,Drums,by Club Idol (1990)
E' Sempre La Stessa Canzone Che Va,Jovanotti,Hip-Hop / Rap / R&B,Drums,by Jovanotti (1991)
Miss Lee (F.U.),Resident Alien,Hip-Hop / Rap / R&B,Drums,by Resident Alien (1991)
Sendiri,RINTONY THE EMCEE,Hip-Hop / Rap / R&B,Drums,by RINTONY THE EMCEE (2019)
I'm the Other Woman,Poizon Posse,Hip-Hop / Rap / R&B,Drums,by Poizon Posse feat. Sweet Tee (1993)
I'm the Other Woman,Sweet Tee,Hip-Hop / Rap / R&B,Drums,by Poizon Posse feat. Sweet Tee (1993)
"10,000 Hits",Princess Superstar,Electronic / Dance,Drums,by Princess Superstar (2005)
Stop Podatki,Krzysztof Skiba,Hip-Hop / Rap / R&B,Drums,by Krzysztof Skiba feat. Janusz Korwin-Mikke (1998)
Stop Podatki,Janusz Korwin-Mikke,Hip-Hop / Rap / R&B,Drums,by Krzysztof Skiba feat. Janusz Korwin-Mikke (1998)
Helluva (B. Boy Club Mix),Brotherhood Creed,Hip-Hop / Rap / R&B,Drums,by Brotherhood Creed (1992)
Zooted,Paperboy,Hip-Hop / Rap / R&B,Drums,by Paperboy feat. Rhythm D (1992)
Zooted,Rhythm D,Hip-Hop / Rap / R&B,Drums,by Paperboy feat. Rhythm D (1992)
It's the Resident Alien,Resident Alien,Hip-Hop / Rap / R&B,Drums,by Resident Alien (1991)
Back to Reality (Marley's Mix),Intelligent Hoodlum,Hip-Hop / Rap / R&B,Drums,by Intelligent Hoodlum (1990)
"Had Enuf? (12"" Version)",Al B. Sure!,Hip-Hop / Rap / R&B,Multiple Elements,by Al B. Sure! (1990)
Do It Again,Smooth Ice,Hip-Hop / Rap / R&B,Drums,by Smooth Ice (1990)
Make It Better,Lone Catalysts,Hip-Hop / Rap / R&B,Drums,by Lone Catalysts (2007)
Lockdown,Nice & Smooth,Hip-Hop / Rap / R&B,Drums,by Nice & Smooth (1997)
Middle Passage,Da Great Deity Dah,Hip-Hop / Rap / R&B,Drums,by Da Great Deity Dah feat. Mystical Pharaohs (1996)
Middle Passage,Mystical Pharaohs,Hip-Hop / Rap / R&B,Drums,by Da Great Deity Dah feat. Mystical Pharaohs (1996)
I'm Not Your Puppet,Hi-C,Hip-Hop / Rap / R&B,Drums,by Hi-C (1991)
Memories,Reppop,Hip-Hop / Rap / R&B,Drums,by Reppop (2019)
Hawaii-i Nyár,Animal Cannibals,Hip-Hop / Rap / R&B,Drums,by Animal Cannibals (1996)
Bigs Up,Gotham Kidz,Hip-Hop / Rap / R&B,Drums,by Gotham Kidz (1996)
Back to the Hip-Hop (Classic Mix),The Troubleneck Brothers,Hip-Hop / Rap / R&B,Drums,by The Troubleneck Brothers (1994)
ESW (Evil Nine Edit),Bassbin Twins,Electronic / Dance,Drums,by Bassbin Twins (2006)
Trippin' Tranquilo,De Puta Madre,Hip-Hop / Rap / R&B,Drums,by De Puta Madre (1995)
The New Tetris,Neil D. Voss,Soundtrack / Library,Drums,by Neil D. Voss (1999)
Monkey See Monkey Do,Sonic Boom Six,Reggae / Dub,Drums,by Sonic Boom Six (2005)
I Am What You Want,Father MC,Hip-Hop / Rap / R&B,Drums,by Father MC (1995)
Time to the Groove,DJ Cuca,Hip-Hop / Rap / R&B,Drums,by DJ Cuca (1993)
2 Black 2 Strong,2 Black 2 Strong MMG,Hip-Hop / Rap / R&B,Drums,by 2 Black 2 Strong MMG (1991)
Smack,Zion I,Hip-Hop / Rap / R&B,Drums,by Zion I and The Grouch (2006)
Smack,The Grouch,Hip-Hop / Rap / R&B,Drums,by Zion I and The Grouch (2006)
Can This Be Real (Remix),King Tee,Hip-Hop / Rap / R&B,Drums,by King Tee (1990)
Doper Than Dope,Salt-N-Pepa,Hip-Hop / Rap / R&B,Drums,by Salt-N-Pepa (1990)
Transform,Akira Yamaoka,Soundtrack / Library,Drums,by Akira Yamaoka (1998)
Mentality,Greer,Hip-Hop / Rap / R&B,Drums,by Greer (1996)
The Love Song (45 King's Remix),Da Bush Babees,Hip-Hop / Rap / R&B,Multiple Elements,by Da Bush Babees feat. Mos Def (1998)
The Love Song (45 King's Remix),Mos Def,Hip-Hop / Rap / R&B,Multiple Elements,by Da Bush Babees feat. Mos Def (1998)
Gimme the Grip of the Funk,Party à La Mazon,Hip-Hop / Rap / R&B,Drums,by Party à La Mazon (1993)
Lifestyles of the Rich and Infamous (Remix),Ice-T,Hip-Hop / Rap / R&B,Vocals / Lyrics,by Ice-T (1991)
Ese Ride,L.S.D. (Lyrical Sound Dealers),Hip-Hop / Rap / R&B,Drums,by L.S.D. (Lyrical Sound Dealers) (1995)
We Moeten Door,Osdorp Posse,Hip-Hop / Rap / R&B,Drums,by Osdorp Posse (2008)
Βλακειάδα 2004,Βαβυλώνα,Hip-Hop / Rap / R&B,Drums,by Βαβυλώνα (1997)
Kezeketamagasba,Animal Cannibals,Hip-Hop / Rap / R&B,Drums,by Animal Cannibals (1995)
Muscles,Bonnie Banane,Hip-Hop / Rap / R&B,Drums,by Bonnie Banane (2012)
Non-Believers (Interlude),Montell Jordan,Hip-Hop / Rap / R&B,Drums,by Montell Jordan feat. Shaunta (1996)
Non-Believers (Interlude),Shaunta,Hip-Hop / Rap / R&B,Drums,by Montell Jordan feat. Shaunta (1996)
Where Ya Crew?,Mr. Rozzi,Hip-Hop / Rap / R&B,Drums,by Mr. Rozzi and Shef Seenya (2000)
Where Ya Crew?,Shef Seenya,Hip-Hop / Rap / R&B,Drums,by Mr. Rozzi and Shef Seenya (2000)
Donkeys Dig the Wu!,Wrath of Donkey Man,Hip-Hop / Rap / R&B,Drums,by Wrath of Donkey Man (1996)
Cuerpo Y Alma,Seo2,Hip-Hop / Rap / R&B,Drums,by Seo2 feat. Juan Sativo (2010)
Cuerpo Y Alma,Juan Sativo,Hip-Hop / Rap / R&B,Drums,by Seo2 feat. Juan Sativo (2010)
Swing It to the Area,UMC's,Hip-Hop / Rap / R&B,Drums,by UMC's (1991)
The Motions,Mutt,Electronic / Dance,Drums,by Mutt (2008)
Just the Two of Us (Clark's Cool Out Mix),Chubb Rock,Hip-Hop / Rap / R&B,Drums,by Chubb Rock (1991)
The Ruff Stuff,Rated X,Hip-Hop / Rap / R&B,Drums,by Rated X (1990)
Où Est La Femme,Louise Vertigo,Electronic / Dance,Drums,by Louise Vertigo (1998)
Make the Music 2000,Rahzel,Hip-Hop / Rap / R&B,Vocals / Lyrics,by Rahzel feat. T.J. Swan (1999)
Make the Music 2000,T.J. Swan,Hip-Hop / Rap / R&B,Vocals / Lyrics,by Rahzel feat. T.J. Swan (1999)
1 Step Ahead of Yall,E-A-Ski,Hip-Hop / Rap / R&B,Drums,by E-A-Ski (1992)
Pocieszki,Liroy,Hip-Hop / Rap / R&B,Drums,by Liroy (1997)
Shade of Grey,Finesse & Showbiz,Hip-Hop / Rap / R&B,Drums,by Finesse & Showbiz (1993)
Sitting in the Park,Hi-C,Hip-Hop / Rap / R&B,Drums,by Hi-C (1991)
Freedom in Captivity,S.F.C.,Hip-Hop / Rap / R&B,Drums,by S.F.C. (1992)
For All the Girls,Raw Soul,Hip-Hop / Rap / R&B,Drums,by Raw Soul (1996)
Vision of Life,Down Low,Hip-Hop / Rap / R&B,Drums,by Down Low (1996)
Give Me All,Chaka Khan,Hip-Hop / Rap / R&B,Drums,by Chaka Khan (1992)
Flip and Rewind,Boss Selection,Hip-Hop / Rap / R&B,Drums,by Boss Selection feat. Rashida Jones (2015)
Flip and Rewind,Rashida Jones,Hip-Hop / Rap / R&B,Drums,by Boss Selection feat. Rashida Jones (2015)
Aina Takas Kotiin,Ruudolf,Hip-Hop / Rap / R&B,Drums,by Ruudolf feat. Jodarok (2010)
Aina Takas Kotiin,Jodarok,Hip-Hop / Rap / R&B,Drums,by Ruudolf feat. Jodarok (2010)
(She's A) Freak Dog,The Classical Two,Hip-Hop / Rap / R&B,Hook / Riff,by The Classical Two (1987)
Soulbath,The Clifford Gilberto Rhythm Combination,Electronic / Dance,Drums,by The Clifford Gilberto Rhythm Combination (1998)
See the New,Ronny Jordan,Jazz / Blues,Drums,by Ronny Jordan feat. IG Culture (1992)
See the New,IG Culture,Jazz / Blues,Drums,by Ronny Jordan feat. IG Culture (1992)
Free,Shatasha Williams,Soul / Funk / Disco,Drums,by Shatasha Williams (1995)
Hi Volume,Rumpletilskinz,Hip-Hop / Rap / R&B,Drums,by Rumpletilskinz (1993)
Girls,New Kids on the Block,Hip-Hop / Rap / R&B,Drums,by New Kids on the Block (1994)
Too Black Too Strong,Lez Moné,Hip-Hop / Rap / R&B,Drums,by Lez Moné (1994)
Blueprint Who,Blueprint,Hip-Hop / Rap / R&B,Drums,by Blueprint (2010)
No Words (Pump 'N' Hip Hop) (No Rif Raf),Three Times Dope,Hip-Hop / Rap / R&B,Drums,by Three Times Dope (1990)
Comin' Correct,J.J. Fad,Hip-Hop / Rap / R&B,Drums,by J.J. Fad (1988)
Lyrical Messiah,Outlaw Posse,Hip-Hop / Rap / R&B,Drums,by Outlaw Posse (1989)
Psyched by Your Ignorance,Dynamic Twins,Hip-Hop / Rap / R&B,Drums,by Dynamic Twins (1993)
The Pain Is on the Children,Doc Chill & DJ Rod,Hip-Hop / Rap / R&B,Drums,by Doc Chill & DJ Rod (1989)
"Lights Out, Party's Over",Antoinette,Hip-Hop / Rap / R&B,Drums,by Antoinette (1989)
A Gangsta'z Life Intro,Snoop Dogg,Hip-Hop / Rap / R&B,Drums,by Snoop Dogg feat. Nate Dogg (1992)
A Gangsta'z Life Intro,Nate Dogg,Hip-Hop / Rap / R&B,Drums,by Snoop Dogg feat. Nate Dogg (1992)
Real Mcees,Soulbrotha,Hip-Hop / Rap / R&B,Drums,"by Soulbrotha feat. Blaq Poet, NYG'z and Krumb Snatcha (2011)"
Real Mcees,Blaq Poet,Hip-Hop / Rap / R&B,Drums,"by Soulbrotha feat. Blaq Poet, NYG'z and Krumb Snatcha (2011)"
Real Mcees,NYG'z,Hip-Hop / Rap / R&B,Drums,"by Soulbrotha feat. Blaq Poet, NYG'z and Krumb Snatcha (2011)"
Real Mcees,Krumb Snatcha,Hip-Hop / Rap / R&B,Drums,"by Soulbrotha feat. Blaq Poet, NYG'z and Krumb Snatcha (2011)"
Cehenneme Hoşgeldin,Karakan,Hip-Hop / Rap / R&B,Multiple Elements,by Karakan (1994)
My Style,Luke Vibert,Electronic / Dance,Multiple Elements,by Luke Vibert (2008)
Represent (The Grinch & Hill Remix),Grand Daddy I.U.,Hip-Hop / Rap / R&B,Drums,by Grand Daddy I.U. (1994)
That's What I Think,Cyndi Lauper,Rock / Pop,Drums,by Cyndi Lauper (1993)
The Interview,Professor Griff,Hip-Hop / Rap / R&B,Drums,by Professor Griff (1990)
Still That Aggin,Scarface,Hip-Hop / Rap / R&B,Drums,by Scarface (1993)
F**k the KKK,Willie D,Hip-Hop / Rap / R&B,Drums,by Willie D (1989)
Revelation Sunshine,Cree Summer,Hip-Hop / Rap / R&B,Drums,by Cree Summer (1999)
Under Pressure,Skemen,Hip-Hop / Rap / R&B,Drums,by Skemen (1995)
My Day Is Coming,Kokane,Hip-Hop / Rap / R&B,Drums,by Kokane (1994)
The Cure,Nerissa,Hip-Hop / Rap / R&B,Drums,by Nerissa (1994)
Twist Da Cap,Renaissance (2),Hip-Hop / Rap / R&B,Drums,by Renaissance (2) (1991)
Hungah,Karyn White,Hip-Hop / Rap / R&B,Drums,by Karyn White (1994)
Uschi's Groove,The Ballistic Brothers vs. The Eccentric Afro's,Electronic / Dance,Drums,by The Ballistic Brothers vs. The Eccentric Afro's (1994)
Hai Love,Kwamé,Hip-Hop / Rap / R&B,Drums,by Kwamé (1990)
Takarítónő (Felmosó Rongy Remiksz),Animal Cannibals,Hip-Hop / Rap / R&B,Drums,by Animal Cannibals (1995)
Nickel Slick Nigga,Who Am I?,Hip-Hop / Rap / R&B,Drums,by Who Am I? (1991)
Staff Roll,Keiichi Okabe,Soundtrack / Library,Drums,by Keiichi Okabe (1997)
Music,Charles Hamilton,Hip-Hop / Rap / R&B,Drums,by Charles Hamilton (2008)
"Un Poco De Amor (The Extended Dancehall 12"")",Shakira,Rock / Pop,Drums,by Shakira (1996)
Encore Un Terlude,Dimitri From Paris,Electronic / Dance,Drums,by Dimitri From Paris (1996)
On My Mind,Moxie Raia,Hip-Hop / Rap / R&B,Drums,by Moxie Raia feat. Pusha T (2016)
On My Mind,Pusha T,Hip-Hop / Rap / R&B,Drums,by Moxie Raia feat. Pusha T (2016)
Política,Athalyba E a Firma,Hip-Hop / Rap / R&B,Drums,by Athalyba E a Firma (1994)
The Insane,Totally Insane,Hip-Hop / Rap / R&B,Drums,by Totally Insane (1992)
Never Crossed My Mind,Skee-Lo,Hip-Hop / Rap / R&B,Drums,by Skee-Lo (1995)
Dime La Verdad,Marta Sanchez,Rock / Pop,Drums,by Marta Sanchez (1995)
Chilling W/ Chuck Chill Out,Ultramagnetic MC's,Hip-Hop / Rap / R&B,Drums,by Ultramagnetic MC's (1987)
Stop Lying,Bushwick Bill,Hip-Hop / Rap / R&B,Drums,by Bushwick Bill (1992)
2 Young 4 What,MC Lyte,Hip-Hop / Rap / R&B,Drums,by MC Lyte (1991)
Lovesign (Remix),Prince,Hip-Hop / Rap / R&B,Drums,by Prince (1998)
Rennie Codgers,Wagon Christ,Electronic / Dance,Drums,by Wagon Christ (2011)
Jealous Girls,Frick 'N' Frack,Hip-Hop / Rap / R&B,Drums,by Frick 'N' Frack (1986)
Face Off,Jay-Z,Hip-Hop / Rap / R&B,Vocals / Lyrics,by Jay-Z feat. Sauce Money (1997)
Face Off,Sauce Money,Hip-Hop / Rap / R&B,Vocals / Lyrics,by Jay-Z feat. Sauce Money (1997)
Keep Tha Peace,Kam,Hip-Hop / Rap / R&B,Drums,by Kam (1995)
Dolly and the Rat Trap,Ultramagnetic MC's,Hip-Hop / Rap / R&B,Drums,by Ultramagnetic MC's (1992)
Baby (MK's G-Mix),Brandy,Hip-Hop / Rap / R&B,Drums,by Brandy (1995)
Y'all Should All Get Lynched,NYOil,Hip-Hop / Rap / R&B,Drums,by NYOil (2007)
A Noite,Thaide & DJ Hum,Hip-Hop / Rap / R&B,Drums,by Thaide & DJ Hum (1992)
The Last Letter,Patrick Paige II,Hip-Hop / Rap / R&B,Drums,by Patrick Paige II (2018)
Mille Et Une Raisons,Rocca,Hip-Hop / Rap / R&B,Drums,by Rocca (2003)
Stupitude,Bassi Maestro,Hip-Hop / Rap / R&B,Drums,"by Bassi Maestro feat. Asher Kuno, Jack the Smoker and Emis Killa (2010)"
Stupitude,Asher Kuno,Hip-Hop / Rap / R&B,Drums,"by Bassi Maestro feat. Asher Kuno, Jack the Smoker and Emis Killa (2010)"
Stupitude,Jack the Smoker,Hip-Hop / Rap / R&B,Drums,"by Bassi Maestro feat. Asher Kuno, Jack the Smoker and Emis Killa (2010)"
Stupitude,Emis Killa,Hip-Hop / Rap / R&B,Drums,"by Bassi Maestro feat. Asher Kuno, Jack the Smoker and Emis Killa (2010)"
Project Ho,MC Shan,Hip-Hop / Rap / R&B,Hook / Riff,by MC Shan (1987)
Words of a Freestyle,MC Shan,Hip-Hop / Rap / R&B,Sound Effect / Other,by MC Shan (1988)
I Am Who I Am,Too Def,Hip-Hop / Rap / R&B,Multiple Elements,by Too Def (1987)
Stunt of the Block,Super Kids,Hip-Hop / Rap / R&B,Drums,by Super Kids (2008)
Pierwsze Tchnienie,Tau,Hip-Hop / Rap / R&B,Drums,by Tau (2014)
Time Will Tell (Dub Mix),Utada Hikaru,Hip-Hop / Rap / R&B,Drums,by Utada Hikaru (1998)
Don't Get It Twisted,Thug Life,Hip-Hop / Rap / R&B,Drums,by Thug Life (1994)
Rock the Mic,Mykill Miers,Hip-Hop / Rap / R&B,Drums,by Mykill Miers (2000)
Laid Back,Najee,Jazz / Blues,Drums,by Najee (1994)
Sewin' Love (Album Version),Large Professor,Hip-Hop / Rap / R&B,Drums,by Large Professor (2008)
Tokyo Tower,Tsutchie,Hip-Hop / Rap / R&B,Drums,by Tsutchie (1996)
Pawnshop Jewelry,KXNG Crooked,Hip-Hop / Rap / R&B,Drums,by KXNG Crooked and Joell Ortiz feat. MRK SX (2022)
Pawnshop Jewelry,Joell Ortiz,Hip-Hop / Rap / R&B,Drums,by KXNG Crooked and Joell Ortiz feat. MRK SX (2022)
Pawnshop Jewelry,MRK SX,Hip-Hop / Rap / R&B,Drums,by KXNG Crooked and Joell Ortiz feat. MRK SX (2022)
Pokémon Ierukana?,Imakuni?,Rock / Pop,Drums,by Imakuni? (1997)
I Get the Papers,Audio Two,Hip-Hop / Rap / R&B,Drums,by Audio Two (1990)
Watchin’ the World,Funky DL,Hip-Hop / Rap / R&B,Drums,by Funky DL (2007)
I Wish,Gabrielle,Rock / Pop,Drums,by Gabrielle (1993)
Everytime My Heart Beats (Narley Marley Mix),RIFF,Hip-Hop / Rap / R&B,Drums,by RIFF (1991)
6 Minutes of Pleasure (Hey Girl Remix),LL Cool J,Hip-Hop / Rap / R&B,Drums,by LL Cool J (1990)
Mr. Brown,Styles of Beyond,Hip-Hop / Rap / R&B,Drums,by Styles of Beyond (2003)
Whodini NYC,Whodini,Hip-Hop / Rap / R&B,Hook / Riff,by Whodini (1987)
Gangsta Walk,Way 2 Real,Hip-Hop / Rap / R&B,Drums,by Way 2 Real (1994)
Yoo-Hoo!,Danger Mouse,Hip-Hop / Rap / R&B,Drums,by Danger Mouse and Jemini (2003)
Yoo-Hoo!,Jemini,Hip-Hop / Rap / R&B,Drums,by Danger Mouse and Jemini (2003)
Viktim of Da Sindrome,1 Way,Hip-Hop / Rap / R&B,Drums,by 1 Way (1994)
Bridgette,The D.O.C.,Hip-Hop / Rap / R&B,Drums,by The D.O.C. (1996)
Startin' a Riot,Black Pearl Mafia,Hip-Hop / Rap / R&B,Drums,by Black Pearl Mafia (1991)
The Chosen Ones (Part 1),P.I.D.,Hip-Hop / Rap / R&B,Drums,by P.I.D. (1991)
Cops Ain't Shit,DJ Paul,Hip-Hop / Rap / R&B,Multiple Elements,by DJ Paul and Lord Infamous (1991)
Cops Ain't Shit,Lord Infamous,Hip-Hop / Rap / R&B,Multiple Elements,by DJ Paul and Lord Infamous (1991)
Ooh Baby,X-Clan,Hip-Hop / Rap / R&B,Drums,by X-Clan (1992)
I'm Going All the Way,Sounds of Blackness,Hip-Hop / Rap / R&B,Multiple Elements,by Sounds of Blackness (1994)
Posle 10,Bad Copy,Hip-Hop / Rap / R&B,Drums,by Bad Copy (2013)
Don't You Ever (Try to Change Me),Loose Ends,Hip-Hop / Rap / R&B,Vocals / Lyrics,by Loose Ends (1990)
Peaceful Journey,Heavy D & the Boyz,Hip-Hop / Rap / R&B,Drums,by Heavy D & the Boyz feat. K-Ci & JoJo (1991)
Peaceful Journey,K-Ci & JoJo,Hip-Hop / Rap / R&B,Drums,by Heavy D & the Boyz feat. K-Ci & JoJo (1991)
J Dilla Nujabes Style Beat,FrankJavCee,Hip-Hop / Rap / R&B,Drums,by FrankJavCee (2016)
Crest Side Playah,Mac Mall,Hip-Hop / Rap / R&B,Drums,by Mac Mall (1993)
Def Jeff,The Almighty RSO Crew,Hip-Hop / Rap / R&B,Hook / Riff,by The Almighty RSO Crew (1988)
21 and Under,Tha Alkaholiks,Hip-Hop / Rap / R&B,Drums,by Tha Alkaholiks (1995)
Let's Dance,King Tee,Hip-Hop / Rap / R&B,Multiple Elements,by King Tee (1988)
Lovely Lady,Kool Keith,Hip-Hop / Rap / R&B,Drums,by Kool Keith (1996)
We Rock the Mic Right,Redhead Kingpin and the FBI,Hip-Hop / Rap / R&B,Vocals / Lyrics,by Redhead Kingpin and the FBI (1989)
Step Inside,Peace 586,Hip-Hop / Rap / R&B,Drums,by Peace 586 (1996)
Corona,Brownside,Hip-Hop / Rap / R&B,Multiple Elements,by Brownside (2003)
Come Back to Me,Skee-Lo,Hip-Hop / Rap / R&B,Drums,by Skee-Lo (1995)
Tricks of the Shade,The Goats,Hip-Hop / Rap / R&B,Drums,by The Goats (1992)
Cause I'm Keefy Keef,Keefy Keef,Hip-Hop / Rap / R&B,Drums,by Keefy Keef (1992)
Set It,PHD,Hip-Hop / Rap / R&B,Drums,by PHD feat. Havoc (1994)
Set It,Havoc,Hip-Hop / Rap / R&B,Drums,by PHD feat. Havoc (1994)
Say Yes Again,Saigon,Hip-Hop / Rap / R&B,Drums,by Saigon (2012)
No Defense,Common,Hip-Hop / Rap / R&B,Drums,by Common (1992)
The Chosen Ones (Part 2),P.I.D.,Hip-Hop / Rap / R&B,Drums,by P.I.D. (1991)
Get It,Mc DJ,Electronic / Dance,Drums,by Mc DJ feat. Bambino X (2006)
Get It,Bambino X,Electronic / Dance,Drums,by Mc DJ feat. Bambino X (2006)
Stitch by Stitch,Ron B,Hip-Hop / Rap / R&B,Drums,by Ron B and The Step 2 Crew (1990)
Stitch by Stitch,The Step 2 Crew,Hip-Hop / Rap / R&B,Drums,by Ron B and The Step 2 Crew (1990)
H-O-E-K,Mack 10,Hip-Hop / Rap / R&B,Drums,by Mack 10 feat. K-Dee (1995)
H-O-E-K,K-Dee,Hip-Hop / Rap / R&B,Drums,by Mack 10 feat. K-Dee (1995)
Brown Girl in the Ring (Club Mix) (Rap Version),Boney M.,Soul / Funk / Disco,Drums,by Boney M. (1993)
D.J. Fresh Debut Mega Mix,D.J. Fresh,Hip-Hop / Rap / R&B,Multiple Elements,by D.J. Fresh (1988)
Dans Le Vent,Suprême NTM,Hip-Hop / Rap / R&B,Drums,by Suprême NTM (1993)
Fint Väder,The Latin Kings,Hip-Hop / Rap / R&B,Drums,by The Latin Kings (1994)
Funk Radio,Ultramagnetic MC's,Hip-Hop / Rap / R&B,Drums,by Ultramagnetic MC's (1992)
What's That Cha Say,Anotha Level,Hip-Hop / Rap / R&B,Drums,by Anotha Level (1994)
Le Pips,Benjamin Epps,Hip-Hop / Rap / R&B,Drums,by Benjamin Epps (2020)
Independent,Salt-N-Pepa,Hip-Hop / Rap / R&B,Drums,by Salt-N-Pepa (1990)
Power of the Dollar,50 Cent,Hip-Hop / Rap / R&B,Drums,by 50 Cent (2000)
Surprize,Harry Love,Hip-Hop / Rap / R&B,Drums,"by Harry Love, Verb. T, Yungun and Mystro (2004)"
Surprize,Verb. T,Hip-Hop / Rap / R&B,Drums,"by Harry Love, Verb. T, Yungun and Mystro (2004)"
Surprize,Yungun,Hip-Hop / Rap / R&B,Drums,"by Harry Love, Verb. T, Yungun and Mystro (2004)"
Surprize,Mystro,Hip-Hop / Rap / R&B,Drums,"by Harry Love, Verb. T, Yungun and Mystro (2004)"
Skit #1,Mobb Deep,Hip-Hop / Rap / R&B,Drums,by Mobb Deep (1993)
Drink Up,Edo G,Hip-Hop / Rap / R&B,Drums,by Edo G (2011)
Letter to the Pen,Yo-Yo,Hip-Hop / Rap / R&B,Drums,by Yo-Yo feat. Martin Lawrence (1993)
Letter to the Pen,Martin Lawrence,Hip-Hop / Rap / R&B,Drums,by Yo-Yo feat. Martin Lawrence (1993)
Nuttin' but a Bitch Thang,Insane Clown Posse,Hip-Hop / Rap / R&B,Drums,by Insane Clown Posse (2001)
Floot,Wagon Christ,Electronic / Dance,Multiple Elements,by Wagon Christ (1994)
Right On,Dilated Peoples,Hip-Hop / Rap / R&B,Drums,by Dilated Peoples feat. Tha Alkaholiks (2000)
Right On,Tha Alkaholiks,Hip-Hop / Rap / R&B,Drums,by Dilated Peoples feat. Tha Alkaholiks (2000)
Double Huey Skit,De La Soul,Hip-Hop / Rap / R&B,Drums,by De La Soul (1989)
Nobody's Home,Ulrich Schnauss,Electronic / Dance,Drums,by Ulrich Schnauss (2001)
Down the Line,Nice & Smooth,Hip-Hop / Rap / R&B,Drums,"by Nice & Smooth, Asu and Bass Blaster feat. Melo T, Preacher Earl and Gang Starr (1991)"
Down the Line,Asu,Hip-Hop / Rap / R&B,Drums,"by Nice & Smooth, Asu and Bass Blaster feat. Melo T, Preacher Earl and Gang Starr (1991)"
Down the Line,Bass Blaster,Hip-Hop / Rap / R&B,Drums,"by Nice & Smooth, Asu and Bass Blaster feat. Melo T, Preacher Earl and Gang Starr (1991)"
Down the Line,Melo T,Hip-Hop / Rap / R&B,Drums,"by Nice & Smooth, Asu and Bass Blaster feat. Melo T, Preacher Earl and Gang Starr (1991)"
Down the Line,Preacher Earl,Hip-Hop / Rap / R&B,Drums,"by Nice & Smooth, Asu and Bass Blaster feat. Melo T, Preacher Earl and Gang Starr (1991)"
Down the Line,Gang Starr,Hip-Hop / Rap / R&B,Drums,"by Nice & Smooth, Asu and Bass Blaster feat. Melo T, Preacher Earl and Gang Starr (1991)"
How Ya Livin',Low Profile,Hip-Hop / Rap / R&B,Drums,by Low Profile (1989)
It's a Boy,Slick Rick,Hip-Hop / Rap / R&B,Drums,by Slick Rick (1991)
Quicc Beat,Suff Daddy,Hip-Hop / Rap / R&B,Drums,by Suff Daddy (2012)
Pass Da Dank,Murder Squad,Hip-Hop / Rap / R&B,Drums,"by Murder Squad, Dee Tha Mad Bitch, Mel-Low and Mr. Wesside feat. Ant Banks, Spice 1 and Mr. 3-2 (1995)"
Pass Da Dank,Dee Tha Mad Bitch,Hip-Hop / Rap / R&B,Drums,"by Murder Squad, Dee Tha Mad Bitch, Mel-Low and Mr. Wesside feat. Ant Banks, Spice 1 and Mr. 3-2 (1995)"
Pass Da Dank,Mel-Low,Hip-Hop / Rap / R&B,Drums,"by Murder Squad, Dee Tha Mad Bitch, Mel-Low and Mr. Wesside feat. Ant Banks, Spice 1 and Mr. 3-2 (1995)"
Pass Da Dank,Mr. Wesside,Hip-Hop / Rap / R&B,Drums,"by Murder Squad, Dee Tha Mad Bitch, Mel-Low and Mr. Wesside feat. Ant Banks, Spice 1 and Mr. 3-2 (1995)"
Pass Da Dank,Ant Banks,Hip-Hop / Rap / R&B,Drums,"by Murder Squad, Dee Tha Mad Bitch, Mel-Low and Mr. Wesside feat. Ant Banks, Spice 1 and Mr. 3-2 (1995)"
Pass Da Dank,Spice 1,Hip-Hop / Rap / R&B,Drums,"by Murder Squad, Dee Tha Mad Bitch, Mel-Low and Mr. Wesside feat. Ant Banks, Spice 1 and Mr. 3-2 (1995)"
Pass Da Dank,Mr. 3-2,Hip-Hop / Rap / R&B,Drums,"by Murder Squad, Dee Tha Mad Bitch, Mel-Low and Mr. Wesside feat. Ant Banks, Spice 1 and Mr. 3-2 (1995)"
Spending My Time With You,Toni Braxton,Hip-Hop / Rap / R&B,Drums,by Toni Braxton (1993)
Circle of Transmigration,Evan Awake,Hip-Hop / Rap / R&B,Drums,by Evan Awake (2011)
Napoleon,CyHi the Prynce,Hip-Hop / Rap / R&B,Multiple Elements,by CyHi the Prynce (2014)
Blaze,Arsonists,Hip-Hop / Rap / R&B,Vocals / Lyrics,by Arsonists (1999)
What's the Word,Chubb Rock,Hip-Hop / Rap / R&B,Vocals / Lyrics,by Chubb Rock (1990)
U Kant Play Me,Sha'dasious,Hip-Hop / Rap / R&B,Drums,by Sha'dasious (1994)
Verbal Milk,X-Clan,Hip-Hop / Rap / R&B,Multiple Elements,by X-Clan (1990)
You Can't See Me,MC Eiht,Hip-Hop / Rap / R&B,Drums,by MC Eiht feat. Compton's Most Wanted (1996)
You Can't See Me,Compton's Most Wanted,Hip-Hop / Rap / R&B,Drums,by MC Eiht feat. Compton's Most Wanted (1996)
Give the People,EPMD,Hip-Hop / Rap / R&B,Vocals / Lyrics,by EPMD (1990)
Joy (Remix),Blackstreet,Hip-Hop / Rap / R&B,Drums,by Blackstreet (1994)
Don't Disturb This Groove,Steady B,Hip-Hop / Rap / R&B,Multiple Elements,by Steady B (1987)
Sunday Morning,Hamzaa,Hip-Hop / Rap / R&B,Drums,by Hamzaa (2019)
Torteval,Gustavo Cerati,Rock / Pop,Drums,by Gustavo Cerati (1993)
W.M.D.,Heltah Skeltah,Hip-Hop / Rap / R&B,Drums,by Heltah Skeltah feat. Smif-N-Wessun (2008)
W.M.D.,Smif-N-Wessun,Hip-Hop / Rap / R&B,Drums,by Heltah Skeltah feat. Smif-N-Wessun (2008)
Tears,Da King & I,Hip-Hop / Rap / R&B,Drums,by Da King & I (1993)
Sunny Hours,Long Beach Dub Allstars,Rock / Pop,Drums,by Long Beach Dub Allstars feat. will.i.am (2001)
Sunny Hours,will.i.am,Rock / Pop,Drums,by Long Beach Dub Allstars feat. will.i.am (2001)
Motion Picture,Omen,Hip-Hop / Rap / R&B,Drums,by Omen (2014)
Nutz on Ya Chin,Eazy-E,Hip-Hop / Rap / R&B,Drums,by Eazy-E (1995)
The Magic Piper (Of Love),Edwyn Collins,Rock / Pop,Drums,by Edwyn Collins (1997)
Let a Ho Be a Ho,Geto Boys,Hip-Hop / Rap / R&B,Drums,by Geto Boys (1990)
Compton Hoe,B.G. Knocc Out & Dresta,Hip-Hop / Rap / R&B,Drums,by B.G. Knocc Out & Dresta (1995)
Can I,Love Dollhouse,Hip-Hop / Rap / R&B,Multiple Elements,by Love Dollhouse (2014)
Say Listen to Me,Ganjah Posse,Hip-Hop / Rap / R&B,Drums,by Ganjah Posse (1991)
Honey Dip (Swazz Mix),Portrait,Hip-Hop / Rap / R&B,Drums,by Portrait (1993)
Bebo,Fu-Schnickens,Hip-Hop / Rap / R&B,Drums,by Fu-Schnickens (1992)
Moses,Slick Rick,Hip-Hop / Rap / R&B,Drums,by Slick Rick (1991)
Rollin' Wit Umdada,Masta Ace Incorporated,Hip-Hop / Rap / R&B,Drums,by Masta Ace Incorporated (1993)
Dat's How I'm Livin',Yella,Hip-Hop / Rap / R&B,Drums,by Yella feat. B.G. Knocc Out (1996)
Dat's How I'm Livin',B.G. Knocc Out,Hip-Hop / Rap / R&B,Drums,by Yella feat. B.G. Knocc Out (1996)
The Bee,The Scientist,Electronic / Dance,Drums,by The Scientist (1990)
Hip Hop Music,Braille,Hip-Hop / Rap / R&B,Vocals / Lyrics,by Braille (2004)
Flowin' on the D-Line,Digital Underground,Hip-Hop / Rap / R&B,Drums,by Digital Underground (1991)
Hot Potato,Naughty by Nature,Hip-Hop / Rap / R&B,Drums,by Naughty by Nature (1993)
Hollywood Paradox,College Boyz,Hip-Hop / Rap / R&B,Multiple Elements,by College Boyz (1992)
Friends,Salt-N-Pepa,Hip-Hop / Rap / R&B,Drums,by Salt-N-Pepa feat. Mad Lion and Queen Latifah (1997)
Friends,Mad Lion,Hip-Hop / Rap / R&B,Drums,by Salt-N-Pepa feat. Mad Lion and Queen Latifah (1997)
Friends,Queen Latifah,Hip-Hop / Rap / R&B,Drums,by Salt-N-Pepa feat. Mad Lion and Queen Latifah (1997)
Piano Playa Hata,Wagon Christ,Electronic / Dance,Drums,by Wagon Christ (1998)
Are You Jimmy Ray?,Jimmy Ray,Rock / Pop,Drums,by Jimmy Ray (1998)
Van Full of Pakistans,Yall So Stupid,Hip-Hop / Rap / R&B,Drums,by Yall So Stupid (1993)
Upuan,Gloc-9,Hip-Hop / Rap / R&B,Drums,by Gloc-9 feat. Jeazel Grutas (2009)
Upuan,Jeazel Grutas,Hip-Hop / Rap / R&B,Drums,by Gloc-9 feat. Jeazel Grutas (2009)
I Ran the Game,MC Shan,Hip-Hop / Rap / R&B,Drums,by MC Shan (1990)
Life on the Streets,Mac Clan,Hip-Hop / Rap / R&B,Drums,by Mac Clan (1992)
Mad at the World,NATAS,Hip-Hop / Rap / R&B,Drums,by NATAS (1995)
Paquito Soul,A Lighter Shade of Brown,Hip-Hop / Rap / R&B,Drums,by A Lighter Shade of Brown (1990)
No Consequences,J-Zone,Hip-Hop / Rap / R&B,Drums,by J-Zone feat. Huggy Bear (2001)
No Consequences,Huggy Bear,Hip-Hop / Rap / R&B,Drums,by J-Zone feat. Huggy Bear (2001)
Wienie Whistlers,Bobby Jimmy and the Critters,Hip-Hop / Rap / R&B,Drums,by Bobby Jimmy and the Critters (1988)
Go Where I Send Thee,Masta Ace,Hip-Hop / Rap / R&B,Drums,by Masta Ace (1991)
Fuori Dal Coro,Bassi Maestro,Hip-Hop / Rap / R&B,Drums,by Bassi Maestro feat. Cricca Dei Balordi (2004)
Fuori Dal Coro,Cricca Dei Balordi,Hip-Hop / Rap / R&B,Drums,by Bassi Maestro feat. Cricca Dei Balordi (2004)
Mood for Love,Prince Paul,Hip-Hop / Rap / R&B,Drums,by Prince Paul (1999)
Ya Wish Ya Could,Special Ed,Hip-Hop / Rap / R&B,Drums,by Special Ed (1990)
Bassi è Il Nome,Bassi Maestro,Hip-Hop / Rap / R&B,Drums,by Bassi Maestro feat. Pappa Ciccia (1992)
Bassi è Il Nome,Pappa Ciccia,Hip-Hop / Rap / R&B,Drums,by Bassi Maestro feat. Pappa Ciccia (1992)
After Laughter,Dynasty (Rapper),Hip-Hop / Rap / R&B,Drums,by Dynasty (Rapper) (2013)
Ain't 2 Proud 2 Beg (Left Eye's 3 Minutes and Counting),TLC,Hip-Hop / Rap / R&B,Multiple Elements,by TLC (1991)
Nonne Wird Nutte,Schwesta Ewa,Hip-Hop / Rap / R&B,Drums,by Schwesta Ewa (2015)
Wordflow (9MM Version),2HP,Hip-Hop / Rap / R&B,Drums,by 2HP (1992)
So (Where I Live At),Deep in Da Circle,Hip-Hop / Rap / R&B,Drums,by Deep in Da Circle (1999)
Pass the Pussy,The A.T.E.E.M.,Hip-Hop / Rap / R&B,Drums,by The A.T.E.E.M. (1992)
Soul Holidays,Sounds of Blackness,Hip-Hop / Rap / R&B,Drums,by Sounds of Blackness feat. Ann Nesby (1992)
Soul Holidays,Ann Nesby,Hip-Hop / Rap / R&B,Drums,by Sounds of Blackness feat. Ann Nesby (1992)
I Need Your Love (Hip Hop Mix),The Good Girls,Hip-Hop / Rap / R&B,Drums,by The Good Girls (1990)
Swing Time,Hidden Agenda,Electronic / Dance,Drums,by Hidden Agenda (1995)
Kick in the Head,Al B. Sure!,Hip-Hop / Rap / R&B,Drums,by Al B. Sure! feat. Rakim (1992)
Kick in the Head,Rakim,Hip-Hop / Rap / R&B,Drums,by Al B. Sure! feat. Rakim (1992)
How U Feelin?,Peeping Tom,Hip-Hop / Rap / R&B,Drums,by Peeping Tom (2006)
Start Me Up,Salt-N-Pepa,Hip-Hop / Rap / R&B,Drums,by Salt-N-Pepa (1993)
Highrollers's Girl (Club Remix),MC Trouble,Hip-Hop / Rap / R&B,Drums,by MC Trouble (1989)
Mirrorshades,Information Society,Rock / Pop,Drums,by Information Society (1990)
P.S,Prince Shaheed & Da Men at Work,Hip-Hop / Rap / R&B,Drums,by Prince Shaheed & Da Men at Work (1991)
Excuse Me Mr. Officer (Fed Up),Criminal Nation,Hip-Hop / Rap / R&B,Drums,by Criminal Nation (1992)
When We Sippin' on Tha Brew,Warren G,Hip-Hop / Rap / R&B,Drums,by Warren G (1994)
Play Witcha Mama,Willie D,Hip-Hop / Rap / R&B,Drums,by Willie D feat. Ice Cube (1994)
Play Witcha Mama,Ice Cube,Hip-Hop / Rap / R&B,Drums,by Willie D feat. Ice Cube (1994)
This Iz It Cha'll,Villain,Hip-Hop / Rap / R&B,Drums,by Villain (1994)
Shake Her,Cooly Live,Hip-Hop / Rap / R&B,Drums,by Cooly Live (1992)
Da Bomb II,O-Dog (Milwaukee Rapper),Hip-Hop / Rap / R&B,Drums,by O-Dog (Milwaukee Rapper) (2018)
"Um Dia, Quem Sabe?",Duck Jam E Nação Hip-Hop,Hip-Hop / Rap / R&B,Drums,by Duck Jam E Nação Hip-Hop (1994)
ReJoyce,David Benoit,Jazz / Blues,Drums,by David Benoit (1999)
Acid 9,Emanon (Aloe Blacc & Exile),Hip-Hop / Rap / R&B,Drums,by Emanon (Aloe Blacc & Exile) (1999)
Shock Dat Monkey,TLC,Hip-Hop / Rap / R&B,Drums,by TLC (1992)
Stretch & Bobbito Freestyle '92,Big L,Hip-Hop / Rap / R&B,Drums,by Big L (1992)
Juice Crew Dis,Cool C,Hip-Hop / Rap / R&B,Multiple Elements,by Cool C (1987)
Get Down,Everlast,Hip-Hop / Rap / R&B,Drums,by Everlast (1998)
President,Wyclef Jean,Hip-Hop / Rap / R&B,Drums,by Wyclef Jean (2004)
The Cipher,X-Ecutioners,Hip-Hop / Rap / R&B,Vocals / Lyrics,by X-Ecutioners (1997)
She's Beautiful,Double You,Rock / Pop,Drums,by Double You (1994)
Je Serai Là,Kohndo,Hip-Hop / Rap / R&B,Drums,by Kohndo (2006)
Good Thang (Clark Kent Supermix),Glenn Jones,Hip-Hop / Rap / R&B,Drums,by Glenn Jones (1992)
I Found Love,Tonéx,Gospel,Drums,by Tonéx (2005)
"Do Me, Baby",D.R.S. (2),Hip-Hop / Rap / R&B,Drums,by D.R.S. (2) (1993)
T.J. Nights,A Lighter Shade of Brown,Hip-Hop / Rap / R&B,Drums,by A Lighter Shade of Brown (1990)
Catch a Lil' Wreck,The Beatnuts,Hip-Hop / Rap / R&B,Multiple Elements,by The Beatnuts (2009)
Charmschool,Goldie Lookin Chain,Hip-Hop / Rap / R&B,Drums,by Goldie Lookin Chain (2005)
G-Spot Show,415,Hip-Hop / Rap / R&B,Drums,by 415 (1991)
Try Counting Sheep (Caveman Funky Organ Extended),Black Sheep,Hip-Hop / Rap / R&B,Multiple Elements,by Black Sheep (1991)
Portobello Cafe,The Ballistic Brothers,Electronic / Dance,Drums,by The Ballistic Brothers (1995)
A Little Bit of Dane Tonight,Dana Dane,Hip-Hop / Rap / R&B,Drums,by Dana Dane (1990)
Alone Again (Naturally),58,Rock / Pop,Drums,by 58 (2000)
기억속에 가려진 너의 모습 (Spending Time With You),Solid,Hip-Hop / Rap / R&B,Drums,by Solid (1993)
Don't Hate Me (Hustle Hard),Ali Vegas,Hip-Hop / Rap / R&B,Drums,by Ali Vegas (2006)
To All the Party People,Grandmaster Caz,Hip-Hop / Rap / R&B,Drums,by Grandmaster Caz (1992)
Whut U Wanna Do?,O-Dog (Milwaukee Rapper),Hip-Hop / Rap / R&B,Drums,by O-Dog (Milwaukee Rapper) (2018)
Playground,Another Bad Creation,Hip-Hop / Rap / R&B,Drums,by Another Bad Creation (1991)
Dog From Around the Way,AMG,Hip-Hop / Rap / R&B,Drums,by AMG (1992)
Mama Told Me,Keisha Jackson,Hip-Hop / Rap / R&B,Drums,by Keisha Jackson (1991)
Supreme Knowledge,Meyhem Lauren,Hip-Hop / Rap / R&B,Drums,by Meyhem Lauren and Icerocks (2013)
Supreme Knowledge,Icerocks,Hip-Hop / Rap / R&B,Drums,by Meyhem Lauren and Icerocks (2013)
Jail House Rock,Freddie Foxxx,Hip-Hop / Rap / R&B,Drums,by Freddie Foxxx (1994)
Aneurysms,Mr. Dibbs,Hip-Hop / Rap / R&B,Drums,by Mr. Dibbs (1998)
Teddy Bear,G-Wiz (Group),Hip-Hop / Rap / R&B,Drums,by G-Wiz (Group) (1993)
Itt Van Az Idő,Animal Cannibals,Hip-Hop / Rap / R&B,Drums,by Animal Cannibals (1996)
Rough & Tough (Original Version),Brothers of the Mind,Hip-Hop / Rap / R&B,Drums,by Brothers of the Mind (1995)
Tú Y Yo,Supernova (Chile),Rock / Pop,Drums,by Supernova (Chile) (1999)
What I Am,Bassi Maestro,Hip-Hop / Rap / R&B,Drums,by Bassi Maestro (2005)
Green Zones,Atlantic Connection,Easy Listening,Drums,by Atlantic Connection (2009)
Party at My Place (M-Phazes Remix),Bliss N Eso,Hip-Hop / Rap / R&B,Drums,by Bliss N Eso feat. Motley (2006)
Party at My Place (M-Phazes Remix),Motley,Hip-Hop / Rap / R&B,Drums,by Bliss N Eso feat. Motley (2006)
Sorry,F.R.P.,Hip-Hop / Rap / R&B,Drums,by F.R.P. feat. MC Rome and Jocko (1991)
Sorry,MC Rome,Hip-Hop / Rap / R&B,Drums,by F.R.P. feat. MC Rome and Jocko (1991)
Sorry,Jocko,Hip-Hop / Rap / R&B,Drums,by F.R.P. feat. MC Rome and Jocko (1991)
One Mo' Time,MC Hammer,Hip-Hop / Rap / R&B,Drums,by MC Hammer (1994)
Bust the Beat O' Lori,Witch Doctor,Hip-Hop / Rap / R&B,Multiple Elements,by Witch Doctor (1988)
Mervs Tune,Babylon Zoo,Rock / Pop,Drums,by Babylon Zoo (1996)
Impeach (95 1/2Bpm),Simon Harris,Other,Multiple Elements,by Simon Harris (1989)
Money,DJ Cuca,Hip-Hop / Rap / R&B,Drums,by DJ Cuca (1990)
Top of the Hill,Groove B Chill,Hip-Hop / Rap / R&B,Multiple Elements,by Groove B Chill (1990)
Amazin' (Live),Omniscence,Hip-Hop / Rap / R&B,Drums,by Omniscence feat. Big Kap (1995)
Amazin' (Live),Big Kap,Hip-Hop / Rap / R&B,Drums,by Omniscence feat. Big Kap (1995)
七転八倒,Microphone Pager,Hip-Hop / Rap / R&B,Drums,by Microphone Pager (1995)
I Go Down,Vanilla Ice,Hip-Hop / Rap / R&B,Drums,by Vanilla Ice (1994)
Je Fais Des Pompes,Driver,Hip-Hop / Rap / R&B,Drums,by Driver (1998)
Positive Attitude,Rob R-Rock,Hip-Hop / Rap / R&B,Drums,by Rob R-Rock (1989)
Check It Out,Doug E. Fresh,Hip-Hop / Rap / R&B,Drums,by Doug E. Fresh (1992)
Evenflow (Album Intro),Urban Flow,Hip-Hop / Rap / R&B,Drums,by Urban Flow (1998)
Goin’ Off,P.I.D.,Hip-Hop / Rap / R&B,Drums,by P.I.D. (1992)
I Wanna B Ure Lover (Clark Kent Super Mix),F.S. Effect,Hip-Hop / Rap / R&B,Drums,by F.S. Effect feat. Christopher Williams (1991)
I Wanna B Ure Lover (Clark Kent Super Mix),Christopher Williams,Hip-Hop / Rap / R&B,Drums,by F.S. Effect feat. Christopher Williams (1991)
Tales From the Dane Side,Dana Dane,Hip-Hop / Rap / R&B,Drums,by Dana Dane (1990)
Conformist,Mutated Forms,Electronic / Dance,Drums,by Mutated Forms (2009)
Estoy Por Ti,Amistades Peligrosas,Rock / Pop,Drums,by Amistades Peligrosas (1991)
Peaceful Journey (Eddie F's Club Mix),Heavy D & the Boyz,Hip-Hop / Rap / R&B,Drums,by Heavy D & the Boyz (1991)
White Niggazs,N.D.D.,Hip-Hop / Rap / R&B,Multiple Elements,by N.D.D. (1994)
Wildside (Club Remix),Marky Mark and the Funky Bunch,Hip-Hop / Rap / R&B,Drums,by Marky Mark and the Funky Bunch (1991)
Flavor 4 the Wize,Lyrically Distorted,Hip-Hop / Rap / R&B,Drums,by Lyrically Distorted (1992)
I'll Go,Young MC,Hip-Hop / Rap / R&B,Drums,by Young MC (1993)
I Wanna Be Yo Ho (Remix),AMG,Hip-Hop / Rap / R&B,Drums,by AMG (1992)
I Believe,Da New,Hip-Hop / Rap / R&B,Drums,by Da New (1992)
Rap to You,Kid Sensation,Hip-Hop / Rap / R&B,Drums,by Kid Sensation (1992)
Rockin' to the P.M.,Raw Fusion,Hip-Hop / Rap / R&B,Drums,by Raw Fusion (1991)
Sleep With the Fishes,Conejo,Hip-Hop / Rap / R&B,Drums,by Conejo (2005)
Wearing Make Up,Da Beat Terrorists,Hip-Hop / Rap / R&B,Drums,by Da Beat Terrorists and Big Willie Smith (1995)
Wearing Make Up,Big Willie Smith,Hip-Hop / Rap / R&B,Drums,by Da Beat Terrorists and Big Willie Smith (1995)
All About Wars,F.A.T.A.L. Fountain,Hip-Hop / Rap / R&B,Drums,by F.A.T.A.L. Fountain (1997)
Rock On,Ikee,Hip-Hop / Rap / R&B,Drums,by Ikee (1995)
Always on My Mind,Fam-Lee,Hip-Hop / Rap / R&B,Drums,by Fam-Lee (1992)
744,Plug,Electronic / Dance,Drums,by Plug (1995)
Bi-Fi Freak,Feinkost Paranoia,Hip-Hop / Rap / R&B,Drums,by Feinkost Paranoia (1998)
Society Is a Menace,Get Low Playaz,Hip-Hop / Rap / R&B,Drums,by Get Low Playaz (1995)
Goodbye (Hakeem's Remix),Tevin Campbell,Hip-Hop / Rap / R&B,Drums,by Tevin Campbell (1991)
Come and Play With Me,G-Wiz (Group),Hip-Hop / Rap / R&B,Drums,by G-Wiz (Group) (1993)
Lost in the Dark,Tribal Move,Hip-Hop / Rap / R&B,Drums,by Tribal Move (1994)
If I Was,Downtown Science,Hip-Hop / Rap / R&B,Multiple Elements,by Downtown Science (1991)
Top Notch,Sean T,Hip-Hop / Rap / R&B,Drums,by Sean T (1995)
Bitches,Inner City Posse,Hip-Hop / Rap / R&B,Drums,by Inner City Posse (1991)
The Breaks,Pitman,Hip-Hop / Rap / R&B,Multiple Elements,by Pitman (2009)
Get Naked,JCD and the Dawg LB.,Hip-Hop / Rap / R&B,Drums,by JCD and the Dawg LB. (1992)
Zooism,Poison Clan,Hip-Hop / Rap / R&B,Drums,by Poison Clan (1995)
Blackphobia,Compton's Righteous,Hip-Hop / Rap / R&B,Drums,by Compton's Righteous (1991)
I Adore You (Dance Hall Mix),Caron Wheeler,Hip-Hop / Rap / R&B,Drums,by Caron Wheeler (1992)
It's a Ghetto Thang,Herb Superb,Hip-Hop / Rap / R&B,Drums,by Herb Superb (1992)
The Doobie (Radio Version),Prince Ikey C,Hip-Hop / Rap / R&B,Drums,by Prince Ikey C (1992)
Kickin' Afrolistics (Superlistic Edit),The Afros,Hip-Hop / Rap / R&B,Drums,by The Afros (1990)
Evil Twin Glocks,Evil Twins,Hip-Hop / Rap / R&B,Drums,by Evil Twins (1995)
It's a Setup,Soulbrotha,Hip-Hop / Rap / R&B,Drums,by Soulbrotha feat. Rebels to the Grain (2009)
It's a Setup,Rebels to the Grain,Hip-Hop / Rap / R&B,Drums,by Soulbrotha feat. Rebels to the Grain (2009)
Ain't Giving Up Nothing,1 of the Girls,Hip-Hop / Rap / R&B,Drums,by 1 of the Girls (1993)
Bludawnmeyesneekhuz (Through Tha Eyez of a Hood),Kwest Tha Madd Lad,Hip-Hop / Rap / R&B,Drums,by Kwest Tha Madd Lad (1996)
Jock Itch,The Hard Boys,Hip-Hop / Rap / R&B,Drums,by The Hard Boys (1991)
"Had Enuf? (7"" Version)",Al B. Sure!,Hip-Hop / Rap / R&B,Drums,by Al B. Sure! (1990)
Back to the Scene of the Bass,Terminator X,Hip-Hop / Rap / R&B,Hook / Riff,by Terminator X (1991)
No Peace,Headrush,Hip-Hop / Rap / R&B,Drums,by Headrush (1995)
Rudie Smoothness,Upfront Rudies,Hip-Hop / Rap / R&B,Drums,by Upfront Rudies (1993)
Touche Pas a La Drogue,Mikey Mosman,Hip-Hop / Rap / R&B,Drums,by Mikey Mosman (1993)
Lately,Bkwsk,Electronic / Dance,Multiple Elements,by Bkwsk (2013)
Invisible Man,Mysyenceprojek,Hip-Hop / Rap / R&B,Drums,by Mysyenceprojek (1994)
California Livin' (Remix),Mac Dre,Hip-Hop / Rap / R&B,Drums,by Mac Dre feat. Coolio Da Unda Dogg (2002)
California Livin' (Remix),Coolio Da Unda Dogg,Hip-Hop / Rap / R&B,Drums,by Mac Dre feat. Coolio Da Unda Dogg (2002)
Get 'Em Up,Simply Mac-N,Hip-Hop / Rap / R&B,Drums,by Simply Mac-N (1993)
Nuttin but a Hustla,JT the Bigga Figga,Hip-Hop / Rap / R&B,Drums,by JT the Bigga Figga (1992)
Ain't Nuffin Sweet,Bro-N-X,Hip-Hop / Rap / R&B,Drums,by Bro-N-X (1994)
Subliminal Vocab,Mr. Skinz,Hip-Hop / Rap / R&B,Drums,by Mr. Skinz (1995)
Roffer Dan Ooit,Osdorp Posse,Hip-Hop / Rap / R&B,Drums,by Osdorp Posse (1993)
My Reason's Alive,Fa. To.,Electronic / Dance,Drums,by Fa. To. (2007)
Rhythm X,Ultramagnetic MC's,Hip-Hop / Rap / R&B,Drums,by Ultramagnetic MC's (1996)
Daddy's Beats & Scratch Effects,DJ Daddy K,Hip-Hop / Rap / R&B,Multiple Elements,by DJ Daddy K (1991)
Jeden,Kaliber 44,Hip-Hop / Rap / R&B,Drums,by Kaliber 44 (2000)
Get Out My Life,A.L.T.,Hip-Hop / Rap / R&B,Drums,by A.L.T. (1993)
Pure Melanin,Defiant Giants,Hip-Hop / Rap / R&B,Drums,by Defiant Giants (1991)
"Ugyanaz, Mint a 8ker",Dopeman,Hip-Hop / Rap / R&B,Drums,by Dopeman (2005)
L'amore Pensato,Max Gazzè,Rock / Pop,Drums,by Max Gazzè (1998)
Here We Come,Dee Nasty,Hip-Hop / Rap / R&B,Vocals / Lyrics,by Dee Nasty feat. Cut Killer and East (1994)
Here We Come,Cut Killer,Hip-Hop / Rap / R&B,Vocals / Lyrics,by Dee Nasty feat. Cut Killer and East (1994)
Here We Come,East,Hip-Hop / Rap / R&B,Vocals / Lyrics,by Dee Nasty feat. Cut Killer and East (1994)
Education,Ho Frat Ho!,Hip-Hop / Rap / R&B,Drums,by Ho Frat Ho! (1992)
You're So Fine,2 Serious,Electronic / Dance,Hook / Riff,by 2 Serious (1991)
Lookin Back,Dead Prezident$,Hip-Hop / Rap / R&B,Drums,by Dead Prezident$ (1995)
Omvoorbijterijden,Osdorp Posse,Hip-Hop / Rap / R&B,Drums,by Osdorp Posse (1993)
The Breaks According to DJ Slick D,Rhythm Mode:D,Hip-Hop / Rap / R&B,Multiple Elements,by Rhythm Mode:D (1989)
On in the Projects,O.F.T.B.,Hip-Hop / Rap / R&B,Drums,by O.F.T.B. (1992)
976 Dope,Royal Flush (Rap Group),Hip-Hop / Rap / R&B,Drums,by Royal Flush (Rap Group) (1991)
Somethin's Gotta Give,Ronn Gotti,Hip-Hop / Rap / R&B,Drums,by Ronn Gotti (1994)
I Got It All Sewed Up,The Fila Fresh Crew,Hip-Hop / Rap / R&B,Drums,by The Fila Fresh Crew (1991)
Freak of the Week,The Boys,Hip-Hop / Rap / R&B,Drums,by The Boys (1992)
Trippin',M.C. Class,Hip-Hop / Rap / R&B,Drums,by M.C. Class (1993)
Apunta Dispara,Amistades Peligrosas,Rock / Pop,Drums,by Amistades Peligrosas (1997)
L'Audio,Alta Tensione,Hip-Hop / Rap / R&B,Drums,by Alta Tensione (1994)
Fucc Peace,N.O.T.S.,Hip-Hop / Rap / R&B,Drums,by N.O.T.S. (1994)
Life of the D.O.G.,Black 9,Hip-Hop / Rap / R&B,Drums,by Black 9 (1995)
Pump Pump,K-Nock,Hip-Hop / Rap / R&B,Drums,by K-Nock (1994)
In Control,The Fila Fresh Crew,Hip-Hop / Rap / R&B,Drums,by The Fila Fresh Crew (1991)
Nasz Świat,Born Juices,Hip-Hop / Rap / R&B,Drums,by Born Juices (1997)
Smut Council,Smut Peddlers,Hip-Hop / Rap / R&B,Vocals / Lyrics,by Smut Peddlers (2001)
Tuff Is in the House,Tuff Crew,Hip-Hop / Rap / R&B,Multiple Elements,by Tuff Crew (1987)
How You Want It,French Montana,Hip-Hop / Rap / R&B,Drums,by French Montana (2014)
Blind Man See,Soulchef,Hip-Hop / Rap / R&B,Drums,by Soulchef feat. 49ers (Rap Group) (2010)
Blind Man See,49ers (Rap Group),Hip-Hop / Rap / R&B,Drums,by Soulchef feat. 49ers (Rap Group) (2010)
Freestyle,Ol' Dirty Bastard,Hip-Hop / Rap / R&B,Drums,by Ol' Dirty Bastard (1994)
Un Nuage De Fumée,Ideal J,Hip-Hop / Rap / R&B,Drums,by Ideal J (1998)
Out,Pac Div,Hip-Hop / Rap / R&B,Drums,by Pac Div (2011)
"Lickin', Suckin', Fuckin'",Eazy-E,Hip-Hop / Rap / R&B,Drums,by Eazy-E (1995)
1-800 Suicide (Poisonous Mix),Gravediggaz,Hip-Hop / Rap / R&B,Drums,by Gravediggaz feat. Blue Raspberry (1995)
1-800 Suicide (Poisonous Mix),Blue Raspberry,Hip-Hop / Rap / R&B,Drums,by Gravediggaz feat. Blue Raspberry (1995)
The Pimp,Scarface,Hip-Hop / Rap / R&B,Drums,by Scarface (1991)
Flying Fingers,Motorbass,Electronic / Dance,Drums,by Motorbass (1996)
Put Your Weight on It,Big Daddy Kane,Hip-Hop / Rap / R&B,Drums,by Big Daddy Kane (1990)
Morning Glory,Kehlani,Hip-Hop / Rap / R&B,Drums,by Kehlani (2019)
I Like It,Blackstreet,Hip-Hop / Rap / R&B,Drums,by Blackstreet (2002)
Juvenile Delinquintz,Terminator X,Hip-Hop / Rap / R&B,Drums,by Terminator X (1991)
Funky,Ultramagnetic MC's,Hip-Hop / Rap / R&B,Multiple Elements,by Ultramagnetic MC's (1987)
She's Dope! (EPOD Mix),Bell Biv DeVoe,Hip-Hop / Rap / R&B,Drums,by Bell Biv DeVoe (1991)
Recipe of a Hoe,Boss,Hip-Hop / Rap / R&B,Drums,by Boss (1993)
Wake Up,IAM,Hip-Hop / Rap / R&B,Drums,by IAM (1989)
In Your Area,Peanut Butter Wolf,Hip-Hop / Rap / R&B,Vocals / Lyrics,by Peanut Butter Wolf feat. Planet Asia (1998)
In Your Area,Planet Asia,Hip-Hop / Rap / R&B,Vocals / Lyrics,by Peanut Butter Wolf feat. Planet Asia (1998)
$$$ Girlz,Young Gunz,Hip-Hop / Rap / R&B,Drums,by Young Gunz feat. Juelz Santana (2004)
$$$ Girlz,Juelz Santana,Hip-Hop / Rap / R&B,Drums,by Young Gunz feat. Juelz Santana (2004)
Heaven Is a Halfpipe,OPM,Rock / Pop,Drums,by OPM (2000)
Everybody Jump Around,Richard Jacques,Soul / Funk / Disco,Drums,by Richard Jacques (2001)
Lower the Dynamite,DJ Magic Mike,Hip-Hop / Rap / R&B,Multiple Elements,by DJ Magic Mike (1990)
Tempos Difíceis,Racionais MC's,Hip-Hop / Rap / R&B,Drums,by Racionais MC's (1992)
Jump (Super Cat Mix),Kris Kross,Hip-Hop / Rap / R&B,Drums,by Kris Kross feat. Super Cat (1992)
Jump (Super Cat Mix),Super Cat,Hip-Hop / Rap / R&B,Drums,by Kris Kross feat. Super Cat (1992)
Stuck,Limp Bizkit,Rock / Pop,Drums,by Limp Bizkit (1997)
My Buddy,DJ Jazzy Jeff & the Fresh Prince,Hip-Hop / Rap / R&B,Hook / Riff,by DJ Jazzy Jeff & the Fresh Prince (1988)
Welcome Home,Dizzy Wright,Hip-Hop / Rap / R&B,Drums,by Dizzy Wright feat. Arima Ederra (2013)
Welcome Home,Arima Ederra,Hip-Hop / Rap / R&B,Drums,by Dizzy Wright feat. Arima Ederra (2013)
Cherry Twist,The Crystal Method,Electronic / Dance,Drums,by The Crystal Method (1997)
I Wish That We,The Ansārs,Hip-Hop / Rap / R&B,Drums,by The Ansārs (1991)
The Bloom (AG3),Wale,Hip-Hop / Rap / R&B,Drums,by Wale (2015)
Feelin' Kinda Horny,Roxanne Shanté,Hip-Hop / Rap / R&B,Drums,by Roxanne Shanté (1989)
Picture This,Lloyd Banks,Hip-Hop / Rap / R&B,Drums,by Lloyd Banks (2013)
"Give It Up, Turn It Loose",En Vogue,Hip-Hop / Rap / R&B,Drums,by En Vogue (1992)
Move the Crowd (Democratic 3 Beatmix),Eric B. & Rakim,Hip-Hop / Rap / R&B,Hook / Riff,by Eric B. & Rakim (1987)
Two Minute Brother,BWP,Hip-Hop / Rap / R&B,Drums,by BWP (1990)
Alone Again,Biz Markie,Hip-Hop / Rap / R&B,Drums,by Biz Markie (1991)
I Can't Hold It Back,K-Solo,Hip-Hop / Rap / R&B,Drums,by K-Solo (1992)
Total Kaos,EPMD,Hip-Hop / Rap / R&B,Drums,by EPMD (1989)
How You King?,French Montana,Hip-Hop / Rap / R&B,Drums,by French Montana (2021)
This That Shit,Keith Murray,Hip-Hop / Rap / R&B,Drums,by Keith Murray (1995)
I Keep the Crowd Listening,Lord Finesse,Hip-Hop / Rap / R&B,Vocals / Lyrics,by Lord Finesse and DJ Mike Smooth (1990)
I Keep the Crowd Listening,DJ Mike Smooth,Hip-Hop / Rap / R&B,Vocals / Lyrics,by Lord Finesse and DJ Mike Smooth (1990)
One Mo' Time,Freddie Gibbs,Hip-Hop / Rap / R&B,Drums,by Freddie Gibbs (2009)
Catch of the Day,The Cool Kids,Hip-Hop / Rap / R&B,Drums,by The Cool Kids (2009)
The Flute Tune,Hidden Agenda,Electronic / Dance,Drums,by Hidden Agenda (1995)
If I'm Wit You,R. Kelly,Hip-Hop / Rap / R&B,Multiple Elements,by R. Kelly (1998)
Hip Hop Music,Groove B Chill,Hip-Hop / Rap / R&B,Drums,by Groove B Chill (1990)
Impeach the President,Shortkut,Hip-Hop / Rap / R&B,Multiple Elements,by Shortkut and Roy C. Hammond (2007)
Impeach the President,Roy C. Hammond,Hip-Hop / Rap / R&B,Multiple Elements,by Shortkut and Roy C. Hammond (2007)
Braggin & Boastin,Jungle Brothers,Hip-Hop / Rap / R&B,Multiple Elements,by Jungle Brothers (1988)
Kamurshol,N.W.A,Hip-Hop / Rap / R&B,Vocals / Lyrics,by N.W.A (1990)
Mucho Gusto,Kali Uchis,Hip-Hop / Rap / R&B,Drums,by Kali Uchis (2012)
Gangsta's Fairytale 2,Ice Cube,Hip-Hop / Rap / R&B,Drums,by Ice Cube (1992)
Mind Blowin',The D.O.C.,Hip-Hop / Rap / R&B,Drums,by The D.O.C. (1989)
Sweet Thing,Mick Jagger,Rock / Pop,Drums,by Mick Jagger (1992)
Sensitivity (Extended Version),Ralph Tresvant,Hip-Hop / Rap / R&B,Drums,by Ralph Tresvant (1990)
Cheer (Nomak Remix),Dela,Hip-Hop / Rap / R&B,Drums,by Dela feat. Large Professor (2007)
Cheer (Nomak Remix),Large Professor,Hip-Hop / Rap / R&B,Drums,by Dela feat. Large Professor (2007)
Do the James...,Super Lover Cee & Casanova Rud,Hip-Hop / Rap / R&B,Drums,by Super Lover Cee & Casanova Rud (1988)
We Getz Buzy,Illegal,Hip-Hop / Rap / R&B,Drums,by Illegal feat. Erick Sermon (1993)
We Getz Buzy,Erick Sermon,Hip-Hop / Rap / R&B,Drums,by Illegal feat. Erick Sermon (1993)
Reebok Interlude,Jay-Z,Hip-Hop / Rap / R&B,Drums,by Jay-Z and 50 Cent (2003)
Reebok Interlude,50 Cent,Hip-Hop / Rap / R&B,Drums,by Jay-Z and 50 Cent (2003)
Superman,Lazlo Bane,Rock / Pop,Drums,by Lazlo Bane (2002)
The Session,Arsonists,Hip-Hop / Rap / R&B,Drums,by Arsonists (1996)
Die Röhre,Morlockk Dilemma,Hip-Hop / Rap / R&B,Drums,by Morlockk Dilemma (2011)
(You Ain't Just a Fool) You's an Old Fool,Spoonie Gee,Hip-Hop / Rap / R&B,Multiple Elements,by Spoonie Gee (1988)
Sweat (A La La La La Long) (JJ's Glamarama Dancehall Remix),Inner Circle,Reggae / Dub,Drums,by Inner Circle (1992)
Etoh,The Avalanches,Electronic / Dance,Drums,by The Avalanches (2000)
Check It Out,Grand Puba,Hip-Hop / Rap / R&B,Drums,by Grand Puba feat. Mary J. Blige (1992)
Check It Out,Mary J. Blige,Hip-Hop / Rap / R&B,Drums,by Grand Puba feat. Mary J. Blige (1992)
Head Banger,EPMD,Hip-Hop / Rap / R&B,Drums,by EPMD feat. K-Solo and Redman (1992)
Head Banger,K-Solo,Hip-Hop / Rap / R&B,Drums,by EPMD feat. K-Solo and Redman (1992)
Head Banger,Redman,Hip-Hop / Rap / R&B,Drums,by EPMD feat. K-Solo and Redman (1992)
Be Yourself,Whodini,Hip-Hop / Rap / R&B,Hook / Riff,by Whodini feat. Millie Jackson (1987)
Be Yourself,Millie Jackson,Hip-Hop / Rap / R&B,Hook / Riff,by Whodini feat. Millie Jackson (1987)
No One Knows How to Love Me Quite Like You Do,Aaliyah,Hip-Hop / Rap / R&B,Drums,by Aaliyah (1994)
2345meia78,Gabriel O Pensador,Hip-Hop / Rap / R&B,Drums,by Gabriel O Pensador (1996)
I Got an Attitude,Antoinette,Hip-Hop / Rap / R&B,Drums,by Antoinette (1987)
Givin' Up the Nappy Dugout,Ice Cube,Hip-Hop / Rap / R&B,Drums,by Ice Cube (1991)
Back From Hell,Run-DMC,Hip-Hop / Rap / R&B,Drums,by Run-DMC (1990)
Remember Me,Daley,Hip-Hop / Rap / R&B,Drums,by Daley feat. Jessie J (2012)
Remember Me,Jessie J,Hip-Hop / Rap / R&B,Drums,by Daley feat. Jessie J (2012)
Incredibad,The Lonely Island,Hip-Hop / Rap / R&B,Drums,by The Lonely Island (2009)
Na Szczycie,Grubson,Hip-Hop / Rap / R&B,Drums,by Grubson (2009)
Spread My Wings (Clark Kent Remix),Troop,Hip-Hop / Rap / R&B,Drums,by Troop feat. The Fearless Four (1989)
Spread My Wings (Clark Kent Remix),The Fearless Four,Hip-Hop / Rap / R&B,Drums,by Troop feat. The Fearless Four (1989)
Despiértame,Nicole (Chilean Singer),Rock / Pop,Drums,by Nicole (Chilean Singer) (1997)
Dana Dane With Fame,Dana Dane,Hip-Hop / Rap / R&B,Multiple Elements,by Dana Dane (1987)
Love,The Globetroddas,Hip-Hop / Rap / R&B,Drums,by The Globetroddas (2004)
Basketball Jones,Barry White,Hip-Hop / Rap / R&B,Drums,by Barry White and Chris Rock (1996)
Basketball Jones,Chris Rock,Hip-Hop / Rap / R&B,Drums,by Barry White and Chris Rock (1996)
Come & Talk to Me (Radio Remix),Jodeci,Hip-Hop / Rap / R&B,Drums,by Jodeci (1992)
Holding You Down (Goin' in Circles),Jazmine Sullivan,Hip-Hop / Rap / R&B,Drums,by Jazmine Sullivan (2010)
Don't Quit Your Day Job!,Joey Bada$$,Hip-Hop / Rap / R&B,Drums,by Joey Bada$$ (2013)
Rebel of the Underground,2Pac,Hip-Hop / Rap / R&B,Drums,by 2Pac (1991)
Kiss You Back,Digital Underground,Hip-Hop / Rap / R&B,Drums,by Digital Underground (1991)
As We Go,DJ Jazzy Jeff & the Fresh Prince,Hip-Hop / Rap / R&B,Multiple Elements,by DJ Jazzy Jeff & the Fresh Prince (1988)
How Ya Doin'?,Little Mix,Rock / Pop,Drums,by Little Mix (2012)
10% Dis,MC Lyte,Hip-Hop / Rap / R&B,Drums,by MC Lyte feat. Audio Two (1988)
10% Dis,Audio Two,Hip-Hop / Rap / R&B,Drums,by MC Lyte feat. Audio Two (1988)
Rosana,Wax,Hip-Hop / Rap / R&B,Drums,by Wax (2012)
Jazzie's Groove,Soul II Soul,Hip-Hop / Rap / R&B,Drums,by Soul II Soul (1989)
Back 2 Life 2001,DJ Clue,Hip-Hop / Rap / R&B,Drums,by DJ Clue feat. Mary J. Blige and Jadakiss (2001)
Back 2 Life 2001,Mary J. Blige,Hip-Hop / Rap / R&B,Drums,by DJ Clue feat. Mary J. Blige and Jadakiss (2001)
Back 2 Life 2001,Jadakiss,Hip-Hop / Rap / R&B,Drums,by DJ Clue feat. Mary J. Blige and Jadakiss (2001)
Live at Broadway International (1983),Force M.C.'s,Hip-Hop / Rap / R&B,Drums,by Force M.C.'s (1983)
And Ya Don't Stop,Warren G,Hip-Hop / Rap / R&B,Drums,by Warren G (1994)
Last of the Spiddyocks,Digable Planets,Hip-Hop / Rap / R&B,Drums,by Digable Planets (1993)
The Dayz of Wayback,N.W.A,Hip-Hop / Rap / R&B,Drums,by N.W.A (1991)
Impeach the President,DJ Green Lantern,Hip-Hop / Rap / R&B,Multiple Elements,"by DJ Green Lantern and Just Blaze feat. Saigon, Immortal Technique and Dead Prez (2006)"
Impeach the President,Just Blaze,Hip-Hop / Rap / R&B,Multiple Elements,"by DJ Green Lantern and Just Blaze feat. Saigon, Immortal Technique and Dead Prez (2006)"
Impeach the President,Saigon,Hip-Hop / Rap / R&B,Multiple Elements,"by DJ Green Lantern and Just Blaze feat. Saigon, Immortal Technique and Dead Prez (2006)"
Impeach the President,Immortal Technique,Hip-Hop / Rap / R&B,Multiple Elements,"by DJ Green Lantern and Just Blaze feat. Saigon, Immortal Technique and Dead Prez (2006)"
Impeach the President,Dead Prez,Hip-Hop / Rap / R&B,Multiple Elements,"by DJ Green Lantern and Just Blaze feat. Saigon, Immortal Technique and Dead Prez (2006)"
"Luv Me, Luv Me",Shaggy,Reggae / Dub,Multiple Elements,by Shaggy feat. Janet Jackson (1998)
"Luv Me, Luv Me",Janet Jackson,Reggae / Dub,Multiple Elements,by Shaggy feat. Janet Jackson (1998)
"Make the Music With Your Mouth, Biz",Biz Markie,Hip-Hop / Rap / R&B,Drums,by Biz Markie feat. T.J. Swan (1986)
"Make the Music With Your Mouth, Biz",T.J. Swan,Hip-Hop / Rap / R&B,Drums,by Biz Markie feat. T.J. Swan (1986)
I'm Not Over You (Flava Mix),CeCe Peniston,Rock / Pop,Drums,by CeCe Peniston (1994)
The Bridge Is Over,Boogie Down Productions,Hip-Hop / Rap / R&B,Drums,by Boogie Down Productions (1987)
Eric B. Is President (Original Mix),Eric B.,Hip-Hop / Rap / R&B,Drums,by Eric B. feat. Rakim (1986)
Eric B. Is President (Original Mix),Rakim,Hip-Hop / Rap / R&B,Drums,by Eric B. feat. Rakim (1986)
Gangsta Gangsta,N.W.A,Hip-Hop / Rap / R&B,Drums,by N.W.A (1988)
P + H,Dom Kennedy,Hip-Hop / Rap / R&B,Drums,by Dom Kennedy (2012)
Mr. Loverman,Shabba Ranks,Reggae / Dub,Drums,by Shabba Ranks (1992)
Just Like Daddy,Makaveli,Hip-Hop / Rap / R&B,Drums,by Makaveli (1996)
Eazy-Duz-It,Eazy-E,Hip-Hop / Rap / R&B,Drums,by Eazy-E (1988)
Funky for You,Nice & Smooth,Hip-Hop / Rap / R&B,Drums,by Nice & Smooth (1989)
Bloody Money,Capone-N-Noreaga,Hip-Hop / Rap / R&B,Drums,by Capone-N-Noreaga (1997)
Imported Goods,Action Bronson,Hip-Hop / Rap / R&B,Drums,by Action Bronson (2009)
Smooth Operator,Big Daddy Kane,Hip-Hop / Rap / R&B,Drums,by Big Daddy Kane (1989)
Slow Motion,Panda Bear,Electronic / Dance,Drums,by Panda Bear (2010)
