The Story of O.J.,Jay-Z,Hip-Hop / Rap / R&B,Drums,by Jay-Z (2017)
Come Clean,Jeru the Damaja,Hip-Hop / Rap / R&B,Drums,by Jeru the Damaja (1993)
Owner of a Lonely Heart,Yes,Rock / Pop,Multiple Elements,by Yes (1983)
The New Style,Beastie Boys,Hip-Hop / Rap / R&B,Hook / Riff,by Beastie Boys (1986)
Beat Box,Art of Noise,Electronic / Dance,Multiple Elements,by Art of Noise (1983)
Growin' Up in the Hood,Compton's Most Wanted,Hip-Hop / Rap / R&B,Drums,by Compton's Most Wanted (1991)
Girl You Know It's True,Milli Vanilli,Rock / Pop,Sound Effect / Other,by Milli Vanilli (1988)
The Full Retard,El-P,Hip-Hop / Rap / R&B,Sound Effect / Other,by El-P (2012)
AJ Scratch,Kurtis Blow,Hip-Hop / Rap / R&B,Sound Effect / Other,by Kurtis Blow (1984)
Let's Talk About Sex,Salt-N-Pepa,Hip-Hop / Rap / R&B,Sound Effect / Other,by Salt-N-Pepa (1990)
Lick the Balls,Slick Rick,Hip-Hop / Rap / R&B,Sound Effect / Other,by Slick Rick (1988)
The Floor (Raw With Bass),Johnny Gill,Hip-Hop / Rap / R&B,Sound Effect / Other,by Johnny Gill (1993)
Deathwish I,Sid & B-Tonn,Hip-Hop / Rap / R&B,Sound Effect / Other,by Sid & B-Tonn (1990)
Welcome to the Terrordome,Public Enemy,Hip-Hop / Rap / R&B,Drums,by Public Enemy (1989)
Megablast,Public Enemy,Hip-Hop / Rap / R&B,Sound Effect / Other,by Public Enemy (1987)
Come See Me,112,Hip-Hop / Rap / R&B,Hook / Riff,by 112 feat. Mr. Cheeks (1996)
Come See Me,Mr. Cheeks,Hip-Hop / Rap / R&B,Hook / Riff,by 112 feat. Mr. Cheeks (1996)
The Story of O.J.,Jay-Z,Hip-Hop / Rap / R&B,Drums,by Jay-Z (2017)
Come Clean,Jeru the Damaja,Hip-Hop / Rap / R&B,Drums,by Jeru the Damaja (1993)
Owner of a Lonely Heart,Yes,Rock / Pop,Multiple Elements,by Yes (1983)
The New Style,Beastie Boys,Hip-Hop / Rap / R&B,Hook / Riff,by Beastie Boys (1986)
Beat Box,Art of Noise,Electronic / Dance,Multiple Elements,by Art of Noise (1983)
Growin' Up in the Hood,Compton's Most Wanted,Hip-Hop / Rap / R&B,Drums,by Compton's Most Wanted (1991)
Girl You Know It's True,Milli Vanilli,Rock / Pop,Sound Effect / Other,by Milli Vanilli (1988)
The Full Retard,El-P,Hip-Hop / Rap / R&B,Sound Effect / Other,by El-P (2012)
AJ Scratch,Kurtis Blow,Hip-Hop / Rap / R&B,Sound Effect / Other,by Kurtis Blow (1984)
Let's Talk About Sex,Salt-N-Pepa,Hip-Hop / Rap / R&B,Sound Effect / Other,by Salt-N-Pepa (1990)
Lick the Balls,Slick Rick,Hip-Hop / Rap / R&B,Sound Effect / Other,by Slick Rick (1988)
The Floor (Raw With Bass),Johnny Gill,Hip-Hop / Rap / R&B,Sound Effect / Other,by Johnny Gill (1993)
Deathwish I,Sid & B-Tonn,Hip-Hop / Rap / R&B,Sound Effect / Other,by Sid & B-Tonn (1990)
Welcome to the Terrordome,Public Enemy,Hip-Hop / Rap / R&B,Drums,by Public Enemy (1989)
Megablast,Public Enemy,Hip-Hop / Rap / R&B,Sound Effect / Other,by Public Enemy (1987)
Come See Me,112,Hip-Hop / Rap / R&B,Hook / Riff,by 112 feat. Mr. Cheeks (1996)
Come See Me,Mr. Cheeks,Hip-Hop / Rap / R&B,Hook / Riff,by 112 feat. Mr. Cheeks (1996)
Tryin' to Stop Ya,Taalam,Hip-Hop / Rap / R&B,Drums,by Taalam (1992)
Side A,Butchwax,Hip-Hop / Rap / R&B,Multiple Elements,by Butchwax (1999)
Words of an Attitude,Sons of Soul,Hip-Hop / Rap / R&B,Sound Effect / Other,by Sons of Soul (1991)
River Niger,Gappa G & Hyper Hypa,Electronic / Dance,Drums,by Gappa G & Hyper Hypa (1994)
The Barrington,Unknown Artist (Ruff Kut!),Electronic / Dance,Drums,by Unknown Artist (Ruff Kut!) (1992)
This Is How We Swing,Natives of the New World,Hip-Hop / Rap / R&B,Drums,by Natives of the New World (1992)
My Brother's Keeper,PMC (2),Hip-Hop / Rap / R&B,Hook / Riff,"by PMC (2) feat. Brown Bomber, Money Mogul and S.U.N. (1998)"
My Brother's Keeper,Brown Bomber,Hip-Hop / Rap / R&B,Hook / Riff,"by PMC (2) feat. Brown Bomber, Money Mogul and S.U.N. (1998)"
My Brother's Keeper,Money Mogul,Hip-Hop / Rap / R&B,Hook / Riff,"by PMC (2) feat. Brown Bomber, Money Mogul and S.U.N. (1998)"
My Brother's Keeper,S.U.N.,Hip-Hop / Rap / R&B,Hook / Riff,"by PMC (2) feat. Brown Bomber, Money Mogul and S.U.N. (1998)"
Hop Off the Bandwagon,Da Grip,Hip-Hop / Rap / R&B,Multiple Elements,by Da Grip (1993)
Stunning With a Mic,2 Shades of Black,Hip-Hop / Rap / R&B,Drums,by 2 Shades of Black (1993)
Course of Action,Scratch Perverts,Other,Multiple Elements,by Scratch Perverts (1998)
Running So Hard,Sophia,Electronic / Dance,Sound Effect / Other,by Sophia (1992)
Runnin Amok,Def Wish Cast,Hip-Hop / Rap / R&B,Sound Effect / Other,by Def Wish Cast (1993)
Looking for Busta,X-Cess,Hip-Hop / Rap / R&B,Hook / Riff,by X-Cess (1993)
Affect,Asymmetric,Electronic / Dance,Drums,by Asymmetric (2017)
Retaliation,F.E.W.D.,Hip-Hop / Rap / R&B,Drums,by F.E.W.D. (1993)
Two Bad Brovas,Bashton the Invizabul Mang,Hip-Hop / Rap / R&B,Sound Effect / Other,by Bashton the Invizabul Mang (1997)
La Vida De Una Estrella,Gerardo,Hip-Hop / Rap / R&B,Sound Effect / Other,by Gerardo (1994)
Double J'z Tantrum,Double J,Hip-Hop / Rap / R&B,Hook / Riff,by Double J (1991)
Don't Do It,RJ (Jungle Producer),Electronic / Dance,Drums,by RJ (Jungle Producer) (1993)
Killer Shark (Radio Edit),Hithard,Hip-Hop / Rap / R&B,Multiple Elements,by Hithard (1997)
You Can't Handle the Format,First Degree the D.E.,Hip-Hop / Rap / R&B,Sound Effect / Other,by First Degree the D.E. (1992)
Faithful,II Close,Hip-Hop / Rap / R&B,Sound Effect / Other,by II Close (1993)
King of the Beats,Dan the Automator,Hip-Hop / Rap / R&B,Multiple Elements,by Dan the Automator feat. MC Twan (1990)
King of the Beats,MC Twan,Hip-Hop / Rap / R&B,Multiple Elements,by Dan the Automator feat. MC Twan (1990)
The Jack That House Clubbed,Jack 'N' Chill,Electronic / Dance,Hook / Riff,by Jack 'N' Chill (1988)
Chance to Advance,Neighbourhood Threat,Hip-Hop / Rap / R&B,Drums,by Neighbourhood Threat (2014)
Money Spent,Da Homlez,Hip-Hop / Rap / R&B,Drums,by Da Homlez (1995)
Tha Destroya,MC Mac Vell,Hip-Hop / Rap / R&B,Multiple Elements,by MC Mac Vell (1992)
Believe In,Ironik (Breakbeat),Electronic / Dance,Multiple Elements,by Ironik (Breakbeat) (1993)
Alias Crazy Rak,Too Short,Hip-Hop / Rap / R&B,Hook / Riff,by Too Short (1989)
Only the Strong Survive,Kurtis Blow,Hip-Hop / Rap / R&B,Hook / Riff,by Kurtis Blow (1988)
It's a Bud Thing,Smiley,Hip-Hop / Rap / R&B,Drums,by Smiley (1992)
Santa's Beat Box,Cutmaster D.C.,Hip-Hop / Rap / R&B,Sound Effect / Other,by Cutmaster D.C. (1986)
Endstation Abschiebehaft,Anarchist Academy,Hip-Hop / Rap / R&B,Drums,by Anarchist Academy (1998)
Black Is the Light,B.L.A.C.K.,Hip-Hop / Rap / R&B,Multiple Elements,by B.L.A.C.K. (1992)
Smoke Up My Ass,Milk Dee,Hip-Hop / Rap / R&B,Hook / Riff,by Milk Dee (1994)
Sac's Maniac,The Crisis,Hip-Hop / Rap / R&B,Hook / Riff,by The Crisis (1994)
Bikes & Cars,Smoov Lyn,Hip-Hop / Rap / R&B,Hook / Riff,by Smoov Lyn (1988)
Work It Out (Platinum Vocal Extended),Monie Love,Hip-Hop / Rap / R&B,Drums,by Monie Love (1991)
Represent,Kaotic Style,Hip-Hop / Rap / R&B,Drums,by Kaotic Style (1995)
Echte Liefde,Osdorp Posse,Hip-Hop / Rap / R&B,Drums,by Osdorp Posse (1995)
90008 Remix,Supherb,Hip-Hop / Rap / R&B,Drums,by Supherb (2000)
Power Move,MC Trouble,Hip-Hop / Rap / R&B,Sound Effect / Other,by MC Trouble (1990)
Intro,Comitato,Hip-Hop / Rap / R&B,Drums,by Comitato (1993)
Masquerade,Bustin' Melonz,Hip-Hop / Rap / R&B,Drums,by Bustin' Melonz (1994)
5 Boros,Crazy Sam,Hip-Hop / Rap / R&B,Drums,by Crazy Sam and Da Verbal Assassins (1994)
5 Boros,Da Verbal Assassins,Hip-Hop / Rap / R&B,Drums,by Crazy Sam and Da Verbal Assassins (1994)
Topeng,Iwa K,Hip-Hop / Rap / R&B,Drums,by Iwa K (1994)
The Tease,Smiley,Hip-Hop / Rap / R&B,Drums,by Smiley (1991)
The Coming,The First Sons,Hip-Hop / Rap / R&B,Drums,by The First Sons (1992)
It's the Ex,Tony Scott,Hip-Hop / Rap / R&B,Hook / Riff,by Tony Scott (1993)
Intoxicated,Greyson & Jasun,Hip-Hop / Rap / R&B,Hook / Riff,by Greyson & Jasun (1991)
I'm Not a Criminal,Maximum Security,Hip-Hop / Rap / R&B,Hook / Riff,by Maximum Security (1990)
Don't Forget Where You Come From,Black Dynasty,Hip-Hop / Rap / R&B,Hook / Riff,by Black Dynasty (1993)
Daddy's Dance,Benny B,Hip-Hop / Rap / R&B,Sound Effect / Other,by Benny B (1992)
Keep It Goin',True Culture,Hip-Hop / Rap / R&B,Multiple Elements,by True Culture (1991)
Timecode Jungle (Jungle Juice Mix),2 Ruff (Dance),Electronic / Dance,Hook / Riff,by 2 Ruff (Dance) (1990)
Surrender Your Heart,Linear,Rock / Pop,Sound Effect / Other,by Linear (1992)
My Life Story,MC Price and DJ Double Trouble,Hip-Hop / Rap / R&B,Hook / Riff,by MC Price and DJ Double Trouble (1991)
Nerf Herder,Luke Vibert,Electronic / Dance,Drums,by Luke Vibert (2014)
You Know the Rules,Dangerous Dame,Hip-Hop / Rap / R&B,Drums,by Dangerous Dame (1992)
Unsung Heroes of Hip Hop,Subsonic 2,Hip-Hop / Rap / R&B,Multiple Elements,by Subsonic 2 (1991)
I'm on It (The Original Basement Jam),The Original MC Fresh,Hip-Hop / Rap / R&B,Hook / Riff,by The Original MC Fresh (1989)
Dope Material,Dose Material,Hip-Hop / Rap / R&B,Multiple Elements,by Dose Material (1988)
Break It Down,Jackstreet Inc.,Electronic / Dance,Sound Effect / Other,by Jackstreet Inc. (1989)
Power of Rhyme,Kid Sensation,Hip-Hop / Rap / R&B,Hook / Riff,by Kid Sensation (1992)
Shade Tree Gangsta,Raheem,Hip-Hop / Rap / R&B,Drums,by Raheem (1992)
Beatin Down KRS,Butchy-B,Hip-Hop / Rap / R&B,Sound Effect / Other,by Butchy-B (1988)
Ruff in the Comfort Zone,DJ Massive,Electronic / Dance,Drums,by DJ Massive (1992)
133.6,The Ace of Clubs,Electronic / Dance,Drums,by The Ace of Clubs (2002)
Sudden Impact,Construction,Hip-Hop / Rap / R&B,Sound Effect / Other,by Construction (1990)
Father to M.C.'s,L.A. Posse,Hip-Hop / Rap / R&B,Hook / Riff,by L.A. Posse (1991)
I Owt,Shades of Culture,Hip-Hop / Rap / R&B,Drums,by Shades of Culture (1993)
Killer B,Katch 22,Hip-Hop / Rap / R&B,Drums,by Katch 22 (1993)
Meaning (The Amalgamation of Soundz Rework),Richard Davis,Electronic / Dance,Multiple Elements,by Richard Davis (2003)
More Things Than One,Lonnie O,Hip-Hop / Rap / R&B,Drums,by Lonnie O (1992)
Notorious,The First Sons,Hip-Hop / Rap / R&B,Hook / Riff,by The First Sons (1992)
Dance to the Rhythm,Dr. X,Hip-Hop / Rap / R&B,Sound Effect / Other,by Dr. X (1990)
Suckaz Tri 2 Play Me,Smokin Suckaz Wit Logic,Hip-Hop / Rap / R&B,Hook / Riff,by Smokin Suckaz Wit Logic (1993)
Sounds Off,Maestro (2),Hip-Hop / Rap / R&B,Hook / Riff,by Maestro (2) (1986)
Three Bells,Bombalurina,Rock / Pop,Drums,by Bombalurina (1990)
I'll Be Forever Your Man,Oh Well,Rock / Pop,Sound Effect / Other,by Oh Well (1990)
The Waxos VS. DJ Furrypile,Waxolutionists,Hip-Hop / Rap / R&B,Sound Effect / Other,by Waxolutionists feat. DJ Furrypile (1999)
The Waxos VS. DJ Furrypile,DJ Furrypile,Hip-Hop / Rap / R&B,Sound Effect / Other,by Waxolutionists feat. DJ Furrypile (1999)
They Never Heard It Like This,The Aimighty M.C.'s,Hip-Hop / Rap / R&B,Multiple Elements,by The Aimighty M.C.'s (1989)
Speed It Up a Little Faster,Zee Rocks the Copy,Hip-Hop / Rap / R&B,Multiple Elements,by Zee Rocks the Copy (1989)
Hip Hop Holiday,3 the Hard Way,Hip-Hop / Rap / R&B,Sound Effect / Other,by 3 the Hard Way feat. Bobbylon (1994)
Hip Hop Holiday,Bobbylon,Hip-Hop / Rap / R&B,Sound Effect / Other,by 3 the Hard Way feat. Bobbylon (1994)
El Paré,El General,Hip-Hop / Rap / R&B,Sound Effect / Other,by El General (1991)
Neighborhood Tramp,Dooley-O,Hip-Hop / Rap / R&B,Multiple Elements,by Dooley-O (2003)
If It Ain't a Caddy (It Ain't a Car),Double J,Hip-Hop / Rap / R&B,Multiple Elements,by Double J (1991)
Your My Opponent,MC Sergio,Hip-Hop / Rap / R&B,Sound Effect / Other,by MC Sergio (1989)
Don't It Make You Feel Good,Stefan Dennis,Rock / Pop,Multiple Elements,by Stefan Dennis (1988)
Terminators,Steve Wetherill,Soundtrack / Library,Multiple Elements,by Steve Wetherill (1990)
Etwas Ist Faul,DCS,Hip-Hop / Rap / R&B,Drums,by DCS (1993)
Ainsi Va La Vie,Mellowman,Hip-Hop / Rap / R&B,Sound Effect / Other,by Mellowman (1995)
All or Nothing (The U.S. Mega Mix),Milli Vanilli,Electronic / Dance,Sound Effect / Other,by Milli Vanilli (1989)
Enforcer Brittanica,C418,Electronic / Dance,Drums,by C418 (2012)
Funky Man (You Better Run),R+R,Electronic / Dance,Multiple Elements,by R+R (1988)
Justice (Just Us) (The Mase Remix),Ruthless Rap Assassins,Hip-Hop / Rap / R&B,Drums,by Ruthless Rap Assassins (1991)
Rima Cibo Per La Mente,Otierre,Hip-Hop / Rap / R&B,Hook / Riff,by Otierre (1992)
Streetwise,MC Miker G,Hip-Hop / Rap / R&B,Drums,by MC Miker G (1990)
This Is a Recording,Gee Rock & Tha C.N.D. Coalition,Hip-Hop / Rap / R&B,Hook / Riff,by Gee Rock & Tha C.N.D. Coalition (1993)
Boogie Back,The Scam,Hip-Hop / Rap / R&B,Multiple Elements,by The Scam (1988)
Two Mo Minnis,Royal Flush (Rap Group),Hip-Hop / Rap / R&B,Hook / Riff,by Royal Flush (Rap Group) (1988)
Pump Ya Fist,MC Brains,Hip-Hop / Rap / R&B,Sound Effect / Other,by MC Brains (1992)
Pure Melanin,Defiant Giants,Hip-Hop / Rap / R&B,Multiple Elements,by Defiant Giants (1991)
Def Joun,Tuff Crew,Hip-Hop / Rap / R&B,Hook / Riff,by Tuff Crew (1987)
Sandee,J.V.C. F.O.R.C.E.,Hip-Hop / Rap / R&B,Sound Effect / Other,by J.V.C. F.O.R.C.E. (1990)
More Beats and Pieces (DJ Lord Fader Turntable Mix),Coldcut,Hip-Hop / Rap / R&B,Sound Effect / Other,by Coldcut (1998)
Once Upon a Time,IAM,Hip-Hop / Rap / R&B,Hook / Riff,by IAM (2019)
The Chase,Royal House,Electronic / Dance,Drums,by Royal House (1988)
The Breaks According to DJ Slick D,Rhythm Mode:D,Hip-Hop / Rap / R&B,Drums,by Rhythm Mode:D (1989)
Zwart-Wit,Osdorp Posse,Hip-Hop / Rap / R&B,Drums,by Osdorp Posse (1992)
"Blame It on Tha ""Bounce""",PxMxWx,Hip-Hop / Rap / R&B,Sound Effect / Other,by PxMxWx (1994)
Hit Em in Da Head,Ali Dee,Hip-Hop / Rap / R&B,Drums,by Ali Dee (1993)
Rockit 2.002 (Full Length Version),Herbie Hancock,Hip-Hop / Rap / R&B,Sound Effect / Other,by Herbie Hancock (2002)
Gangsta Story,E-Play Smooth,Hip-Hop / Rap / R&B,Drums,by E-Play Smooth (1992)
Hi Lo Cut,Loose J and the Master of Wax,Hip-Hop / Rap / R&B,Multiple Elements,by Loose J and the Master of Wax (1988)
I'm Blowin' Up,Kool Moe Dee,Hip-Hop / Rap / R&B,Hook / Riff,by Kool Moe Dee (1989)
War of the Race,Underground Source,Hip-Hop / Rap / R&B,Drums,by Underground Source (1990)
Itchy Vinyl Session Part II: Babylon 5,DJ JS-One,Hip-Hop / Rap / R&B,Sound Effect / Other,by DJ JS-One and DJ Spinbad (1997)
Itchy Vinyl Session Part II: Babylon 5,DJ Spinbad,Hip-Hop / Rap / R&B,Sound Effect / Other,by DJ JS-One and DJ Spinbad (1997)
Get Bizzy,Greyson & Jasun,Hip-Hop / Rap / R&B,Sound Effect / Other,by Greyson & Jasun (1991)
Classic Rock,Kid Rock,Hip-Hop / Rap / R&B,Hook / Riff,by Kid Rock (1996)
You Can't Jam,True Love,Hip-Hop / Rap / R&B,Hook / Riff,by True Love (1988)
Impressive Depressive,DV3,Hip-Hop / Rap / R&B,Hook / Riff,by DV3 (1986)
Have You Got Any More Spam (No Don't Yam Pork Remix),Nick OD,Electronic / Dance,Multiple Elements,by Nick OD (1992)
Amadeus,N-Trance,Electronic / Dance,Drums,by N-Trance (1997)
Censuur,Osdorp Posse,Hip-Hop / Rap / R&B,Drums,by Osdorp Posse (1992)
Potion (U Jane Mix),Down Low,Hip-Hop / Rap / R&B,Drums,by Down Low (1996)
Funky Swim,Pio Bo,Electronic / Dance,Drums,by Pio Bo (1993)
The Uzteks,Steve Wetherill,Soundtrack / Library,Sound Effect / Other,by Steve Wetherill (1990)
Daddy's Beats & Scratch Effects,DJ Daddy K,Hip-Hop / Rap / R&B,Hook / Riff,by DJ Daddy K (1991)
Soaking,Day Squad,Hip-Hop / Rap / R&B,Hook / Riff,by Day Squad (1988)
Respect,S.F.C.,Hip-Hop / Rap / R&B,Drums,by S.F.C. (1994)
Welfare News,Sir Ham,Hip-Hop / Rap / R&B,Sound Effect / Other,by Sir Ham (1990)
Battle Breaks 82 - 84 (Side A),DJ Dee Nasty,Hip-Hop / Rap / R&B,Drums,by DJ Dee Nasty (2001)
Soaking,D. Day Squad,Hip-Hop / Rap / R&B,Hook / Riff,by D. Day Squad (1988)
Running on Sunshine,Jesus Jackson,Electronic / Dance,Drums,by Jesus Jackson (2006)
Mega Mix V,2 Live Crew,Hip-Hop / Rap / R&B,Sound Effect / Other,by 2 Live Crew (1991)
Dollar Dreams,DJ Jubilee,Hip-Hop / Rap / R&B,Multiple Elements,by DJ Jubilee feat. Bigg Ramp (1998)
Dollar Dreams,Bigg Ramp,Hip-Hop / Rap / R&B,Multiple Elements,by DJ Jubilee feat. Bigg Ramp (1998)
Super Bass,Smokey Dee,Hip-Hop / Rap / R&B,Hook / Riff,by Smokey Dee and Grandmaster Love (1987)
Super Bass,Grandmaster Love,Hip-Hop / Rap / R&B,Hook / Riff,by Smokey Dee and Grandmaster Love (1987)
A-ha,Nona Reeves,Rock / Pop,Hook / Riff,by Nona Reeves (2009)
Strictly for Business,Finesse & Synquis,Hip-Hop / Rap / R&B,Sound Effect / Other,by Finesse & Synquis (1988)
And I'm Ron C,Ron C,Hip-Hop / Rap / R&B,Drums,by Ron C (1992)
Here We Go Again,King Bee,Hip-Hop / Rap / R&B,Multiple Elements,by King Bee (1993)
Kick Out the James,Floormaster Squeeze,Electronic / Dance,Hook / Riff,by Floormaster Squeeze (1988)
Go for Your Guns,Kool G Rap & DJ Polo,Hip-Hop / Rap / R&B,Drums,by Kool G Rap & DJ Polo (1992)
Welcome to the Yard,Off Tha Corna,Hip-Hop / Rap / R&B,Drums,by Off Tha Corna (1992)
Hard as Hell (Vocal),Chillin Dré,Hip-Hop / Rap / R&B,Sound Effect / Other,by Chillin Dré (1987)
Road to My Riches (Live),Vanilla Ice,Hip-Hop / Rap / R&B,Drums,by Vanilla Ice (1991)
Chilled,DJ Shadow,Hip-Hop / Rap / R&B,Hook / Riff,by DJ Shadow and Cut Chemist (2008)
Chilled,Cut Chemist,Hip-Hop / Rap / R&B,Hook / Riff,by DJ Shadow and Cut Chemist (2008)
Hit Me,DJ KJ & MC Kooley C,Hip-Hop / Rap / R&B,Sound Effect / Other,by DJ KJ & MC Kooley C (1988)
Gimmie What Cha Got,FM (2),Hip-Hop / Rap / R&B,Hook / Riff,by FM (2) (1992)
900 Anthem,YZ,Hip-Hop / Rap / R&B,Hook / Riff,by YZ (1994)
They Shoulda Killed Me,Brokin English Klik,Hip-Hop / Rap / R&B,Drums,by Brokin English Klik (1993)
Roc Steady,MC Lõc,Hip-Hop / Rap / R&B,Drums,by MC Lõc (1994)
Final Chapter,Compton's Most Wanted,Hip-Hop / Rap / R&B,Drums,by Compton's Most Wanted (1990)
Cartoons,Da Youngsta's,Hip-Hop / Rap / R&B,Hook / Riff,by Da Youngsta's (1992)
I Like My Beats Hard,Mad Doctor X,Electronic / Dance,Drums,by Mad Doctor X (1996)
Great Five Lakes,Buffalo Daughter,Rock / Pop,Hook / Riff,by Buffalo Daughter (1998)
Wait Till I Get Home,C-Note (2),Rock / Pop,Sound Effect / Other,by C-Note (2) (1999)
Infinite Potential,Luke Vibert,Electronic / Dance,Drums,by Luke Vibert (2007)
Love Struck,Tony! Toni! Toné!,Hip-Hop / Rap / R&B,Hook / Riff,by Tony! Toni! Toné! (1988)
Get Funky Everybody,True Mathematics,Hip-Hop / Rap / R&B,Hook / Riff,by True Mathematics (1988)
Blow My Sox Off,King Tee,Hip-Hop / Rap / R&B,Hook / Riff,by King Tee (1993)
Chain (Follow Up 30 Mix),Back-On,Soundtrack / Library,Sound Effect / Other,by Back-On (2007)
Do You Speak Martien? (Lunatic Mix),DJ Daddy K,Hip-Hop / Rap / R&B,Hook / Riff,by DJ Daddy K (1991)
Passion,Purple Penguin,Electronic / Dance,Drums,by Purple Penguin (1996)
Now My Day Begins,Overlord X,Hip-Hop / Rap / R&B,Drums,by Overlord X (1989)
Autobacs,Buffalo Daughter,Rock / Pop,Hook / Riff,by Buffalo Daughter (1998)
High in the Jungle,The Core (Breakbeat Hardcore),Electronic / Dance,Sound Effect / Other,by The Core (Breakbeat Hardcore) (1993)
Gotta Groove,Dynamo Productions,Electronic / Dance,Sound Effect / Other,by Dynamo Productions (2002)
Ain't No Stoppin' the Funky Bunch,Marky Mark and the Funky Bunch,Hip-Hop / Rap / R&B,Sound Effect / Other,by Marky Mark and the Funky Bunch (1991)
Breaktionary Vol.3 Side A,DJ Q-Bert,Soul / Funk / Disco,Multiple Elements,by DJ Q-Bert (2006)
Run,Plug,Electronic / Dance,Drums,by Plug (2012)
Growin' Up in the Hood (Big O.G. Hood Funky Beat Remix),Compton's Most Wanted,Hip-Hop / Rap / R&B,Drums,by Compton's Most Wanted (1991)
Boops (Instrumental),Sly & Robbie,Electronic / Dance,Hook / Riff,by Sly & Robbie (1987)
Top Choice,Awesome Dré,Hip-Hop / Rap / R&B,Sound Effect / Other,by Awesome Dré (1989)
Pharoah of the Kayo,Labtekwon,Hip-Hop / Rap / R&B,Drums,by Labtekwon (1993)
Timbre,The Woodzmen,Hip-Hop / Rap / R&B,Drums,by The Woodzmen (1992)
"Snap, Crackle, Pop",L'Trimm,Hip-Hop / Rap / R&B,Sound Effect / Other,by L'Trimm (1991)
Last Christmas,Rap Allstars,Hip-Hop / Rap / R&B,Hook / Riff,by Rap Allstars feat. Leroy Daniels (1998)
Last Christmas,Leroy Daniels,Hip-Hop / Rap / R&B,Hook / Riff,by Rap Allstars feat. Leroy Daniels (1998)
So Damn Fresh,DJ Zinc,Electronic / Dance,Drums,by DJ Zinc (1995)
Volte / Face (Volte / Flow),Disiz La Peste,Hip-Hop / Rap / R&B,Sound Effect / Other,by Disiz La Peste (2001)
Give It a Rest,She Rockers,Hip-Hop / Rap / R&B,Drums,by She Rockers (1988)
Hit List,Rodney O and Joe Cooley,Hip-Hop / Rap / R&B,Sound Effect / Other,by Rodney O and Joe Cooley (1991)
Brother Brother Brother,Peanut Butter Wolf,Hip-Hop / Rap / R&B,Drums,by Peanut Butter Wolf (2009)
Cool With Nature,Carlton,Electronic / Dance,Hook / Riff,by Carlton (1990)
なんもやる気しねぇ,Rhymester,Hip-Hop / Rap / R&B,Drums,by Rhymester (1993)
Let Us Entertain You,Bambi,Hip-Hop / Rap / R&B,Hook / Riff,by Bambi and Mr. Freeze (1987)
Let Us Entertain You,Mr. Freeze,Hip-Hop / Rap / R&B,Hook / Riff,by Bambi and Mr. Freeze (1987)
Kick the Flavor,Rapmaster Rob,Hip-Hop / Rap / R&B,Drums,by Rapmaster Rob (1993)
Bring the Rock,The New Style,Hip-Hop / Rap / R&B,Hook / Riff,by The New Style (1989)
Make It Funky!,The Scam,Hip-Hop / Rap / R&B,Sound Effect / Other,by The Scam (1988)
Black Is the Word,Cookie Crew,Hip-Hop / Rap / R&B,Drums,by Cookie Crew (1989)
Riddim,Plug,Electronic / Dance,Hook / Riff,by Plug (2006)
Shamalama,King Doe-V,Hip-Hop / Rap / R&B,Hook / Riff,by King Doe-V (1987)
Title Screen (Jordan vs. Bird),Rob Hubbard,Electronic / Dance,Sound Effect / Other,by Rob Hubbard (1988)
Yvonne and Corry,The Microphone Prince,Hip-Hop / Rap / R&B,Hook / Riff,by The Microphone Prince feat. Count Busy D (1986)
Yvonne and Corry,Count Busy D,Hip-Hop / Rap / R&B,Hook / Riff,by The Microphone Prince feat. Count Busy D (1986)
Atmosfear,Mix Master Mike,Hip-Hop / Rap / R&B,Multiple Elements,by Mix Master Mike (1998)
This Is How It Should Be Done,Von Love,Hip-Hop / Rap / R&B,Sound Effect / Other,by Von Love (1988)
The Finest Ingredients,Norman Cook,Hip-Hop / Rap / R&B,Hook / Riff,by Norman Cook (1986)
Catch the Flava (Hip Hop Version),Larry Larr,Hip-Hop / Rap / R&B,Drums,by Larry Larr and Kid Funkie (1992)
Catch the Flava (Hip Hop Version),Kid Funkie,Hip-Hop / Rap / R&B,Drums,by Larry Larr and Kid Funkie (1992)
3 Poets on a Mission,Donald D,Hip-Hop / Rap / R&B,Sound Effect / Other,by Donald D (1991)
Turntable Trix One,Turntable Trix One,Hip-Hop / Rap / R&B,Sound Effect / Other,by Turntable Trix One (1988)
Clap Your Hands,Overlord X,Hip-Hop / Rap / R&B,Drums,by Overlord X (1989)
Mockingbird,Yomo & Maulkie,Hip-Hop / Rap / R&B,Sound Effect / Other,by Yomo & Maulkie (1991)
Superbad,Top Dogz,Soul / Funk / Disco,Sound Effect / Other,by Top Dogz (2011)
Cannan Land,DJ Ron,Electronic / Dance,Drums,by DJ Ron (1994)
Sexy,Masters of Ceremony,Hip-Hop / Rap / R&B,Multiple Elements,by Masters of Ceremony (1988)
A'Cappella/Stylesondeck,Volume 10,Hip-Hop / Rap / R&B,Multiple Elements,by Volume 10 (1994)
When It Breaks,Grandwizzard Johnny'O,Hip-Hop / Rap / R&B,Hook / Riff,by Grandwizzard Johnny'O and The Mighty Sorcerer Crew (1988)
When It Breaks,The Mighty Sorcerer Crew,Hip-Hop / Rap / R&B,Hook / Riff,by Grandwizzard Johnny'O and The Mighty Sorcerer Crew (1988)
So Damn Tuff,Trinity Garden Cartel,Hip-Hop / Rap / R&B,Hook / Riff,by Trinity Garden Cartel (1992)
Début D'Une Sale Histoire,Destroy Man,Hip-Hop / Rap / R&B,Drums,by Destroy Man (1992)
Speedy Life,Tommy Kerisch,Electronic / Dance,Sound Effect / Other,by Tommy Kerisch (1985)
Ghetto State of Mind,Circle of Power,Hip-Hop / Rap / R&B,Drums,by Circle of Power (1993)
Dub Soup,Noodles & Wonder,Electronic / Dance,Drums,by Noodles & Wonder (1994)
Make It Funky Now,Richie Rich,Hip-Hop / Rap / R&B,Sound Effect / Other,by Richie Rich (1989)
Funky Swing,D.A.M.N.,Hip-Hop / Rap / R&B,Drums,by D.A.M.N. (1991)
Black Christ,Bakers of the Holy Bread,Hip-Hop / Rap / R&B,Drums,by Bakers of the Holy Bread feat. Field Nigga Soup (1995)
Black Christ,Field Nigga Soup,Hip-Hop / Rap / R&B,Drums,by Bakers of the Holy Bread feat. Field Nigga Soup (1995)
Scud Beats,Chaos & Julia Set,Electronic / Dance,Drums,by Chaos & Julia Set (1993)
Takin-Charge,Black Pearl Productions,Hip-Hop / Rap / R&B,Sound Effect / Other,by Black Pearl Productions (1990)
Turntable Mix (Flash Tears the Roof Off),Grandmaster Flash,Hip-Hop / Rap / R&B,Drums,by Grandmaster Flash (2002)
Come Now,Luke Vibert,Electronic / Dance,Drums,by Luke Vibert (2020)
Oolioo (West Farm Version),The Hoodz,Hip-Hop / Rap / R&B,Drums,by The Hoodz (1994)
Feel My Power,MC Hammer,Hip-Hop / Rap / R&B,Sound Effect / Other,by MC Hammer (1991)
Seminar 90,Barsha,Hip-Hop / Rap / R&B,Drums,by Barsha (1990)
Nightmare on Chill Street,MC Chill,Hip-Hop / Rap / R&B,Hook / Riff,by MC Chill feat. Vikki Love (1987)
Nightmare on Chill Street,Vikki Love,Hip-Hop / Rap / R&B,Hook / Riff,by MC Chill feat. Vikki Love (1987)
Come Alive,Baaad Influence,Hip-Hop / Rap / R&B,Drums,by Baaad Influence (1995)
Boo Is Booming,Betty Boo,Electronic / Dance,Drums,by Betty Boo (1990)
Do You Know What I'm Saying,Partner in Crime,Hip-Hop / Rap / R&B,Multiple Elements,by Partner in Crime feat. Easy L.G. (1988)
Do You Know What I'm Saying,Easy L.G.,Hip-Hop / Rap / R&B,Multiple Elements,by Partner in Crime feat. Easy L.G. (1988)
Soudain Il Ne Reste Qu'Une Chanson,Kova Rea,Hip-Hop / Rap / R&B,Hook / Riff,by Kova Rea (1990)
Conspiracy,South Central Cartel,Hip-Hop / Rap / R&B,Hook / Riff,by South Central Cartel (1991)
Hard to the Body,Point Blank MC's,Hip-Hop / Rap / R&B,Hook / Riff,by Point Blank MC's (1987)
Beaver Patrol,Pop Will Eat Itself,Rock / Pop,Hook / Riff,by Pop Will Eat Itself (1987)
Fly Guys Are Fresh (R&B Version),Royalty Ladies,Hip-Hop / Rap / R&B,Sound Effect / Other,by Royalty Ladies (1986)
That's the Flavor,Busy Boys,Hip-Hop / Rap / R&B,Sound Effect / Other,by Busy Boys (1988)
Criminal Behavior,The Hard Boys,Hip-Hop / Rap / R&B,Sound Effect / Other,by The Hard Boys (1991)
Tired,Everlast,Hip-Hop / Rap / R&B,Hook / Riff,by Everlast (1998)
Everything Counts,Meat Beat Manifesto,Electronic / Dance,Drums,by Meat Beat Manifesto (1998)
She's Mine,Basic Black,Hip-Hop / Rap / R&B,Hook / Riff,by Basic Black (1990)
Kick the Ballistics,O.G. Style (Group),Hip-Hop / Rap / R&B,Hook / Riff,by O.G. Style (Group) (1991)
Up the Par,Dom.I.No,Hip-Hop / Rap / R&B,Drums,by Dom.I.No (1990)
Como Va N.Y.?,Jazzy Mel,Hip-Hop / Rap / R&B,Sound Effect / Other,by Jazzy Mel (1991)
Bluez,Hifana,Hip-Hop / Rap / R&B,Sound Effect / Other,by Hifana feat. Hunger (2003)
Bluez,Hunger,Hip-Hop / Rap / R&B,Sound Effect / Other,by Hifana feat. Hunger (2003)
Because I'm a Pro,M.D.S. Production,Hip-Hop / Rap / R&B,Sound Effect / Other,by M.D.S. Production (1988)
2 Minutes Encore,Seville,Hip-Hop / Rap / R&B,Multiple Elements,by Seville feat. Jazzy Jay and King Shameek (1987)
2 Minutes Encore,Jazzy Jay,Hip-Hop / Rap / R&B,Multiple Elements,by Seville feat. Jazzy Jay and King Shameek (1987)
2 Minutes Encore,King Shameek,Hip-Hop / Rap / R&B,Multiple Elements,by Seville feat. Jazzy Jay and King Shameek (1987)
Broadway,Duke Bootee,Hip-Hop / Rap / R&B,Hook / Riff,by Duke Bootee (1986)
Baknaffek (Solid Scheme Funk Mix),Das EFX,Hip-Hop / Rap / R&B,Sound Effect / Other,by Das EFX (1993)
Body Blow,Seiko Ito,Hip-Hop / Rap / R&B,Multiple Elements,by Seiko Ito (1987)
Pee Wee's Dance (Quest for Guess),The Doctors of Rapp,Hip-Hop / Rap / R&B,Multiple Elements,"by The Doctors of Rapp feat. Big ""Human Beat Box"" Bang (1986)"
Pee Wee's Dance (Quest for Guess),"Big ""Human Beat Box"" Bang",Hip-Hop / Rap / R&B,Multiple Elements,"by The Doctors of Rapp feat. Big ""Human Beat Box"" Bang (1986)"
I'm Back,Super Lover Cee & Casanova Rud,Hip-Hop / Rap / R&B,Sound Effect / Other,by Super Lover Cee & Casanova Rud (1988)
Howie's Teed Off,The Real Roxanne,Hip-Hop / Rap / R&B,Hook / Riff,by The Real Roxanne feat. Howie Tee (1986)
Howie's Teed Off,Howie Tee,Hip-Hop / Rap / R&B,Hook / Riff,by The Real Roxanne feat. Howie Tee (1986)
Far From the Average,Da Dysfunkshunal Familee,Hip-Hop / Rap / R&B,Sound Effect / Other,by Da Dysfunkshunal Familee (2009)
Party Jump,Double Delight,Hip-Hop / Rap / R&B,Hook / Riff,by Double Delight and DJ Slice Nice (1985)
Party Jump,DJ Slice Nice,Hip-Hop / Rap / R&B,Hook / Riff,by Double Delight and DJ Slice Nice (1985)
Depend on Myself,TLC,Hip-Hop / Rap / R&B,Drums,by TLC (1992)
Untitled (Side B),DJ Fokus,Electronic / Dance,Drums,by DJ Fokus (1994)
Hammerhart,Absolute Beginner,Hip-Hop / Rap / R&B,Drums,by Absolute Beginner (1998)
Hard Wit No Hoe,KMD,Hip-Hop / Rap / R&B,Hook / Riff,by KMD (1991)
Lisa Baby (Hip Hop Fat Mix),Father MC,Hip-Hop / Rap / R&B,Drums,by Father MC (1991)
Scratch 22 (Jay-Rock's Theme),Freestylers,Hip-Hop / Rap / R&B,Sound Effect / Other,by Freestylers (1998)
Faces of Death,Frankie Cutlass,Hip-Hop / Rap / R&B,Drums,by Frankie Cutlass feat. Evil Twins (1993)
Faces of Death,Evil Twins,Hip-Hop / Rap / R&B,Drums,by Frankie Cutlass feat. Evil Twins (1993)
1/4-2-12,Symphonic Evolution,Hip-Hop / Rap / R&B,Hook / Riff,by Symphonic Evolution (1988)
Hip Hop It Is a Kinda Different,Tone Loc,Hip-Hop / Rap / R&B,Sound Effect / Other,by Tone Loc (1991)
You Know My Steez (K. Gee Street Mix),Gang Starr,Hip-Hop / Rap / R&B,Hook / Riff,by Gang Starr (1998)
Track 9,DJ Q-Bert,Hip-Hop / Rap / R&B,Multiple Elements,by DJ Q-Bert (1994)
V.I.P.'s Only,Maestro Fresh Wes,Hip-Hop / Rap / R&B,Drums,by Maestro Fresh Wes (1991)
Napsack,Shyheim,Hip-Hop / Rap / R&B,Drums,by Shyheim (1994)
Search and Destroy,Front Line Assembly,Electronic / Dance,Drums,by Front Line Assembly (1994)
Master Buster,Heigo Tani,Soundtrack / Library,Sound Effect / Other,by Heigo Tani (2006)
You Gotta Believe (Remix),Marky Mark and the Funky Bunch,Hip-Hop / Rap / R&B,Sound Effect / Other,by Marky Mark and the Funky Bunch (1992)
You Lose,Caddillac Tah,Hip-Hop / Rap / R&B,Sound Effect / Other,by Caddillac Tah (2001)
The Forgotten,Kryptic Minds & Leon Switch,Electronic / Dance,Drums,by Kryptic Minds & Leon Switch (2007)
Loser,Morphadron,Soundtrack / Library,Drums,by Morphadron (2000)
Cat Brain Land,Melt-Banana,Rock / Pop,Sound Effect / Other,by Melt-Banana (2007)
Strictly Hip-Hop,Soul Survivors (Hip Hop),Hip-Hop / Rap / R&B,Sound Effect / Other,by Soul Survivors (Hip Hop) (1997)
Good Love,Klymaxx,Electronic / Dance,Multiple Elements,by Klymaxx (1990)
Sympin,Boyz II Men,Hip-Hop / Rap / R&B,Hook / Riff,by Boyz II Men (1991)
Aneurysms,Mr. Dibbs,Hip-Hop / Rap / R&B,Hook / Riff,by Mr. Dibbs (1998)
All That,MC Lyte,Hip-Hop / Rap / R&B,Multiple Elements,by MC Lyte (1991)
Citizens on Patrol,Michael Winslow,Hip-Hop / Rap / R&B,Sound Effect / Other,by Michael Winslow and L.A. Dream Team (1987)
Citizens on Patrol,L.A. Dream Team,Hip-Hop / Rap / R&B,Sound Effect / Other,by Michael Winslow and L.A. Dream Team (1987)
Did You Come to Party?,Spoonie Gee,Hip-Hop / Rap / R&B,Hook / Riff,by Spoonie Gee (1987)
Nothing Is Impossible,Cash Crew,Hip-Hop / Rap / R&B,Drums,by Cash Crew (1996)
Tracks 2-25,Norman Cook,Other,Drums,by Norman Cook (1992)
Not Hummin' but Vibin',Masao Mase,Soundtrack / Library,Sound Effect / Other,by Masao Mase (2006)
Nu Sounds,Mystidious Misfitss,Hip-Hop / Rap / R&B,Drums,by Mystidious Misfitss (1995)
Le Bouffon,Rumky,Hip-Hop / Rap / R&B,Drums,by Rumky (1990)
Set the Shit Straight,Da Lench Mob,Hip-Hop / Rap / R&B,Sound Effect / Other,by Da Lench Mob (1994)
Rock'N'Roll,Destroy Man,Hip-Hop / Rap / R&B,Sound Effect / Other,by Destroy Man (1992)
Brooklyn Rocks the Best,Cutmaster D.C.,Hip-Hop / Rap / R&B,Hook / Riff,by Cutmaster D.C. (1986)
Payback,Massive Staff,Hip-Hop / Rap / R&B,Drums,by Massive Staff (1994)
Kool Is Back,Paradox,Electronic / Dance,Drums,by Paradox (2002)
DJ Is the Selector,Terminator X,Hip-Hop / Rap / R&B,Drums,by Terminator X (1991)
Hot Rod: Title Theme,Jeroen Tel,Soundtrack / Library,Sound Effect / Other,by Jeroen Tel (1990)
Don't Be Mad,Pete Rock,Hip-Hop / Rap / R&B,Hook / Riff,by Pete Rock (2008)
Why Me,Groove B Chill,Hip-Hop / Rap / R&B,Sound Effect / Other,by Groove B Chill (1986)
Give You What You Want (Give You What You Need),Full Pack,Hip-Hop / Rap / R&B,Hook / Riff,by Full Pack (1991)
This Beat Is Technotronic (Get on It Club Mix),Technotronic,Electronic / Dance,Sound Effect / Other,by Technotronic (1990)
Sum Dum Munkey,Fu-Schnickens,Hip-Hop / Rap / R&B,Drums,by Fu-Schnickens (1994)
AJ Meets Davy DMX,Kurtis Blow,Hip-Hop / Rap / R&B,Multiple Elements,by Kurtis Blow (1985)
Scream,Rappinstine,Hip-Hop / Rap / R&B,Hook / Riff,by Rappinstine (1987)
Bitch-Ass Nigga,Mobb Deep,Hip-Hop / Rap / R&B,Drums,by Mobb Deep (1993)
"Jump, Spread Out (Original TNT Mix)",Jamalski,Hip-Hop / Rap / R&B,Hook / Riff,by Jamalski (1994)
Take Um Out,Kris Kross,Hip-Hop / Rap / R&B,Multiple Elements,by Kris Kross (1993)
Playground,Another Bad Creation,Hip-Hop / Rap / R&B,Drums,by Another Bad Creation (1991)
Bald Headed Hoes,Willie D,Hip-Hop / Rap / R&B,Sound Effect / Other,by Willie D (1989)
Do It Now,Marc Smith,Electronic / Dance,Sound Effect / Other,by Marc Smith and Scott Brown (1993)
Do It Now,Scott Brown,Electronic / Dance,Sound Effect / Other,by Marc Smith and Scott Brown (1993)
Fiji,Yoshie Arakawa,Soundtrack / Library,Sound Effect / Other,by Yoshie Arakawa (1994)
'Cause That's the Way You're Livin' When You're in Living Color,Heavy D & the Boyz,Hip-Hop / Rap / R&B,Sound Effect / Other,by Heavy D & the Boyz (1991)
Off the Top of My Head,Biz Markie,Hip-Hop / Rap / R&B,Multiple Elements,by Biz Markie (1990)
Skill Trade,Nice & Smooth,Hip-Hop / Rap / R&B,Sound Effect / Other,by Nice & Smooth (1989)
Just Call Us Def,Steady B,Hip-Hop / Rap / R&B,Hook / Riff,by Steady B (1985)
Intro,Suprême NTM,Hip-Hop / Rap / R&B,Drums,by Suprême NTM (1993)
Cause I'm Keefy Keef,Keefy Keef,Hip-Hop / Rap / R&B,Drums,by Keefy Keef (1992)
Show Me Your Spine,PTP,Electronic / Dance,Sound Effect / Other,by PTP (1987)
With You,Fibre,Soul / Funk / Disco,Drums,by Fibre (2014)
Biz's Beat of the Day #1,Biz Markie,Hip-Hop / Rap / R&B,Hook / Riff,by Biz Markie (2009)
Lovin' Machine,The Jon Spencer Blues Explosion,Rock / Pop,Sound Effect / Other,by The Jon Spencer Blues Explosion (1998)
She's With Someone,Chubb Rock,Hip-Hop / Rap / R&B,Drums,by Chubb Rock and Howie Tee (1989)
She's With Someone,Howie Tee,Hip-Hop / Rap / R&B,Drums,by Chubb Rock and Howie Tee (1989)
Takin' It to the Top,DJ Jazzy Jeff & the Fresh Prince,Hip-Hop / Rap / R&B,Hook / Riff,by DJ Jazzy Jeff & the Fresh Prince (1987)
Suzzzzzy,Plus-Tech Squeeze Box,Electronic / Dance,Sound Effect / Other,by Plus-Tech Squeeze Box (2004)
Perfect Dreams,DJ Force & the Evolution,Electronic / Dance,Drums,by DJ Force & the Evolution (1993)
Downtown,The Justified Ancients of Mu Mu,Electronic / Dance,Multiple Elements,by The Justified Ancients of Mu Mu (1989)
Sit Back Relax (Vocal Mix),The Professionals (Hip-Hop 2),Hip-Hop / Rap / R&B,Sound Effect / Other,by The Professionals (Hip-Hop 2) (1997)
Boy Who Cried Wolf,KMD,Hip-Hop / Rap / R&B,Drums,by KMD (1991)
Slipped Disc,Luke Vibert,Electronic / Dance,Drums,by Luke Vibert (1998)
Mexican Power,Proper Dos,Hip-Hop / Rap / R&B,Multiple Elements,by Proper Dos (1992)
Actin' Up,EPMD,Hip-Hop / Rap / R&B,Drums,by EPMD feat. Vic D and Tre (2008)
Actin' Up,Vic D,Hip-Hop / Rap / R&B,Drums,by EPMD feat. Vic D and Tre (2008)
Actin' Up,Tre,Hip-Hop / Rap / R&B,Drums,by EPMD feat. Vic D and Tre (2008)
Who's Afraid of the Big Bad Wolf,LL Cool J,Hip-Hop / Rap / R&B,Sound Effect / Other,by LL Cool J (1991)
As the Rhyme Goes On,P.I.G.,Hip-Hop / Rap / R&B,Hook / Riff,by P.I.G. (2014)
All Hail the King,DJ Muggs,Hip-Hop / Rap / R&B,Drums,by DJ Muggs and Planet Asia (2008)
All Hail the King,Planet Asia,Hip-Hop / Rap / R&B,Drums,by DJ Muggs and Planet Asia (2008)
11:55 (Bee Boys Club),Hardhouse,Electronic / Dance,Drums,by Hardhouse (1988)
(Nothing Serious) Just Buggin' (Minimix),Whistle,Hip-Hop / Rap / R&B,Hook / Riff,by Whistle (1986)
B-Boy Rhyme and Riddle,Schoolly D,Hip-Hop / Rap / R&B,Hook / Riff,by Schoolly D (1986)
Bulletproof,Aquasky,Electronic / Dance,Sound Effect / Other,by Aquasky (1999)
Disturbance,Hyper on Experience,Electronic / Dance,Drums,by Hyper on Experience (1993)
Lovin' Every Minute of It (The Cyclone Ride),Doug E. Fresh,Hip-Hop / Rap / R&B,Hook / Riff,by Doug E. Fresh and The Get Fresh Crew (1986)
Lovin' Every Minute of It (The Cyclone Ride),The Get Fresh Crew,Hip-Hop / Rap / R&B,Hook / Riff,by Doug E. Fresh and The Get Fresh Crew (1986)
The Manipulator (Dub Version),Mixmaster Gee and the Turntable Orchestra,Hip-Hop / Rap / R&B,Multiple Elements,by Mixmaster Gee and the Turntable Orchestra (1986)
Classical,Busy Boys,Hip-Hop / Rap / R&B,Hook / Riff,by Busy Boys (1988)
Cheesy (Gigolo Mix),Plug,Electronic / Dance,Drums,by Plug (1995)
Compton 4 Life,Compton's Most Wanted,Hip-Hop / Rap / R&B,Drums,by Compton's Most Wanted (1992)
Baby Be Mine,Blackstreet,Hip-Hop / Rap / R&B,Hook / Riff,by Blackstreet feat. Teddy Riley (1993)
Baby Be Mine,Teddy Riley,Hip-Hop / Rap / R&B,Hook / Riff,by Blackstreet feat. Teddy Riley (1993)
Suckas Don't Respect It,Rasco,Hip-Hop / Rap / R&B,Drums,by Rasco (1998)
Title Screen (Out Run Europa),Jeroen Tel,Electronic / Dance,Sound Effect / Other,by Jeroen Tel (1991)
7700 Years to Date,El-P,Hip-Hop / Rap / R&B,Sound Effect / Other,by El-P (2004)
Beats & Pieces,Coldcut,Electronic / Dance,Hook / Riff,by Coldcut (1987)
What the Party Needs,Point Blank MC's,Hip-Hop / Rap / R&B,Hook / Riff,by Point Blank MC's (1986)
Pauze 2 Da Drama,Main One,Hip-Hop / Rap / R&B,Sound Effect / Other,by Main One (1995)
Bridge of Pain,Public Enemy,Hip-Hop / Rap / R&B,Sound Effect / Other,by Public Enemy (2007)
It's a Shame (Playin' the Game Remix),Kris Kross,Hip-Hop / Rap / R&B,Drums,by Kris Kross (1996)
Faces,Run-DMC,Hip-Hop / Rap / R&B,Sound Effect / Other,by Run-DMC (1990)
Super Mario USA,Ambassadors of Funk,Hip-Hop / Rap / R&B,Hook / Riff,by Ambassadors of Funk feat. MC Mario (1993)
Super Mario USA,MC Mario,Hip-Hop / Rap / R&B,Hook / Riff,by Ambassadors of Funk feat. MC Mario (1993)
Bitch Get a Job,Lil' Bastards,Hip-Hop / Rap / R&B,Drums,by Lil' Bastards (1992)
Indian Ropeman,Indian Ropeman,Electronic / Dance,Drums,by Indian Ropeman (1997)
Trunk O' Funk,AMG,Hip-Hop / Rap / R&B,Multiple Elements,by AMG (1991)
5th Ward,Willie D,Hip-Hop / Rap / R&B,Sound Effect / Other,by Willie D (1989)
Told You So,Freestylers,Soul / Funk / Disco,Drums,by Freestylers feat. Petra (2001)
Told You So,Petra,Soul / Funk / Disco,Drums,by Freestylers feat. Petra (2001)
Sychosymatic,Keith Murray,Hip-Hop / Rap / R&B,Drums,by Keith Murray (1994)
The Final Conflict,MC Duke,Hip-Hop / Rap / R&B,Drums,by MC Duke and DJ Leader 1 (1991)
The Final Conflict,DJ Leader 1,Hip-Hop / Rap / R&B,Drums,by MC Duke and DJ Leader 1 (1991)
SMD#2 (Side A),SMD,Electronic / Dance,Drums,by SMD (1993)
"This Is It, Y'all (Go Stetsa II)",Stetsasonic,Hip-Hop / Rap / R&B,Multiple Elements,by Stetsasonic (1988)
Mad Flava,X-Ecutioners,Hip-Hop / Rap / R&B,Sound Effect / Other,by X-Ecutioners (1997)
Where They At,Juicy J,Hip-Hop / Rap / R&B,Sound Effect / Other,by Juicy J (1993)
Bill's at the Door,Kid 'N Play,Hip-Hop / Rap / R&B,Hook / Riff,by Kid 'N Play (1991)
God Made Me Funky,Too Poetic,Hip-Hop / Rap / R&B,Hook / Riff,by Too Poetic (1989)
I Ain't the One,T.C.F. Crew,Hip-Hop / Rap / R&B,Sound Effect / Other,by T.C.F. Crew (1993)
Suckas (Sucka DJ Dis),DJ Babu,Hip-Hop / Rap / R&B,Hook / Riff,by DJ Babu (1995)
Going Off (For the Radio),Black Menace,Hip-Hop / Rap / R&B,Hook / Riff,by Black Menace (1992)
Burning of the Midnight Lamp,Living Colour,Rock / Pop,Sound Effect / Other,by Living Colour (1991)
Jealous MC,Ruthless Rap Assassins,Hip-Hop / Rap / R&B,Hook / Riff,by Ruthless Rap Assassins (1990)
E-Rap (Holding It Down),Egyptian Lover,Hip-Hop / Rap / R&B,Multiple Elements,by Egyptian Lover (1985)
"Swing Blue, Sweat Black",Laquan,Hip-Hop / Rap / R&B,Sound Effect / Other,by Laquan (1990)
Doomsday,D 2 Tha S,Hip-Hop / Rap / R&B,Drums,by D 2 Tha S (1994)
Things We Do,Press #1,Hip-Hop / Rap / R&B,Hook / Riff,by Press #1 (1999)
I Like It,Original Flavor,Hip-Hop / Rap / R&B,Drums,by Original Flavor (1992)
Pure Kane Nigga,Who Am I?,Hip-Hop / Rap / R&B,Hook / Riff,by Who Am I? (1991)
Double Dare,The 45 King,Hip-Hop / Rap / R&B,Drums,by The 45 King feat. Diamond D and K. Terroribul (2001)
Double Dare,Diamond D,Hip-Hop / Rap / R&B,Drums,by The 45 King feat. Diamond D and K. Terroribul (2001)
Double Dare,K. Terroribul,Hip-Hop / Rap / R&B,Drums,by The 45 King feat. Diamond D and K. Terroribul (2001)
Up Next to Flex,K-Otix,Hip-Hop / Rap / R&B,Drums,by K-Otix (1993)
Satisfy Kidkut Remix,Guitar Vader,Electronic / Dance,Sound Effect / Other,by Guitar Vader (2003)
The RZA Hits Mega Mix,Funkmaster Flex,Hip-Hop / Rap / R&B,Multiple Elements,by Funkmaster Flex (1999)
Freestyle/Brooklyn Zoo/Shimmy Shimmy Ya,Ol' Dirty Bastard,Hip-Hop / Rap / R&B,Multiple Elements,by Ol' Dirty Bastard (1995)
The Mic Is Mine,Kwamé,Hip-Hop / Rap / R&B,Drums,by Kwamé (1989)
Twisted (Sweat Shop Party Remix),Keith Sweat,Hip-Hop / Rap / R&B,Sound Effect / Other,by Keith Sweat feat. Pretty Russ (1996)
Twisted (Sweat Shop Party Remix),Pretty Russ,Hip-Hop / Rap / R&B,Sound Effect / Other,by Keith Sweat feat. Pretty Russ (1996)
Who Can Rock Like This,Fresh Finesse,Hip-Hop / Rap / R&B,Sound Effect / Other,by Fresh Finesse (1987)
NY/LA Rappers,Bobby Jimmy and the Critters,Hip-Hop / Rap / R&B,Sound Effect / Other,by Bobby Jimmy and the Critters (1988)
Scratch Monopoly,T La Rock,Hip-Hop / Rap / R&B,Sound Effect / Other,by T La Rock (1987)
The Tables Are Turnin',CJ Mackintosh,Hip-Hop / Rap / R&B,Hook / Riff,by CJ Mackintosh and Einstein (1987)
The Tables Are Turnin',Einstein,Hip-Hop / Rap / R&B,Hook / Riff,by CJ Mackintosh and Einstein (1987)
Intro,The Next Diffusion,Hip-Hop / Rap / R&B,Multiple Elements,by The Next Diffusion feat. Afrika Bambaataa (1995)
Intro,Afrika Bambaataa,Hip-Hop / Rap / R&B,Multiple Elements,by The Next Diffusion feat. Afrika Bambaataa (1995)
Bustin on Fools,N.D.D.,Hip-Hop / Rap / R&B,Sound Effect / Other,by N.D.D. (1994)
Not Just a Fad,J.J. Fad,Hip-Hop / Rap / R&B,Sound Effect / Other,by J.J. Fad (1990)
Nayba'Hood Queen,JV,Hip-Hop / Rap / R&B,Sound Effect / Other,by JV (1994)
Nu Skool,J.V.C. F.O.R.C.E.,Hip-Hop / Rap / R&B,Hook / Riff,by J.V.C. F.O.R.C.E. (1988)
King (Remix),Slick Rick,Hip-Hop / Rap / R&B,Sound Effect / Other,by Slick Rick (1991)
Listen Closely,Tam Rock & E.Q.,Hip-Hop / Rap / R&B,Multiple Elements,by Tam Rock & E.Q. (1992)
Let It Go,The Mistress and DJ Madame E,Hip-Hop / Rap / R&B,Hook / Riff,by The Mistress and DJ Madame E (1989)
Young Black Male,Hard Knocks,Hip-Hop / Rap / R&B,Hook / Riff,by Hard Knocks (1992)
To Each His Own,Da Phlayva,Hip-Hop / Rap / R&B,Drums,by Da Phlayva (1993)
Protection,Technical Itch,Electronic / Dance,Drums,by Technical Itch (1998)
Ain't Nobody Better,Yo-Yo,Hip-Hop / Rap / R&B,Drums,by Yo-Yo (1991)
Born to Rap,Aaron Dee,Hip-Hop / Rap / R&B,Drums,by Aaron Dee and C-Nice (1988)
Born to Rap,C-Nice,Hip-Hop / Rap / R&B,Drums,by Aaron Dee and C-Nice (1988)
The Smile Gets Wild,Smiley,Hip-Hop / Rap / R&B,Hook / Riff,by Smiley (1989)
Pull Out Your Gatz,The Hoodz,Hip-Hop / Rap / R&B,Drums,by The Hoodz (1994)
Ibu Gets Lyrical,Sir Ibu,Hip-Hop / Rap / R&B,Multiple Elements,by Sir Ibu (1989)
Ballad of a Menace (Homicidal Theme Remix),C.P.O.,Hip-Hop / Rap / R&B,Sound Effect / Other,by C.P.O. feat. MC Ren (1990)
Ballad of a Menace (Homicidal Theme Remix),MC Ren,Hip-Hop / Rap / R&B,Sound Effect / Other,by C.P.O. feat. MC Ren (1990)
Take the Money An' Gear,Chilly Uptown,Hip-Hop / Rap / R&B,Sound Effect / Other,by Chilly Uptown (1991)
Summer Wine,Gry,Electronic / Dance,Drums,by Gry and F.M Einheit (2000)
Summer Wine,F.M Einheit,Electronic / Dance,Drums,by Gry and F.M Einheit (2000)
I Wanna Sex You Up (Mixx-it),Color Me Badd,Rock / Pop,Sound Effect / Other,by Color Me Badd (1991)
Die Hard,Unique (Rapper),Hip-Hop / Rap / R&B,Drums,by Unique (Rapper) (1989)
Full Moon (Fluke Vocals Eclipse),Robert Miles,Electronic / Dance,Drums,by Robert Miles (1998)
Sittin' on a Time Bomb,Flex Wit Da Tiger,Hip-Hop / Rap / R&B,Sound Effect / Other,by Flex Wit Da Tiger (1993)
Brave Lick (Let's Get Down),Plug,Electronic / Dance,Drums,by Plug (1995)
Love Me or Leave Me,The Gyrlz,Hip-Hop / Rap / R&B,Sound Effect / Other,by The Gyrlz (1988)
Graffiti Contra,Too Strong,Hip-Hop / Rap / R&B,Drums,by Too Strong (1996)
Then You Can Joke,First Down,Hip-Hop / Rap / R&B,Multiple Elements,by First Down (1994)
Freak Accident,Nikki D,Hip-Hop / Rap / R&B,Multiple Elements,by Nikki D (1991)
How I Make Papes,London Posse,Hip-Hop / Rap / R&B,Hook / Riff,by London Posse (1993)
Strung Out,Foul Play,Electronic / Dance,Drums,by Foul Play (1995)
De Nachtmerrie Van Een Terrorist,Osdorp Posse,Hip-Hop / Rap / R&B,Drums,by Osdorp Posse (1993)
Personal Loser,JCD and the Dawg LB.,Hip-Hop / Rap / R&B,Drums,by JCD and the Dawg LB. (1992)
"Here Today, Gone Tomorrow",Tucole,Hip-Hop / Rap / R&B,Hook / Riff,by Tucole (1995)
Ria O Mais Que Puder,Thaide & DJ Hum,Hip-Hop / Rap / R&B,Sound Effect / Other,by Thaide & DJ Hum (1990)
Real Real Real (The Real Dance Hall Mix),Jesus Jones,Rock / Pop,Drums,by Jesus Jones (1991)
So Much Things to Say,Chubb Rock,Hip-Hop / Rap / R&B,Multiple Elements,by Chubb Rock (1992)
Turntable Scientist,The Bizzie Boyz,Hip-Hop / Rap / R&B,Hook / Riff,by The Bizzie Boyz (1990)
Push the Panic Button!!!,Kwamé,Hip-Hop / Rap / R&B,Multiple Elements,by Kwamé (1989)
Cut the Barrell Off My Shotgun,Baritone Tiplove,Hip-Hop / Rap / R&B,Drums,by Baritone Tiplove feat. 3/5 of a Man (1991)
Cut the Barrell Off My Shotgun,3/5 of a Man,Hip-Hop / Rap / R&B,Drums,by Baritone Tiplove feat. 3/5 of a Man (1991)
Niña,Loco Mia,Rock / Pop,Sound Effect / Other,by Loco Mia (1991)
Don't Waste My Time,Oh Well,Rock / Pop,Sound Effect / Other,by Oh Well (1990)
D & Hill,The Beat Boys,Hip-Hop / Rap / R&B,Hook / Riff,by The Beat Boys feat. The Love Gladiator (1988)
D & Hill,The Love Gladiator,Hip-Hop / Rap / R&B,Hook / Riff,by The Beat Boys feat. The Love Gladiator (1988)
Mental (So Pay Attention) Interlude,Another Bad Creation,Hip-Hop / Rap / R&B,Hook / Riff,by Another Bad Creation (1991)
Those Flags Offend Me (Docta D Session),3:6 Philly,Hip-Hop / Rap / R&B,Drums,by 3:6 Philly (1992)
Barry D. Next to Cleanliness,Jesus Jones,Rock / Pop,Drums,by Jesus Jones (1990)
Rollin Deep... In the Realm of the Purple Diamond (Monday Mix),The Noise of Art,Electronic / Dance,Drums,by The Noise of Art (1993)
Take It or Leave It,Sophia,Electronic / Dance,Sound Effect / Other,by Sophia (1992)
Kao's II Wiz *7* Dome,Professor Griff,Hip-Hop / Rap / R&B,Drums,by Professor Griff (1991)
Let It Play II,Astound Sound,Hip-Hop / Rap / R&B,Hook / Riff,by Astound Sound (1989)
Keep Your Distance,III Most Wanted,Hip-Hop / Rap / R&B,Multiple Elements,by III Most Wanted (1989)
Law Abiding Citizen,Demon Boyz,Hip-Hop / Rap / R&B,Hook / Riff,by Demon Boyz (1992)
Babylon Pressure,IG1 Collective,Electronic / Dance,Drums,by IG1 Collective (1993)
Last Survivor (BGM 06),CSK Research Institute,Soundtrack / Library,Hook / Riff,by CSK Research Institute (1990)
Intro (Strait Zooism),Poison Clan,Hip-Hop / Rap / R&B,Hook / Riff,by Poison Clan (1995)
Confonds Pas,Aktivist,Hip-Hop / Rap / R&B,Sound Effect / Other,by Aktivist (1998)
Hiphopping,Klubbheads,Electronic / Dance,Sound Effect / Other,by Klubbheads (2001)
In Motion (Instrumental),Pete Rock & C.L. Smooth,Hip-Hop / Rap / R&B,Drums,by Pete Rock & C.L. Smooth (1994)
North South East West,Black Sheep,Hip-Hop / Rap / R&B,Drums,by Black Sheep (1994)
20 Pink Floyd,Aphex Twin,Electronic / Dance,Drums,by Aphex Twin (2015)
Make It Clear,Diamond District,Hip-Hop / Rap / R&B,Drums,by Diamond District (2009)
"Rock the Girl, Gee (Every Inch)",Too Nice,Hip-Hop / Rap / R&B,Drums,by Too Nice (1989)
The Situation,Bell Biv DeVoe,Hip-Hop / Rap / R&B,Drums,by Bell Biv DeVoe (1993)
It's Hard Being the Kane,Big Daddy Kane,Hip-Hop / Rap / R&B,Multiple Elements,by Big Daddy Kane (1990)
Funky Music,GQ Vocalist,Hip-Hop / Rap / R&B,Hook / Riff,by GQ Vocalist (1990)
In the House,Fat Boys,Hip-Hop / Rap / R&B,Hook / Riff,by Fat Boys (1986)
Last Stop,DJ Shadow,Electronic / Dance,Drums,by DJ Shadow (1996)
It Takes Two (Remix by the Mixbusters),Rob Base & DJ E-Z Rock,Hip-Hop / Rap / R&B,Hook / Riff,by Rob Base & DJ E-Z Rock (1988)
Real Mutha for Ya,Cash Money & Marvelous,Hip-Hop / Rap / R&B,Sound Effect / Other,by Cash Money & Marvelous (1988)
Revolutionary Generation,Public Enemy,Hip-Hop / Rap / R&B,Drums,by Public Enemy (1990)
Live Yor Live,Bomfunk MC's,Electronic / Dance,Drums,by Bomfunk MC's feat. Max'C (2002)
Live Yor Live,Max'C,Electronic / Dance,Drums,by Bomfunk MC's feat. Max'C (2002)
Knights of the Turntables,The Dynamic Duo,Hip-Hop / Rap / R&B,Sound Effect / Other,by The Dynamic Duo feat. Shaquan (1985)
Knights of the Turntables,Shaquan,Hip-Hop / Rap / R&B,Sound Effect / Other,by The Dynamic Duo feat. Shaquan (1985)
Assylum,After Dark,Electronic / Dance,Drums,by After Dark (1991)
Acid Organ,Aphex Twin,Electronic / Dance,Drums,by Aphex Twin (2015)
I Give Up Nuthin',Compton's Most Wanted,Hip-Hop / Rap / R&B,Drums,by Compton's Most Wanted (1990)
Left Side,Kid Koala,Electronic / Dance,Sound Effect / Other,by Kid Koala (2006)
Stop This Crazy Thing,Coldcut,Electronic / Dance,Sound Effect / Other,by Coldcut feat. Junior Reid (1989)
Stop This Crazy Thing,Junior Reid,Electronic / Dance,Sound Effect / Other,by Coldcut feat. Junior Reid (1989)
I'm a Villain,Nas,Hip-Hop / Rap / R&B,Hook / Riff,by Nas (2014)
The Sacrifice of Victor,Prince,Rock / Pop,Sound Effect / Other,by Prince and The New Power Generation (1992)
The Sacrifice of Victor,The New Power Generation,Rock / Pop,Sound Effect / Other,by Prince and The New Power Generation (1992)
Just a Friendly Game of Baseball (Bonus Version),Main Source,Hip-Hop / Rap / R&B,Sound Effect / Other,by Main Source (1991)
Living Condition (Hip Hop Remix),Cutty Ranks,Hip-Hop / Rap / R&B,Hook / Riff,by Cutty Ranks (1992)
Pass the Gat,Brand Nubian,Hip-Hop / Rap / R&B,Multiple Elements,by Brand Nubian (1992)
As the World Turns,Anttex & the Motherfunkin Clik,Hip-Hop / Rap / R&B,Drums,by Anttex & the Motherfunkin Clik feat. Havoc and Prince AD (1991)
As the World Turns,Havoc,Hip-Hop / Rap / R&B,Drums,by Anttex & the Motherfunkin Clik feat. Havoc and Prince AD (1991)
As the World Turns,Prince AD,Hip-Hop / Rap / R&B,Drums,by Anttex & the Motherfunkin Clik feat. Havoc and Prince AD (1991)
A Mi Chemin,Hocus Pocus,Hip-Hop / Rap / R&B,Multiple Elements,by Hocus Pocus feat. Akhenaton and Ben L'oncle Soul (2010)
A Mi Chemin,Akhenaton,Hip-Hop / Rap / R&B,Multiple Elements,by Hocus Pocus feat. Akhenaton and Ben L'oncle Soul (2010)
A Mi Chemin,Ben L'oncle Soul,Hip-Hop / Rap / R&B,Multiple Elements,by Hocus Pocus feat. Akhenaton and Ben L'oncle Soul (2010)
Can You Dig It,MC Serch,Hip-Hop / Rap / R&B,Sound Effect / Other,by MC Serch (1992)
This Is How It Should Be Done,TLC,Hip-Hop / Rap / R&B,Drums,by TLC (1992)
Insomnia,Rum & Black,Electronic / Dance,Drums,by Rum & Black (1991)
Love or Lust,Jewell,Hip-Hop / Rap / R&B,Drums,by Jewell (1992)
The Hand That Rocks the Cradle,Akrobatik,Hip-Hop / Rap / R&B,Drums,by Akrobatik (2003)
I Get Down,Shad,Hip-Hop / Rap / R&B,Drums,by Shad (2006)
Briefing,Soichi Terada,Soundtrack / Library,Drums,by Soichi Terada (1999)
Asher's Revenge,Asher D,Hip-Hop / Rap / R&B,Drums,by Asher D and Daddy Freddy (1988)
Asher's Revenge,Daddy Freddy,Hip-Hop / Rap / R&B,Drums,by Asher D and Daddy Freddy (1988)
Came Up,Raekwon,Hip-Hop / Rap / R&B,Sound Effect / Other,by Raekwon (2013)
Prophets of Rage,Public Enemy,Hip-Hop / Rap / R&B,Drums,by Public Enemy (1988)
Love Machine,Morning Musume,Rock / Pop,Sound Effect / Other,by Morning Musume (1999)
L.A. Is the Place,Eazy-E,Hip-Hop / Rap / R&B,Hook / Riff,by Eazy-E (1987)
Running Back to You,Vanessa Williams,Hip-Hop / Rap / R&B,Hook / Riff,by Vanessa Williams (1991)
Chillin,Audio Two,Hip-Hop / Rap / R&B,Sound Effect / Other,by Audio Two (1986)
The Real B-Side,IAM,Hip-Hop / Rap / R&B,Multiple Elements,by IAM (1989)
Party Time,Pal Joey,Electronic / Dance,Hook / Riff,by Pal Joey (1990)
Alive & Kickin,Orca,Electronic / Dance,Sound Effect / Other,by Orca (1993)
Gets Into His Move,Stezo,Hip-Hop / Rap / R&B,Multiple Elements,by Stezo (1989)
"Red, Black and Green (Rainbow Mix)",IAM,Hip-Hop / Rap / R&B,Sound Effect / Other,by IAM (1991)
Post Traumatic Stress Disorder,Pharoahe Monch,Hip-Hop / Rap / R&B,Drums,by Pharoahe Monch (2014)
Mysterious Ways (Massive Attack Remix),U2,Electronic / Dance,Sound Effect / Other,by U2 (1995)
This Is...,GRITS,Hip-Hop / Rap / R&B,Hook / Riff,by GRITS (1997)
Dig This,Hocus Pocus,Hip-Hop / Rap / R&B,Multiple Elements,by Hocus Pocus (2002)
Devotion,Charizma,Hip-Hop / Rap / R&B,Drums,by Charizma and Peanut Butter Wolf (2003)
Devotion,Peanut Butter Wolf,Hip-Hop / Rap / R&B,Drums,by Charizma and Peanut Butter Wolf (2003)
The Magnificent Jazzy Jeff,DJ Jazzy Jeff & the Fresh Prince,Hip-Hop / Rap / R&B,Sound Effect / Other,by DJ Jazzy Jeff & the Fresh Prince (1987)
Latinos Unidos (United Latins),Latin Alliance,Hip-Hop / Rap / R&B,Multiple Elements,by Latin Alliance (1991)
Breakdown,T La Rock,Hip-Hop / Rap / R&B,Hook / Riff,by T La Rock (1985)
409,Ice-T,Hip-Hop / Rap / R&B,Multiple Elements,by Ice-T (1987)
Hit Me,Nice & Smooth,Hip-Hop / Rap / R&B,Multiple Elements,by Nice & Smooth (1989)
MC Lyte Likes Swingin',MC Lyte,Hip-Hop / Rap / R&B,Hook / Riff,by MC Lyte (1988)
Maria,Simply Deft,Hip-Hop / Rap / R&B,Sound Effect / Other,by Simply Deft (1986)
Girl You Know It's True (N.Y. Subway Extended Mix),Milli Vanilli,Rock / Pop,Multiple Elements,by Milli Vanilli (1988)
You Don't Have to Worry,Mary J. Blige,Hip-Hop / Rap / R&B,Hook / Riff,by Mary J. Blige (1993)
Cocaine,MC Shan,Hip-Hop / Rap / R&B,Hook / Riff,by MC Shan (1986)
Crooked Ass Nigga,2Pac,Hip-Hop / Rap / R&B,Drums,by 2Pac feat. Stretch (1991)
Crooked Ass Nigga,Stretch,Hip-Hop / Rap / R&B,Drums,by 2Pac feat. Stretch (1991)
Coast to Coast,Word of Mouth,Hip-Hop / Rap / R&B,Hook / Riff,by Word of Mouth feat. DJ Cheese (1986)
Coast to Coast,DJ Cheese,Hip-Hop / Rap / R&B,Hook / Riff,by Word of Mouth feat. DJ Cheese (1986)
Heavy Weights,DJ Muggs,Hip-Hop / Rap / R&B,Drums,by DJ Muggs and MC Eiht (1997)
Heavy Weights,MC Eiht,Hip-Hop / Rap / R&B,Drums,by DJ Muggs and MC Eiht (1997)
Brawlin',Widdly 2 Diddly,Soundtrack / Library,Drums,by Widdly 2 Diddly (2014)
Заколебал ты,Дискотека Авария,Hip-Hop / Rap / R&B,Hook / Riff,by Дискотека Авария (2001)
My Lover's Gone,Dido,Rock / Pop,Drums,by Dido (1999)
Live Niguz,Onyx,Hip-Hop / Rap / R&B,Hook / Riff,by Onyx (1995)
Nature of a Sista',Queen Latifah,Hip-Hop / Rap / R&B,Sound Effect / Other,by Queen Latifah (1991)
Let the Jingle Bells Rock,Sweet Tee,Hip-Hop / Rap / R&B,Drums,by Sweet Tee (1987)
Talk Like Sex,Kool G Rap & DJ Polo,Hip-Hop / Rap / R&B,Drums,by Kool G Rap & DJ Polo (1990)
The Ill Shit,Erick Sermon,Hip-Hop / Rap / R&B,Multiple Elements,by Erick Sermon feat. Ice Cube and Kam (1993)
The Ill Shit,Ice Cube,Hip-Hop / Rap / R&B,Multiple Elements,by Erick Sermon feat. Ice Cube and Kam (1993)
The Ill Shit,Kam,Hip-Hop / Rap / R&B,Multiple Elements,by Erick Sermon feat. Ice Cube and Kam (1993)
Get Down,LL Cool J,Hip-Hop / Rap / R&B,Sound Effect / Other,by LL Cool J (1987)
Doctorin' the House,Coldcut,Rock / Pop,Multiple Elements,by Coldcut feat. Yazz and The Plastic Population (1988)
Doctorin' the House,Yazz,Rock / Pop,Multiple Elements,by Coldcut feat. Yazz and The Plastic Population (1988)
Doctorin' the House,The Plastic Population,Rock / Pop,Multiple Elements,by Coldcut feat. Yazz and The Plastic Population (1988)
Spiritual Aura,Engineers Without Fears,Electronic / Dance,Drums,by Engineers Without Fears (1994)
Melting Nails,Igorrr,Electronic / Dance,Drums,by Igorrr (2009)
Soul Soul,Suprême NTM,Hip-Hop / Rap / R&B,Sound Effect / Other,by Suprême NTM (1991)
BLOODMONEY,Poppy,Rock / Pop,Hook / Riff,by Poppy (2020)
Duck Ya Head,Dred Scott,Hip-Hop / Rap / R&B,Hook / Riff,by Dred Scott (1994)
Can't Forget About You,Nas,Hip-Hop / Rap / R&B,Sound Effect / Other,by Nas feat. Chrisette Michele (2006)
Can't Forget About You,Chrisette Michele,Hip-Hop / Rap / R&B,Sound Effect / Other,by Nas feat. Chrisette Michele (2006)
In the Ways of the Scales,X-Clan,Hip-Hop / Rap / R&B,Multiple Elements,by X-Clan (1990)
Kami-sama No Iu Tōri,Junji Ishiwatari,Electronic / Dance,Sound Effect / Other,"by Junji Ishiwatari, Yoshinori Sunahara and Etsuko Yakushimaru (2010)"
Kami-sama No Iu Tōri,Yoshinori Sunahara,Electronic / Dance,Sound Effect / Other,"by Junji Ishiwatari, Yoshinori Sunahara and Etsuko Yakushimaru (2010)"
Kami-sama No Iu Tōri,Etsuko Yakushimaru,Electronic / Dance,Sound Effect / Other,"by Junji Ishiwatari, Yoshinori Sunahara and Etsuko Yakushimaru (2010)"
Motownphilly,Boyz II Men,Hip-Hop / Rap / R&B,Sound Effect / Other,by Boyz II Men (1991)
We're All in the Same Gang,West Coast Rap All Stars,Hip-Hop / Rap / R&B,Drums,by West Coast Rap All Stars (1990)
Nieznane,Medium,Hip-Hop / Rap / R&B,Drums,by Medium (2011)
Lunation,DJ Krush,Hip-Hop / Rap / R&B,Sound Effect / Other,by DJ Krush (1994)
En El Recinto,Family De Mcs,Hip-Hop / Rap / R&B,Sound Effect / Other,by Family De Mcs (2007)
Check Tha Resume,Grand Puba,Hip-Hop / Rap / R&B,Drums,by Grand Puba (1992)
Guantanamera,Wyclef Jean,Hip-Hop / Rap / R&B,Hook / Riff,"by Wyclef Jean feat. Lauryn Hill, Celia Cruz and Jeni Fujita (1997)"
Guantanamera,Lauryn Hill,Hip-Hop / Rap / R&B,Hook / Riff,"by Wyclef Jean feat. Lauryn Hill, Celia Cruz and Jeni Fujita (1997)"
Guantanamera,Celia Cruz,Hip-Hop / Rap / R&B,Hook / Riff,"by Wyclef Jean feat. Lauryn Hill, Celia Cruz and Jeni Fujita (1997)"
Guantanamera,Jeni Fujita,Hip-Hop / Rap / R&B,Hook / Riff,"by Wyclef Jean feat. Lauryn Hill, Celia Cruz and Jeni Fujita (1997)"
Fuck 'Em,Geto Boys,Hip-Hop / Rap / R&B,Sound Effect / Other,by Geto Boys (1990)
Ballad of a Menace,C.P.O.,Hip-Hop / Rap / R&B,Multiple Elements,by C.P.O. feat. MC Ren (1990)
Ballad of a Menace,MC Ren,Hip-Hop / Rap / R&B,Multiple Elements,by C.P.O. feat. MC Ren (1990)
Boss Theme,Tomoya Ohtani,Soundtrack / Library,Drums,by Tomoya Ohtani (2007)
Johnny Ryall,Beastie Boys,Hip-Hop / Rap / R&B,Sound Effect / Other,by Beastie Boys (1989)
"Alice, I Want You Just for Me",Full Force,Hip-Hop / Rap / R&B,Hook / Riff,by Full Force (1985)
Brother Madonna,Kitsune²,Electronic / Dance,Drums,by Kitsune² (2008)
Westside Slaughterhouse,Mack 10,Hip-Hop / Rap / R&B,Drums,by Mack 10 feat. Ice Cube and WC (1995)
Westside Slaughterhouse,Ice Cube,Hip-Hop / Rap / R&B,Drums,by Mack 10 feat. Ice Cube and WC (1995)
Westside Slaughterhouse,WC,Hip-Hop / Rap / R&B,Drums,by Mack 10 feat. Ice Cube and WC (1995)
Old Times' Sake,Sweet Sable,Hip-Hop / Rap / R&B,Drums,by Sweet Sable (1993)
Stuck,Limp Bizkit,Rock / Pop,Hook / Riff,by Limp Bizkit (1997)
Baby Don't Forget My Number,Milli Vanilli,Rock / Pop,Sound Effect / Other,by Milli Vanilli (1988)
Englishman in New York (The Ben Liebrand Mix),Sting,Rock / Pop,Multiple Elements,by Sting (1990)
Take It EZ,Common,Hip-Hop / Rap / R&B,Drums,by Common (1992)
I'm Riffin,MC Duke,Hip-Hop / Rap / R&B,Drums,by MC Duke and DJ Leader 1 (1989)
I'm Riffin,DJ Leader 1,Hip-Hop / Rap / R&B,Drums,by MC Duke and DJ Leader 1 (1989)
Rock It On,Hideki Naganuma,Soundtrack / Library,Drums,by Hideki Naganuma (2001)
Ругань из-за стены,Noize MC,Hip-Hop / Rap / R&B,Drums,by Noize MC (2010)
Get Into It,Big Daddy Kane,Hip-Hop / Rap / R&B,Multiple Elements,by Big Daddy Kane (1987)
Break 'Em Off Some,Cypress Hill,Hip-Hop / Rap / R&B,Drums,by Cypress Hill (1993)
Roxanne '97 (Puff Daddy Remix),Sting,Hip-Hop / Rap / R&B,Multiple Elements,by Sting and The Police feat. Pras (1997)
Roxanne '97 (Puff Daddy Remix),The Police,Hip-Hop / Rap / R&B,Multiple Elements,by Sting and The Police feat. Pras (1997)
Roxanne '97 (Puff Daddy Remix),Pras,Hip-Hop / Rap / R&B,Multiple Elements,by Sting and The Police feat. Pras (1997)
Hat 2 Da Back,TLC,Hip-Hop / Rap / R&B,Sound Effect / Other,by TLC (1992)
Bang Zoom (Let's Go-Go),The Real Roxanne,Hip-Hop / Rap / R&B,Hook / Riff,by The Real Roxanne feat. Howie Tee (1986)
Bang Zoom (Let's Go-Go),Howie Tee,Hip-Hop / Rap / R&B,Hook / Riff,by The Real Roxanne feat. Howie Tee (1986)
I Got a Love (Remix),Pete Rock & C.L. Smooth,Hip-Hop / Rap / R&B,Sound Effect / Other,by Pete Rock & C.L. Smooth (1994)
L.A. Is a Jungle,Toddy Tee,Hip-Hop / Rap / R&B,Sound Effect / Other,by Toddy Tee and The Bateram Crew (1986)
L.A. Is a Jungle,The Bateram Crew,Hip-Hop / Rap / R&B,Sound Effect / Other,by Toddy Tee and The Bateram Crew (1986)
