Paid in Full,Eric B. & Rakim,Hip-Hop / Rap / R&B,Drums,1987
Hey Young World,Slick Rick,Hip-Hop / Rap / R&B,Multiple Elements,1988
Set Adrift on Memory Bliss,P.M. Dawn,Hip-Hop / Rap / R&B,Drums,1991
Girl You Know It's True,Milli Vanilli,Rock / Pop,Drums,1988
Rival Dealer,Burial,Electronic / Dance,Drums,2013
Run's House,Run-DMC,Hip-Hop / Rap / R&B,Hook / Riff,1988
Unbelievable,EMF,Rock / Pop,Drums,1990
Come Undone,Duran Duran,Rock / Pop,Drums,1993
Jack the Ripper,LL Cool J,Hip-Hop / Rap / R&B,Multiple Elements,1987
Girls Around the World,Lloyd,Hip-Hop / Rap / R&B,Drums,2008
Girls Around the World,Lil Wayne,Hip-Hop / Rap / R&B,Drums,2008
Ladyflash,The Go! Team,Rock / Pop,Hook / Riff,2004
Bass & Key Duet,J Dilla,Hip-Hop / Rap / R&B,Multiple Elements,2005
One for the Treble (Fresh),Davy DMX,Hip-Hop / Rap / R&B,Sound Effect / Other,1984
Scarface,Ghetto Boys,Hip-Hop / Rap / R&B,Drums,1989
Baby Don't Forget My Number,Milli Vanilli,Rock / Pop,Drums,1988
Step Off,Grandmaster Melle Mel,Hip-Hop / Rap / R&B,Hook / Riff,1984
Step Off,The Furious Five,Hip-Hop / Rap / R&B,Hook / Riff,1984
Paid in Full,Eric B. & Rakim,Hip-Hop / Rap / R&B,Drums,1987
Hey Young World,Slick Rick,Hip-Hop / Rap / R&B,Multiple Elements,1988
Set Adrift on Memory Bliss,P.M. Dawn,Hip-Hop / Rap / R&B,Drums,1991
Girl You Know It's True,Milli Vanilli,Rock / Pop,Drums,1988
Rival Dealer,Burial,Electronic / Dance,Drums,2013
Run's House,Run-DMC,Hip-Hop / Rap / R&B,Hook / Riff,1988
Unbelievable,EMF,Rock / Pop,Drums,1990
Come Undone,Duran Duran,Rock / Pop,Drums,1993
Jack the Ripper,LL Cool J,Hip-Hop / Rap / R&B,Multiple Elements,1987
Girls Around the World,Lloyd,Hip-Hop / Rap / R&B,Drums,2008
Girls Around the World,Lil Wayne,Hip-Hop / Rap / R&B,Drums,2008
Ladyflash,The Go! Team,Rock / Pop,Hook / Riff,2004
Bass & Key Duet,J Dilla,Hip-Hop / Rap / R&B,Multiple Elements,2005
One for the Treble (Fresh),Davy DMX,Hip-Hop / Rap / R&B,Sound Effect / Other,1984
Scarface,Ghetto Boys,Hip-Hop / Rap / R&B,Drums,1989
Baby Don't Forget My Number,Milli Vanilli,Rock / Pop,Drums,1988
Step Off,Grandmaster Melle Mel,Hip-Hop / Rap / R&B,Hook / Riff,1984
Step Off,The Furious Five,Hip-Hop / Rap / R&B,Hook / Riff,1984
Then You Turn Away,Dance Mix Factory,Rock / Pop,Drums,1995
UNTIED Dawg,Tito Tentaculo,Hip-Hop / Rap / R&B,Drums,2022
Another Sad Love Song,Dance Mix Factory,Hip-Hop / Rap / R&B,Drums,1994
Let's Have a Party,Brain Damage,Hip-Hop / Rap / R&B,Drums,1990
Angelina,Jamtrx,Rock / Pop,Drums,1995
Why (Different Mix),Jackie Moore (2),Rock / Pop,Drums,1995
City Scene,D.T.E. (Deffer Than Ever),Hip-Hop / Rap / R&B,Drums,1993
Tell Em Where Ya From,DOA,Hip-Hop / Rap / R&B,Drums,1991
Tell Em Where Ya From,X-Conz,Hip-Hop / Rap / R&B,Drums,1991
Lights! Camel! Action! Charlton Heston Meets the Irresistible Force,Stump,Electronic / Dance,Drums,1988
Straight Up Ganksta Wrong Nigga to Mess With,A.K. Ray,Hip-Hop / Rap / R&B,Drums,1994
Going in Circles (DJ Art Version) (2009 Irma Release),Tameka Starr,Electronic / Dance,Drums,2009
Retro,Vanessa-Mae,Classical,Drums,1997
Simply Jesse,Finyl Edits,Rock / Pop,Drums,1992
Forgotten Worlds,Delerium,Electronic / Dance,Drums,1997
In a Big Country,Jamtrx,Rock / Pop,Drums,1993
Words From an X Con,Bobske & the Outlawed,Hip-Hop / Rap / R&B,Drums,1991
Bounce With the Massive,TZANT,Electronic / Dance,Drums,1998
Misterio,Jardin Secreto,Electronic / Dance,Drums,1993
Another Day in Paradise (DJ Mix),Sex and Passion,Rock / Pop,Drums,2010
I Love Rock and Roll (The Medley),Mark Roberts,Rock / Pop,Drums,1994
The Right Way,Daddy D,Hip-Hop / Rap / R&B,Hook / Riff,1990
Flystep,Flytronix,Electronic / Dance,Hook / Riff,1995
Comin' Ta Get Cha,Local Dre,Hip-Hop / Rap / R&B,Hook / Riff,1994
We Can Do This,Jerry Flynn,Hip-Hop / Rap / R&B,Drums,1992
Lunedì Martedì,Ambra,Rock / Pop,Drums,1994
Cookoo Nest,Long Ova Due,Hip-Hop / Rap / R&B,Drums,1993
Energize,Island Universe,Electronic / Dance,Hook / Riff,1993
Kaleidoscope Skies (Club Mix),Jam & Spoon,Electronic / Dance,Drums,1997
Ragga Talk,Asher D,Hip-Hop / Rap / R&B,Drums,1991
Wheels on Fire,DJ Double D,Hip-Hop / Rap / R&B,Drums,1999
Girl You Know It's True (Regular Mix),Centory,Rock / Pop,Drums,1996
Girl You Know It's True (Regular Mix),Trey-D,Rock / Pop,Drums,1996
The D.J.'s Pumpin',M. Doc,Hip-Hop / Rap / R&B,Multiple Elements,1991
The D.J.'s Pumpin',"Steve ""Silk"" Hurley",Hip-Hop / Rap / R&B,Multiple Elements,1991
Flammen in Der Nacht (Bundestag Brenn !),Anarchist Academy,Hip-Hop / Rap / R&B,Drums,1994
Nigerian Rhyme Shoota,Doomsday,Hip-Hop / Rap / R&B,Hook / Riff,1994
Side A,Butchwax,Hip-Hop / Rap / R&B,Sound Effect / Other,1999
G. T. Road,Bally Sagoo,Electronic / Dance,Drums,1992
G. T. Road,K. L. Chand,Electronic / Dance,Drums,1992
G. T. Road,Blackadon,Electronic / Dance,Drums,1992
G. T. Road,Cheshire Cat,Electronic / Dance,Drums,1992
Gangsta Life,Gregory D,Hip-Hop / Rap / R&B,Drums,1992
Pussycat (Cat in the Hat Mix),T.C. Ellis,Hip-Hop / Rap / R&B,Drums,1991
Heavy Metal Microphone Maniac,MC Player,Hip-Hop / Rap / R&B,Hook / Riff,1988
Angel of Death,Insane Poetry,Hip-Hop / Rap / R&B,Multiple Elements,1992
Unbelievable,Chicosci,Rock / Pop,Drums,2001
Clowning in Bru City,K-N-G,Hip-Hop / Rap / R&B,Drums,1992
You Ain't All That,3 Grand,Hip-Hop / Rap / R&B,Drums,1993
Another Level,Jiggie Gee,Hip-Hop / Rap / R&B,Hook / Riff,1991
Freeze,M.C. Boo,Hip-Hop / Rap / R&B,Hook / Riff,1993
Dope Stuff,Natives in Black,Hip-Hop / Rap / R&B,Multiple Elements,1992
Like We Use to Say,Captain Futuro,Electronic / Dance,Drums,2012
Like We Use to Say,DJ Butcher,Electronic / Dance,Drums,2012
Like We Use to Say,BnC,Electronic / Dance,Drums,2012
Memory Loss,The Schizophrenics,Hip-Hop / Rap / R&B,Drums,2015
Take a Fix of Funk,Kash Da Masta,Hip-Hop / Rap / R&B,Hook / Riff,1990
Take a Fix of Funk,D.J. Weet.A.Mix,Hip-Hop / Rap / R&B,Hook / Riff,1990
Dirty Cop's,Black Hole Posse,Hip-Hop / Rap / R&B,Drums,1993
I Keep on Saying (Jamtrax Radio Edit),Nexxus,Electronic / Dance,Drums,1998
The Breaks According to DJ Slick D,Rhythm Mode:D,Hip-Hop / Rap / R&B,Drums,1989
Requiem for a Sesh,Thugwidow,Electronic / Dance,Drums,2020
Requiem for a Sesh,Bruised Skies,Electronic / Dance,Drums,2020
Grandmaster Flash Collection Mix,Kevin Sweeney,Hip-Hop / Rap / R&B,Drums,2014
To the Left,K-Supreme,Hip-Hop / Rap / R&B,Drums,1994
Brick House (Club Mix),Loose Bruce,Hip-Hop / Rap / R&B,Hook / Riff,1991
Brick House (Club Mix),A.R.C. Moe Rock,Hip-Hop / Rap / R&B,Hook / Riff,1991
Gimmie What Cha Got,FM (2),Hip-Hop / Rap / R&B,Drums,1992
For Your Neighborhood,Unda Rated,Hip-Hop / Rap / R&B,Drums,1994
Just Made the M.F. Up Last Night,Detroit's Most Wanted,Hip-Hop / Rap / R&B,Drums,1990
Foolish Heart (On Practice Mix),Jamtrx,Rock / Pop,Drums,1993
전화받어 (Answer the Phone),Kiss (K-Pop Group),Rock / Pop,Drums,2001
Face 2 Face,Cloud2Ground,Rock / Pop,Drums,1997
Mutha Fuckin Tales,KRD,Hip-Hop / Rap / R&B,Hook / Riff,1993
Mutha Fuckin Tales,Brotha Lynch Hung,Hip-Hop / Rap / R&B,Hook / Riff,1993
Sailing,Clay (2),Electronic / Dance,Drums,1994
Only You (Remix),2U,Electronic / Dance,Drums,1991
Dopemix Vol. 2,DJ Prince Ice,Hip-Hop / Rap / R&B,Hook / Riff,1989
Looking Through Patient Eyes (Remix),P.M. Dawn,Hip-Hop / Rap / R&B,Drums,1993
T.S.U.,Silk Tymes Leather,Hip-Hop / Rap / R&B,Hook / Riff,1990
Saulbass Theme,Readymade FC,Electronic / Dance,Drums,1997
Ahead of Time,Sam the Horrid Sam,Hip-Hop / Rap / R&B,Drums,2017
Suspicion,Barry Adamson,Electronic / Dance,Drums,1992
Let Me Go,Saltchenko,Electronic / Dance,Drums,2001
Let Me Go,Hector Trash,Electronic / Dance,Drums,2001
Judgement Time,Devo-X,Hip-Hop / Rap / R&B,Hook / Riff,1991
Why Me?,Ruthless Rap Assassins,Hip-Hop / Rap / R&B,Multiple Elements,1991
Не Убивай На Бумаге,Дубовый Гаайъ,Hip-Hop / Rap / R&B,Drums,1995
Precious (Nite Mix),Jackie Moore (2),Rock / Pop,Drums,1992
Morning Time,Madcap,Electronic / Dance,Sound Effect / Other,2020
Friends,Damian Paul,Hip-Hop / Rap / R&B,Drums,1997
When the Sky's Black,Def Defiance,Hip-Hop / Rap / R&B,Drums,1992
L'Africain,Sens Unik,Hip-Hop / Rap / R&B,Drums,1991
Rollin' Wit Tha...,Conspiracy Def-Con,Hip-Hop / Rap / R&B,Drums,1991
In the Neighbourhood,Sisters Underground,Hip-Hop / Rap / R&B,Drums,1994
The Earth's a Turntable,Rob Swift,Hip-Hop / Rap / R&B,Multiple Elements,1999
The Earth's a Turntable,Gudtyme,Hip-Hop / Rap / R&B,Multiple Elements,1999
Gallery Mall,Robbie B,Hip-Hop / Rap / R&B,Drums,1990
Gallery Mall,DJ Jazz,Hip-Hop / Rap / R&B,Drums,1990
Free Spirit (Slow Burn),Orchestra JB,Electronic / Dance,Drums,1990
Losin' My Mind,Kiesza,Rock / Pop,Sound Effect / Other,2014
Losin' My Mind,Mick Jenkins,Rock / Pop,Sound Effect / Other,2014
So Deep,Beauty & Deep,Rock / Pop,Drums,1991
Comin on Strong,Vicious Base,Hip-Hop / Rap / R&B,Multiple Elements,1991
Careless Whisper (Def Groove Remix),Leroy & Eddy,Electronic / Dance,Drums,1996
Get Ya 411 Straight,RazorBlayd,Hip-Hop / Rap / R&B,Hook / Riff,1992
Sporty Talk -N- Sporty 93,Sporty-T,Hip-Hop / Rap / R&B,Drums,1993
Look to the Sky,Makeba & Skratch,Hip-Hop / Rap / R&B,Drums,1991
1 on 1,Rupee,Reggae / Dub,Drums,2004
Not Just a Fad,J.J. Fad,Hip-Hop / Rap / R&B,Multiple Elements,1990
'Til They Take My Heart Away,Finyl Edits,Rock / Pop,Drums,1993
Down With the Family,IBM Nation,Hip-Hop / Rap / R&B,Hook / Riff,2015
Stick Insect (Monitor Mix),Psychic TV,Electronic / Dance,Drums,1997
Nothing,The Good Girls,Hip-Hop / Rap / R&B,Drums,1992
Sweet Harmony,In.Deep,Electronic / Dance,Drums,1998
Gangsta Rap,M.C. Tee,Hip-Hop / Rap / R&B,Multiple Elements,1997
Can I Get Over,Definition of Sound,Hip-Hop / Rap / R&B,Hook / Riff,1992
Can I Get Over,Ann Marie Falconer,Hip-Hop / Rap / R&B,Hook / Riff,1992
You'll Never Get Murdered,DJ Faust,Hip-Hop / Rap / R&B,Hook / Riff,1998
Loud,Snow,Reggae / Dub,Drums,1999
Back in the Daze,Kaoss,Hip-Hop / Rap / R&B,Drums,1995
Their Culture,B.L.I.M.,Electronic / Dance,Drums,1995
Let Me Try Again (Dub Mix),Jackie Moore (2),Rock / Pop,Drums,1991
Remorse? No!,No Remorze,Hip-Hop / Rap / R&B,Sound Effect / Other,1995
Beyond,Minus 8,Electronic / Dance,Drums,1997
Foolish Heart (1993 on Practice Mix),Steve Perry,Electronic / Dance,Drums,2000
La Crema,Cream Gang,Hip-Hop / Rap / R&B,Hook / Riff,2013
"Blame It on Tha ""Bounce""",PxMxWx,Hip-Hop / Rap / R&B,Drums,1994
Leben Zu Zweit,Die Fantastischen Vier,Hip-Hop / Rap / R&B,Sound Effect / Other,2004
Tell Me Where It Hurts (Club Mix),Try 'N' B,Electronic / Dance,Drums,1992
Misery Loves Company,Jazzie Redd,Hip-Hop / Rap / R&B,Drums,1992
Bangin',Cellski,Hip-Hop / Rap / R&B,Multiple Elements,1992
Take My Breath Away,Mark Roberts,Electronic / Dance,Drums,1999
It Is Scratched,Simon Harris,Hip-Hop / Rap / R&B,Drums,1989
Listen to My Music (Penthouse Mix),Bombast Broz,Hip-Hop / Rap / R&B,Drums,1990
Written in the Drum,MCJX,Hip-Hop / Rap / R&B,Drums,1990
Going All Out,N.I.G.G.A Supreme,Hip-Hop / Rap / R&B,Drums,1994
Voices,Top Authority,Hip-Hop / Rap / R&B,Hook / Riff,1993
No Woman No Cry,Londonbeat,Rock / Pop,Drums,1990
Sneak 'Em,Gregory D,Electronic / Dance,Hook / Riff,1989
Sneak 'Em,Mannie Fresh,Electronic / Dance,Hook / Riff,1989
Looking Through Patient Eyes (Hot Tracks Mix),P.M. Dawn,Hip-Hop / Rap / R&B,Drums,1993
Big Man,PxMxWx,Hip-Hop / Rap / R&B,Drums,1993
Intro,TLC,Hip-Hop / Rap / R&B,Drums,1992
Til They Take My Heart Away (1994 Power Tools Edit),Clair Marlo,Electronic / Dance,Drums,2000
(All You Find Is) Air,Even as We Speak,Rock / Pop,Drums,1993
Sinful! (Scary Jiggin' With Doctor Love),Pete Wylie,Rock / Pop,Drums,1991
Sinful! (Scary Jiggin' With Doctor Love),The Farm,Rock / Pop,Drums,1991
Zieh Dir Das Rein,Die Fantastischen Vier,Hip-Hop / Rap / R&B,Hook / Riff,1991
Don't Leave Me,Louise Hamilton,Electronic / Dance,Drums,1995
Surprise Horn Pt. 2,Gary Moscheles,Electronic / Dance,Drums,1996
Early N the Morning (The Original),Da' Sha Ra',Hip-Hop / Rap / R&B,Drums,1995
Now It Sounds Like a Record,Smooth Ice,Hip-Hop / Rap / R&B,Hook / Riff,1990
I Will Always Love You (Downbeat Two),Valery,Rock / Pop,Drums,1993
I Wish It Would Rain Down,Jackie Moore (2),Electronic / Dance,Drums,1990
Code of Hammurabi,Sa-Roc,Hip-Hop / Rap / R&B,Drums,2013
State of Independence (New Radio Millennium Mix),Donna Summer,Rock / Pop,Drums,1996
Hoe Cakes,The Afros,Hip-Hop / Rap / R&B,Sound Effect / Other,1990
Doggie Hopp,Willie Puckett,Hip-Hop / Rap / R&B,Drums,1997
Independent (Rhyddim Mix),Salt-N-Pepa,Hip-Hop / Rap / R&B,Sound Effect / Other,1990
Mind,The Bins,Hip-Hop / Rap / R&B,Drums,2018
All Das Mag Ich,Äi-Tiem,Hip-Hop / Rap / R&B,Drums,1993
In the House,MC Joe,Hip-Hop / Rap / R&B,Drums,1989
In the House,King Shameek,Hip-Hop / Rap / R&B,Drums,1989
Out From the Deep,Enigma,Electronic / Dance,Drums,1993
Far Out,Deejay Punk-Roc,Electronic / Dance,Sound Effect / Other,1998
"Knockin' on Every Door (BomKrash 12"" Remix)",Roxette,Rock / Pop,Drums,1992
Be on Through,oOoOO,Electronic / Dance,Drums,2018
Be on Through,Islamiq Grrrls,Electronic / Dance,Drums,2018
Need to Know the Flavour,Grandmaster Caz,Hip-Hop / Rap / R&B,Multiple Elements,1992
Rougher Than an Animal,Demon Boyz,Hip-Hop / Rap / R&B,Hook / Riff,1989
Sacrifice (Short Club Version),Code K.,Hip-Hop / Rap / R&B,Drums,1998
Deuces Is Def,Deuces Wild,Hip-Hop / Rap / R&B,Hook / Riff,1988
I Got This,The Sample Kings,Hip-Hop / Rap / R&B,Multiple Elements,1989
"I Don't Wanna Take This Pain (12"" Version)",Dannii Minogue,Rock / Pop,Drums,1990
I'm Back,Red Bandit,Hip-Hop / Rap / R&B,Drums,1990
Nunca Te Haría Daño,Jorge González,Other,Drums,2013
Flowin' With the Rhythm,The Fila Fresh Crew,Hip-Hop / Rap / R&B,Multiple Elements,1991
Polku,Neon 2,Rock / Pop,Drums,1992
Baghdad 1.9.9.1.,Assalti Frontali,Hip-Hop / Rap / R&B,Drums,1992
U.s.c.'s Finest,Who Am I?,Hip-Hop / Rap / R&B,Multiple Elements,1991
Why (Extended Remix),Jackie Moore (2),Rock / Pop,Drums,1992
Uitbetaald,Sticks,Hip-Hop / Rap / R&B,Drums,2012
Uitbetaald,Moon,Hip-Hop / Rap / R&B,Drums,2012
Shame*Shame*Shame*,Debbie D,Hip-Hop / Rap / R&B,Drums,1989
It Doesn't Mean Goodbye,Gina G,Rock / Pop,Drums,1997
Isabel,Unrest,Rock / Pop,Drums,1992
Why,Jackie Moore (2),Rock / Pop,Drums,1992
Bejt v Pohodě,Chaozz,Hip-Hop / Rap / R&B,Drums,1996
The Captain of Her Heart,Beauty & Deep,Rock / Pop,Drums,1993
Tie Goes to the Runner,Public Enemy,Hip-Hop / Rap / R&B,Hook / Riff,1992
Freefall,Psychosis,Electronic / Dance,Hook / Riff,2000
Back to Life,Croatia Squad,Electronic / Dance,Drums,2015
Silly Rabbit,Mr. X & Mr. Z,Hip-Hop / Rap / R&B,Hook / Riff,1988
At the Worlds End,Mihail P,Electronic / Dance,Drums,2019
From the Projects,Disco Beave,Hip-Hop / Rap / R&B,Hook / Riff,1988
From the Projects,B Get Busy,Hip-Hop / Rap / R&B,Hook / Riff,1988
Problems,Wrongside,Hip-Hop / Rap / R&B,Drums,2017
Soul Power (Soul Mix),Ruth Joy,Electronic / Dance,Hook / Riff,1989
Letter to My Listeners,Father Dom,Hip-Hop / Rap / R&B,Hook / Riff,1991
What Did You Do (With My Love),Double You,Rock / Pop,Drums,1994
2 Bad,Overlord X,Hip-Hop / Rap / R&B,Multiple Elements,1988
Dopemix Vol. 1,DJ Prince Ice,Hip-Hop / Rap / R&B,Drums,1988
Destroy the Whole World,The X Files,Hip-Hop / Rap / R&B,Drums,2017
Mad Skillz,GT Tha 5-0,Hip-Hop / Rap / R&B,Drums,1993
Scarface,Akshen,Hip-Hop / Rap / R&B,Multiple Elements,1989
Not for the Pop Charts,O.F.T.B.,Hip-Hop / Rap / R&B,Drums,1992
Side B,DJ Q-Bert,Hip-Hop / Rap / R&B,Sound Effect / Other,1995
Unity,Marc Antoine,Jazz / Blues,Drums,1994
Funky Reputation,Crazy Rak,Hip-Hop / Rap / R&B,Multiple Elements,1993
Get to It,Agallah,Hip-Hop / Rap / R&B,Multiple Elements,2021
Gusanos Taladradores,Insulinodependiente,Hip-Hop / Rap / R&B,Multiple Elements,2008
Follow Me,Sporty-T,Hip-Hop / Rap / R&B,Sound Effect / Other,1994
The Tide Is High,Angelina,Electronic / Dance,Drums,1997
Hidden Jewels of Rap,Brothers Like Outlaw,Hip-Hop / Rap / R&B,Drums,1992
Don't Walk Away,Whigfield,Electronic / Dance,Drums,1995
Enamorada Sin Querer,Marta Sanchez,Rock / Pop,Multiple Elements,1995
Ustanak,BIGru,Hip-Hop / Rap / R&B,Multiple Elements,2018
Ustanak,Paja Kratak,Hip-Hop / Rap / R&B,Multiple Elements,2018
Ustanak,DJ Munja,Hip-Hop / Rap / R&B,Multiple Elements,2018
Oxygene VI (Open Minded Mix 1),Jean-Michel Jarre,Electronic / Dance,Drums,1991
Rhyme Slayer,Rated X,Hip-Hop / Rap / R&B,Drums,1992
Let's Take a Ride,Bass Patrol,Hip-Hop / Rap / R&B,Drums,1992
Turn It Up (Everlasting Loop Version),Technotronic,Electronic / Dance,Drums,1991
I Won't Open My Arms,Philip Bailey,Soul / Funk / Disco,Drums,1994
Don't Cry Tonight ('89 Version),Savage,Electronic / Dance,Drums,1989
Cry of a Waking Heart,Donna Summer,Rock / Pop,Drums,1991
SMS,Fünf Sterne Deluxe,Hip-Hop / Rap / R&B,Drums,2017
I Ain't No Lady,H.W.A.,Hip-Hop / Rap / R&B,Drums,1994
Man With Soul,Prince Shaheed & Da Men at Work,Hip-Hop / Rap / R&B,Drums,1991
AIDS Attack,MC Steel,Hip-Hop / Rap / R&B,Hook / Riff,1989
AIDS Attack,Doc Rock,Hip-Hop / Rap / R&B,Hook / Riff,1989
I'm All About You (A Lovely Day's Remix),Aaron Carter,Rock / Pop,Drums,2002
Never Lonely,Caron Wheeler,Hip-Hop / Rap / R&B,Multiple Elements,1990
Reach Out,DJ Zinc,Electronic / Dance,Hook / Riff,1996
If You Can Drum Too,Debbie D,Hip-Hop / Rap / R&B,Drums,1989
Fuck the System,Success - N - Effect,Hip-Hop / Rap / R&B,Multiple Elements,1992
Without You (Down Beat),Sheena Rayder,Rock / Pop,Drums,1993
Let Me Win,Chrisette Michele,Hip-Hop / Rap / R&B,Drums,2013
Too Much on It,The Grouch,Hip-Hop / Rap / R&B,Drums,1999
Big in Japan (Torsten Fenslau Remix),Alphaville,Rock / Pop,Drums,1992
C'Est Déjà ÇA,Alain Souchon,Rock / Pop,Drums,1993
Attention,Luke Vibert,Electronic / Dance,Drums,2020
We Want It All,J.J. Fad,Hip-Hop / Rap / R&B,Drums,1990
Back to Basix,Kid 'N Play,Hip-Hop / Rap / R&B,Drums,1990
Dauphine,μ-Ziq,Electronic / Dance,Drums,1995
One Way,Bloodhound Gang,Rock / Pop,Drums,1995
Nothin' Could Save Ya,Twin Hype,Hip-Hop / Rap / R&B,Drums,1991
People Everyday (Coe Ramsey Mix),Arrested Development,Hip-Hop / Rap / R&B,Drums,1992
Trick With a Knife,Strawpeople,Electronic / Dance,Drums,1992
Gangster Rockin',Steady B,Hip-Hop / Rap / R&B,Hook / Riff,1987
X-ecutioners Scratch,X-Ecutioners,Hip-Hop / Rap / R&B,Hook / Riff,2002
Mainline (Original Techno Mix),Omni Trio,Electronic / Dance,Drums,1993
I Need Relief,Digital Domain,Electronic / Dance,Hook / Riff,1992
Rainmaker,Sleigh Bells,Electronic / Dance,Drums,2017
Self Control (Remix),Laura Branigan,Electronic / Dance,Drums,1993
Cosi Ti Amo,The Dining Rooms,Electronic / Dance,Drums,2001
No Holding Back,Cynthia,Rock / Pop,Drums,1999
Come Alive,Orchestra JB,Rock / Pop,Drums,1991
Autumn Love,Electra (British House Group),Electronic / Dance,Drums,1989
Where They At,Juicy J,Hip-Hop / Rap / R&B,Drums,1993
Separuh Nafas,Dewa,Rock / Pop,Drums,2000
Road to My Riches (Live),Vanilla Ice,Hip-Hop / Rap / R&B,Drums,1991
Treat Her Like a Lady,Céline Dion,Hip-Hop / Rap / R&B,Drums,1997
Treat Her Like a Lady,Diana King,Hip-Hop / Rap / R&B,Drums,1997
Treat Her Like a Lady,Brownstone,Hip-Hop / Rap / R&B,Drums,1997
Ditty (Ditty Club Mix),Paperboy,Hip-Hop / Rap / R&B,Drums,1993
Gangster Boogie,Life-N-Def,Hip-Hop / Rap / R&B,Multiple Elements,1988
New York City,The Lox,Hip-Hop / Rap / R&B,Multiple Elements,2014
Dalmations,Mazzi,Hip-Hop / Rap / R&B,Multiple Elements,2016
Dalmations,Soul Purpose,Hip-Hop / Rap / R&B,Multiple Elements,2016
Coming Out Hard,Money Making Jam Boys,Hip-Hop / Rap / R&B,Multiple Elements,2011
Methods of Droppin' Mental,Poor Righteous Teachers,Hip-Hop / Rap / R&B,Multiple Elements,1991
Congratulations,Sydney Youngblood,Electronic / Dance,Drums,1989
Kini,Feminin,Rock / Pop,Drums,1994
After Beyond,T99,Electronic / Dance,Drums,1992
Maria Magdalena (Club Mix),Sandra,Rock / Pop,Drums,1993
The Wood,Ryan Leslie,Hip-Hop / Rap / R&B,Drums,2015
Brother With Two Tongues,Mellow Man Ace,Hip-Hop / Rap / R&B,Drums,1992
Не плачь,Дискотека Авария,Hip-Hop / Rap / R&B,Drums,1999
Не плачь,Владимир Пресняков,Hip-Hop / Rap / R&B,Drums,1999
The Love Blue,Tae Beast,Hip-Hop / Rap / R&B,Drums,2010
Why They Sell Dope,Tim Smooth,Hip-Hop / Rap / R&B,Drums,1994
A Turntable Experience,Rob Swift,Hip-Hop / Rap / R&B,Hook / Riff,1997
Ali Click,Brian Eno,Electronic / Dance,Drums,1992
Piss Test,A-Trak,Hip-Hop / Rap / R&B,Drums,2012
Piss Test,Juicy J,Hip-Hop / Rap / R&B,Drums,2012
Piss Test,Danny Brown,Hip-Hop / Rap / R&B,Drums,2012
Birdbeat Intro,Bird,Hip-Hop / Rap / R&B,Hook / Riff,1992
Autumn Bliss,Esbe,Hip-Hop / Rap / R&B,Drums,2015
This Is a Jam,Demon Boyz,Hip-Hop / Rap / R&B,Hook / Riff,1987
Back to the Underground,WC and the Maad Circle,Hip-Hop / Rap / R&B,Drums,1991
Track the Groove,DJ Shadow,Electronic / Dance,Multiple Elements,2008
Estoy Por Ti,Amistades Peligrosas,Rock / Pop,Multiple Elements,1991
Она,Dolphin,Hip-Hop / Rap / R&B,Drums,1999
Let You Know,iLL Camille,Hip-Hop / Rap / R&B,Drums,2012
Another Hooker,Marley Marl,Hip-Hop / Rap / R&B,Drums,1991
Another Hooker,Big Money Wiz,Hip-Hop / Rap / R&B,Drums,1991
UK Blak,Caron Wheeler,Hip-Hop / Rap / R&B,Drums,1990
Get Serious,Cut 'N' Move,Hip-Hop / Rap / R&B,Drums,1991
Stylin',Skinny Boys,Hip-Hop / Rap / R&B,Drums,1988
Breaker,Paradox,Electronic / Dance,Multiple Elements,2016
Give We the Pride,Chuck D,Hip-Hop / Rap / R&B,Drums,2014
Give We the Pride,Mavis Staples,Hip-Hop / Rap / R&B,Drums,2014
Can This Be Real (Remix),King Tee,Hip-Hop / Rap / R&B,Multiple Elements,1990
Temptation Talk (Soft Landing on the Moon Version),Pizzicato Five,Rock / Pop,Drums,1990
"Blood, Sweat & Glory",5th Ward Boyz,Hip-Hop / Rap / R&B,Drums,1993
Killer Dayton's,Poetry-N-Motion,Hip-Hop / Rap / R&B,Hook / Riff,1987
Last Survivor (BGM 06),CSK Research Institute,Soundtrack / Library,Drums,1990
Take Your Time (Beat Me Down Mix),Mantronix,Electronic / Dance,Drums,1990
Take Your Time (Beat Me Down Mix),Wondress,Electronic / Dance,Drums,1990
Troppo,13 Bastardi,Hip-Hop / Rap / R&B,Multiple Elements,1998
Don't Cry Tonight (Rap in the Night) (Remix),Savage,Electronic / Dance,Drums,1989
Don't Cry Tonight (Rap in the Night) (Remix),Ice MC,Electronic / Dance,Drums,1989
Dança Do Desempregado,Gabriel O Pensador,Hip-Hop / Rap / R&B,Drums,1997
Dezires,Aquasky,Electronic / Dance,Drums,1995
Danya,Frederick Rousseau,World / Latin,Drums,2002
Hmm Hmm,Taste of Sugar,Electronic / Dance,Drums,1989
Mr. Scarface: Part III the Final Chapter,Scarface,Hip-Hop / Rap / R&B,Drums,1993
F9'Riot Squad,Jess & Crabbe,Electronic / Dance,Multiple Elements,1999
It Gets No Deeper,K-9 Posse,Hip-Hop / Rap / R&B,Drums,1988
Dancing on a Summer Night With You,Dancing Fantasy,Easy Listening,Drums,1992
Hip-Hail Style,Culture Productions,Hip-Hop / Rap / R&B,Multiple Elements,1993
Bass (How Low Can You Go) (Raggamuffin Remix),Simon Harris,Electronic / Dance,Drums,1988
Rain,Alanis Morissette,Rock / Pop,Drums,1992
California Schemin,Hive,Electronic / Dance,Hook / Riff,2005
California Schemin,Keaton,Electronic / Dance,Hook / Riff,2005
California Schemin,Gridlok,Electronic / Dance,Hook / Riff,2005
Drive,Double You,Electronic / Dance,Drums,1992
Justify My Love (Ultimix),Madonna,Electronic / Dance,Drums,1990
Shoot the Loop,Acoustic Alchemy,Jazz / Blues,Drums,1994
Ready to Penetrate,Sugar Bear,Hip-Hop / Rap / R&B,Multiple Elements,1988
Bring It Back,Die Fantastischen Vier,Hip-Hop / Rap / R&B,Drums,2004
Set-Up,0.308,Hip-Hop / Rap / R&B,Multiple Elements,1993
Dream,W.I.P.,Rock / Pop,Multiple Elements,1991
Movin',Black Machine,Electronic / Dance,Drums,1992
Gonna Be My Baby,Double You,Rock / Pop,Drums,1996
Le Deenastyle,Dee Nasty,Hip-Hop / Rap / R&B,Multiple Elements,1987
Getcha Ya Ya,Londonbeat,Rock / Pop,Drums,1990
I Want Your Sex,Nemesis,Hip-Hop / Rap / R&B,Drums,1991
I Want Your Sex,Michele Broussard,Hip-Hop / Rap / R&B,Drums,1991
I Want Your Sex,Tyrone Samples,Hip-Hop / Rap / R&B,Drums,1991
Every Kinda Rap,Space 1,Hip-Hop / Rap / R&B,Drums,1991
State of Yo,The Brand New Heavies,Hip-Hop / Rap / R&B,Hook / Riff,1992
State of Yo,Black Sheep,Hip-Hop / Rap / R&B,Hook / Riff,1992
Back Up Off My Tip,DMS (Hip-Hop Trio),Hip-Hop / Rap / R&B,Drums,1994
Tryna Get It,Philmore Greene,Hip-Hop / Rap / R&B,Drums,2018
Tryna Get It,Neak,Hip-Hop / Rap / R&B,Drums,2018
Tryna Get It,Rashid Hadee,Hip-Hop / Rap / R&B,Drums,2018
Tryna Get It,Yarbrough,Hip-Hop / Rap / R&B,Drums,2018
Same Ole 2 Step,Ent Distrikt,Hip-Hop / Rap / R&B,Drums,2010
You Can Swing It,Sheena Easton,Hip-Hop / Rap / R&B,Sound Effect / Other,1991
Love,Gerardo,Hip-Hop / Rap / R&B,Drums,1992
From the Ghetto,Dread Flimstone,Hip-Hop / Rap / R&B,Drums,1991
744,Plug,Electronic / Dance,Drums,1995
Jackin' for Bounce,Sporty-T,Hip-Hop / Rap / R&B,Drums,1994
Understanding (14KT Further Paid Remix),14Kt,Hip-Hop / Rap / R&B,Drums,2017
Isle of Cats Jungle Music,Frank Klepacki,Soundtrack / Library,Drums,1994
Where My Niggas At?,The Abstract Pack,Hip-Hop / Rap / R&B,Multiple Elements,1998
Still Can't Get Over You,Take That,Rock / Pop,Drums,1992
Falling,The Mob,Electronic / Dance,Drums,1990
Release the Pressure,Criminal Nation,Hip-Hop / Rap / R&B,Drums,1990
All of Me,oOoOO,Electronic / Dance,Drums,2018
All of Me,Islamiq Grrrls,Electronic / Dance,Drums,2018
Hahaha,Ogi,Hip-Hop / Rap / R&B,Hook / Riff,2015
The Story Book of Love,Rozalla,Rock / Pop,Drums,1992
MmmBop (Soulful Club Mix),Hanson,Rock / Pop,Drums,1997
Rhymes and Careers,Cookie Crew,Hip-Hop / Rap / R&B,Multiple Elements,1989
"Ah One, Two, Three, Cut",Invisibl Skratch Piklz,Hip-Hop / Rap / R&B,Hook / Riff,1996
Milkshake,Lo-Key?,Hip-Hop / Rap / R&B,Drums,1992
Payback (On the Street Mix),Black on Track,Hip-Hop / Rap / R&B,Drums,1992
Invisbl Skratch Piklz vs. Da Klamz Uv Deth,Invisibl Skratch Piklz,Hip-Hop / Rap / R&B,Hook / Riff,1997
Hard Rhyme,MC Freeze,Hip-Hop / Rap / R&B,Hook / Riff,1992
Creatures Made of Light,Mysteries of Science,Electronic / Dance,Drums,1994
Three Bells,Bombalurina,Rock / Pop,Drums,1990
Crimson and Clover,SF Spanish Fly,Rock / Pop,Drums,1995
Criminal Background,A.N.M.,Hip-Hop / Rap / R&B,Drums,1991
More Beats and Pieces (DJ Lord Fader Turntable Mix),Coldcut,Hip-Hop / Rap / R&B,Drums,1998
Course Poursuite (Electric Universe Remix),Joking Sphinx,Electronic / Dance,Drums,1997
Only the Lonely,MC Brian,Electronic / Dance,Drums,1991
Liquid Music,R.C. Nucleus,Hip-Hop / Rap / R&B,Drums,1995
Pensando en Esa Chica,The Sacados,Rock / Pop,Drums,1996
Last Christmas (Major Cut),Whigfield,Rock / Pop,Drums,1995
Powerhouse,Overlord X,Soul / Funk / Disco,Drums,1990
000 Baby,Mr. Ho,Electronic / Dance,Drums,2020
Still Smokin,PxMxWx,Hip-Hop / Rap / R&B,Drums,1993
Secrets of the Universe,Space Tribe,Electronic / Dance,Drums,2001
Now My Day Begins,Overlord X,Hip-Hop / Rap / R&B,Hook / Riff,1989
Online Information,Electric Universe,Electronic / Dance,Drums,1997
Good Old Days (Classixx Remix),JR JR,Other,Drums,2021
No Stoppin or Standin Between the Rhyme,K-9 Posse,Hip-Hop / Rap / R&B,Hook / Riff,1988
Do It Baby,Supreme NYborn,Hip-Hop / Rap / R&B,Drums,1991
High (Best Deal Mix - DJ Martin David Remix Edit),DJ Martin David,Rock / Pop,Drums,2002
Mega Mix V,2 Live Crew,Hip-Hop / Rap / R&B,Multiple Elements,1991
Dealin With Aces,800 Money & J. Swiff,Hip-Hop / Rap / R&B,Hook / Riff,1988
Dealin With Aces,Cool Ace,Hip-Hop / Rap / R&B,Hook / Riff,1988
Just a Little Something,Style,Hip-Hop / Rap / R&B,Drums,1990
Brand New Day (Remix),Claudja,Electronic / Dance,Drums,1995
This Can Be Real (Strange Fish),Candy Flip,Electronic / Dance,Drums,1990
Oak Cliff '89,Nemesis,Hip-Hop / Rap / R&B,Hook / Riff,1988
Acid Mania,Dolbie D,Electronic / Dance,Sound Effect / Other,1988
Boogie Back,The Scam,Hip-Hop / Rap / R&B,Multiple Elements,1988
Dose (The Morning After),Filter,Rock / Pop,Drums,1995
Rollin With Tha...,Def-Con,Hip-Hop / Rap / R&B,Drums,1991
I Believe in Music,Fresh Gordon,Hip-Hop / Rap / R&B,Multiple Elements,1987
I Believe in Music,Jaz,Hip-Hop / Rap / R&B,Multiple Elements,1987
Passages,Bowery Electric,Electronic / Dance,Drums,2000
Falling Down,Chapterhouse,Rock / Pop,Drums,1990
Get the Gat,Lil Elt,Hip-Hop / Rap / R&B,Drums,1992
Real Doe,DJ Quik,Hip-Hop / Rap / R&B,Hook / Riff,1989
Real Doe,2nd II None,Hip-Hop / Rap / R&B,Hook / Riff,1989
"Friends (""Unity"" Remix)",Jody Watley,Hip-Hop / Rap / R&B,Drums,1989
Last Night,Pick-4,Electronic / Dance,Sound Effect / Other,1990
つるみの塔,キミドリ,Hip-Hop / Rap / R&B,Drums,1993
Moment of Peace,Gregorian,Electronic / Dance,Drums,2001
Dime La Verdad,Marta Sanchez,Rock / Pop,Drums,1995
Product Placement (Side 1),DJ Shadow,Other,Hook / Riff,2001
Product Placement (Side 1),Cut Chemist,Other,Hook / Riff,2001
Sweet Home Alabama (Ultimix),Lynyrd Skynyrd,Rock / Pop,Drums,1999
Raj Młodocianych Bogów 2,POE (Hip-Hop),Hip-Hop / Rap / R&B,Drums,2010
Unfinished Business,Antoinette,Hip-Hop / Rap / R&B,Hook / Riff,1987
It's Alright Ta Get Hype,1 Way,Hip-Hop / Rap / R&B,Multiple Elements,1994
Colour of Love (Smoove Version),Snap!,Electronic / Dance,Drums,1991
Twilight Zone,Moses P.,Hip-Hop / Rap / R&B,Multiple Elements,1989
The Loop of '87 (98 BPM),Simon Harris,Other,Drums,1988
3,Zero-G,Other,Drums,1991
True (The Vancouver Feet Beat Digital Mix),Spandau Ballet,Electronic / Dance,Drums,1991
Phone Sexxx,Jimmy Z,Soul / Funk / Disco,Drums,1991
Phone Sexxx,Oneida James,Soul / Funk / Disco,Drums,1991
Gank Move,Big Mello,Hip-Hop / Rap / R&B,Drums,1992
Watch the Gangstress Boogie,Antoinette,Hip-Hop / Rap / R&B,Drums,1989
Livin' in the Light,Caron Wheeler,Electronic / Dance,Drums,1990
Once in a Lifetime,Gregorian (German Trio),World / Latin,Drums,1991
Once in a Lifetime,Sisters of Oz,World / Latin,Drums,1991
Galbi (Played Out Mix),Ofra Haza,Electronic / Dance,Drums,1988
Super Mario USA,Ambassadors of Funk,Hip-Hop / Rap / R&B,Drums,1993
Super Mario USA,MC Mario,Hip-Hop / Rap / R&B,Drums,1993
Girl You Know It's True (Super Dub Mix),Numarx,Hip-Hop / Rap / R&B,Multiple Elements,1987
Get the Fist,Get the Fist Movement,Hip-Hop / Rap / R&B,Hook / Riff,1992
"Get the Message (DNA 12"" Groove Mix)",Electronic,Electronic / Dance,Drums,1991
Enae Volare Mezzo,Era,Electronic / Dance,Drums,1997
What What,Public Enemy,Hip-Hop / Rap / R&B,Multiple Elements,1999
With You,Nicole Bus,Hip-Hop / Rap / R&B,Drums,2019
Aaah D Yaaa,The Goats,Hip-Hop / Rap / R&B,Drums,1992
Glory to the Lord,King Los,Hip-Hop / Rap / R&B,Drums,2015
Glory to the Lord,R. Kelly,Hip-Hop / Rap / R&B,Drums,2015
Back From the Dead,Kid Rock,Rock / Pop,Drums,1992
Tom's Diner (Funkymix),DNA,Electronic / Dance,Drums,1991
Tom's Diner (Funkymix),Suzanne Vega,Electronic / Dance,Drums,1991
Tom's Diner (Funkymix),After One,Electronic / Dance,Drums,1991
Love and Devotion (Development Corporation Remix),Real McCoy,Electronic / Dance,Drums,1995
Welcome,Gino Latino,Electronic / Dance,Drums,1988
All Around the World (Remix),Lisa Stansfield,Rock / Pop,Drums,1990
Run for Cover,Michie Mee,Hip-Hop / Rap / R&B,Multiple Elements,1987
Run for Cover,L.A. Luv,Hip-Hop / Rap / R&B,Multiple Elements,1987
Choose,Color Me Badd,Hip-Hop / Rap / R&B,Drums,1993
"Justa ""Lil"" Dope",Masters at Work,Electronic / Dance,Hook / Riff,1991
La Familia,Frost,Hip-Hop / Rap / R&B,Drums,1995
Reckless (With Your Love) (Tensnake Remix),Azari & III,Electronic / Dance,Drums,2010
Milk (People Call Me),Young Zee,Hip-Hop / Rap / R&B,Hook / Riff,1996
Milk (People Call Me),Busta Rhymes,Hip-Hop / Rap / R&B,Hook / Riff,1996
Milk (People Call Me),KRS-One,Hip-Hop / Rap / R&B,Hook / Riff,1996
Princess of Poetry,The Conscious Daughters,Hip-Hop / Rap / R&B,Drums,1993
That Girl,Phill Most Chill,Hip-Hop / Rap / R&B,Drums,1988
Joy (Club Mix),Soul II Soul,Soul / Funk / Disco,Sound Effect / Other,1992
Hunter,Dido,Rock / Pop,Drums,1999
Ghetto Bass II,2 Live Crew,Hip-Hop / Rap / R&B,Hook / Riff,1988
Bed-Stuy Is Burning,Skyzoo,Hip-Hop / Rap / R&B,Drums,2021
Bed-Stuy Is Burning,Hypnotic Brass Ensemble,Hip-Hop / Rap / R&B,Drums,2021
Take My Breath Away (Remix),Berlin,Rock / Pop,Drums,1991
Take My Breath Away (Remix),Terri Nunn,Rock / Pop,Drums,1991
Kill That Noise,MC Shan,Hip-Hop / Rap / R&B,Drums,1987
Continue 2 Roll,Z-Ro,Hip-Hop / Rap / R&B,Drums,2006
Roll Call,Peter Murphy,Rock / Pop,Drums,1990
My Real Niggaz,E.S.G.,Hip-Hop / Rap / R&B,Drums,1994
Livin' in the Light (The Larger Than Light Mix),Caron Wheeler,Soul / Funk / Disco,Multiple Elements,1990
Tears,Jarren Benton,Hip-Hop / Rap / R&B,Drums,2017
"Keep It Together (12"" Mix)",Madonna,Rock / Pop,Drums,1989
Hey You!,Bomb the Bass,Electronic / Dance,Drums,1988
Hot Boys and Girls,Master P,Hip-Hop / Rap / R&B,Sound Effect / Other,1998
So Strung Out,C-Block,Electronic / Dance,Drums,1996
Kaleidoscope Skies,Ann & Punn,Rock / Pop,Drums,1997
Deep,East 17,Rock / Pop,Drums,1992
Magnum Opus,Top Quality,Hip-Hop / Rap / R&B,Drums,1993
Retrato De Um Playboy (Juventude Perdida),Gabriel O Pensador,Hip-Hop / Rap / R&B,Drums,1993
Luh Ya,Marsha Ambrosius,Hip-Hop / Rap / R&B,Drums,2017
Bounce (For the Juvenile),D.J. Jimi,Hip-Hop / Rap / R&B,Drums,1992
Bounce (For the Juvenile),Juvenile,Hip-Hop / Rap / R&B,Drums,1992
Seventy3 Soundtrack,J Dilla,Hip-Hop / Rap / R&B,Multiple Elements,2014
Getting to Know Each Other,Martin David,Rock / Pop,Drums,1999
Tributo a Mr Scarface,Hazhe,Hip-Hop / Rap / R&B,Drums,2010
Tributo a Mr Scarface,Kase.O,Hip-Hop / Rap / R&B,Drums,2010
One to Grow On,UMC's,Hip-Hop / Rap / R&B,Hook / Riff,1991
Careless Whisper (DMC Remix),George Michael,Rock / Pop,Drums,2003
Far Rockaway,KAMAUU,Hip-Hop / Rap / R&B,Drums,2020
All or Nothing,Milli Vanilli,Hip-Hop / Rap / R&B,Drums,1988
Intro/Turn It Out,Jermaine Dupri,Hip-Hop / Rap / R&B,Hook / Riff,1998
Intro/Turn It Out,Nas,Hip-Hop / Rap / R&B,Hook / Riff,1998
Goodbye,Iyaz,Hip-Hop / Rap / R&B,Drums,2010
Nu Age,Dream West,Electronic / Dance,Drums,2011
I Got Your Back,DMX,Hip-Hop / Rap / R&B,Drums,2012
I Got Your Back,Kashmere,Hip-Hop / Rap / R&B,Drums,2012
Friends,Aura Dione,Rock / Pop,Drums,2011
Friends,Rock Mafia,Rock / Pop,Drums,2011
"Lie, Cheat, Steal",Run the Jewels,Hip-Hop / Rap / R&B,Multiple Elements,2014
Paper Doll,P.M. Dawn,Hip-Hop / Rap / R&B,Drums,1991
Face in the Crowd,Mac Miller,Hip-Hop / Rap / R&B,Drums,2011
Easy,Ice MC,Electronic / Dance,Drums,1990
Down the Line,Nice & Smooth,Hip-Hop / Rap / R&B,Hook / Riff,1991
Down the Line,Asu,Hip-Hop / Rap / R&B,Hook / Riff,1991
Down the Line,Bass Blaster,Hip-Hop / Rap / R&B,Hook / Riff,1991
Down the Line,Melo T,Hip-Hop / Rap / R&B,Hook / Riff,1991
Down the Line,Preacher Earl,Hip-Hop / Rap / R&B,Hook / Riff,1991
Down the Line,Gang Starr,Hip-Hop / Rap / R&B,Hook / Riff,1991
The Power,Power Jam,Hip-Hop / Rap / R&B,Hook / Riff,1990
The Power,Chill Rob G,Hip-Hop / Rap / R&B,Hook / Riff,1990
I Know You Got Soul (Richie Rich Mega Mix),Eric B. & Rakim,Hip-Hop / Rap / R&B,Multiple Elements,1987
The Stopper (Main Attraction Remix),Cutty Ranks,Reggae / Dub,Hook / Riff,1991
The Look (Head-Drum-Mix),Roxette,Electronic / Dance,Drums,1989
Breakdown,T La Rock,Hip-Hop / Rap / R&B,Hook / Riff,1985
Leave It Smokin' (Remix),Tamia,Hip-Hop / Rap / R&B,Multiple Elements,2018
Leave It Smokin' (Remix),Wale,Hip-Hop / Rap / R&B,Multiple Elements,2018
Rolling High,The Avalanches,Hip-Hop / Rap / R&B,Hook / Riff,1997
Th!nk,Ruthless Rap Assassins,Hip-Hop / Rap / R&B,Drums,1991
Fascinating Rhythm,Bassomatic,Electronic / Dance,Drums,1990
Sure Shot,Sure Shot 3,Hip-Hop / Rap / R&B,Hook / Riff,1985
Jackin' for Beats,Ice Cube,Hip-Hop / Rap / R&B,Drums,1990
Nuff Respect,Big Daddy Kane,Hip-Hop / Rap / R&B,Hook / Riff,1991
Tree of Life,Ab-Soul,Hip-Hop / Rap / R&B,Drums,2014
First Cool Hive,Moby,Electronic / Dance,Drums,1995
Uh Uh,Thundercat,Electronic / Dance,Drums,2017
Strugglin',2Pac,Hip-Hop / Rap / R&B,Multiple Elements,1993
Strugglin',Live Squad,Hip-Hop / Rap / R&B,Multiple Elements,1993
Sweet Thing,Mick Jagger,Rock / Pop,Drums,1992
Ooops Up,Snap!,Electronic / Dance,Drums,1990
Summer Night,ESPRIT 空想,Electronic / Dance,Drums,2013
Crosswords,Panda Bear,Rock / Pop,Drums,2015
True to the Game,Ice Cube,Hip-Hop / Rap / R&B,Drums,1991
You Gotta Be (Love Will Save the Day Mix),Des'ree,Rock / Pop,Drums,1994
Times Change,New Order,Rock / Pop,Drums,1993
It Must Be Love,The Good Girls,Hip-Hop / Rap / R&B,Drums,1992
It's Gonna Be a Lovely Day,S.O.U.L. S.Y.S.T.E.M.,Hip-Hop / Rap / R&B,Drums,1992
It's Gonna Be a Lovely Day,Michelle Visage,Hip-Hop / Rap / R&B,Drums,1992
Growin' Up in the Hood (Big O.G. Hood Funky Beat Remix),Compton's Most Wanted,Hip-Hop / Rap / R&B,Multiple Elements,1991
