Clique,Kanye West,Hip-Hop / Rap / R&B,Vocals / Lyrics,2012
Clique,Big Sean,Hip-Hop / Rap / R&B,Vocals / Lyrics,2012
Clique,Jay-Z,Hip-Hop / Rap / R&B,Vocals / Lyrics,2012
3005,Childish Gambino,Hip-Hop / Rap / R&B,Vocals / Lyrics,2013
"Live Fast, Die Young",Rick Ross,Hip-Hop / Rap / R&B,Vocals / Lyrics,2010
"Live Fast, Die Young",Kanye West,Hip-Hop / Rap / R&B,Vocals / Lyrics,2010
Summertime,DJ Jazzy Jeff & the Fresh Prince,Hip-Hop / Rap / R&B,Drums,1991
Runaway (Video Version),Kanye West,Hip-Hop / Rap / R&B,Vocals / Lyrics,2010
Runaway (Video Version),Pusha T,Hip-Hop / Rap / R&B,Vocals / Lyrics,2010
Hip Hop Hooray,Naughty by Nature,Hip-Hop / Rap / R&B,Vocals / Lyrics,1992
New God Flow,Pusha T,Hip-Hop / Rap / R&B,Vocals / Lyrics,2012
New God Flow,Kanye West,Hip-Hop / Rap / R&B,Vocals / Lyrics,2012
Push the Feeling On,Nightcrawlers,Electronic / Dance,Drums,1992
Mighty Healthy,Ghostface Killah,Hip-Hop / Rap / R&B,Vocals / Lyrics,2000
Eric B. Is President (Original Mix),Eric B.,Hip-Hop / Rap / R&B,Drums,1986
Eric B. Is President (Original Mix),Rakim,Hip-Hop / Rap / R&B,Drums,1986
The Fresh Prince of Bel-Air (Outro),DJ Jazzy Jeff & the Fresh Prince,Hip-Hop / Rap / R&B,Sound Effect / Other,1992
Sadeness,Enigma,Electronic / Dance,Drums,1990
Fuck Tha Police,N.W.A,Hip-Hop / Rap / R&B,Drums,1988
Nicety,Michel'le,Hip-Hop / Rap / R&B,Vocals / Lyrics,1989
Nicety,Dr. Dre,Hip-Hop / Rap / R&B,Vocals / Lyrics,1989
We Get High,Logic,Hip-Hop / Rap / R&B,Vocals / Lyrics,2012
Gotta Get Mine,MC Breed,Hip-Hop / Rap / R&B,Vocals / Lyrics,1993
Gotta Get Mine,2Pac,Hip-Hop / Rap / R&B,Vocals / Lyrics,1993
Clique,Kanye West,Hip-Hop / Rap / R&B,Vocals / Lyrics,2012
Clique,Big Sean,Hip-Hop / Rap / R&B,Vocals / Lyrics,2012
Clique,Jay-Z,Hip-Hop / Rap / R&B,Vocals / Lyrics,2012
3005,Childish Gambino,Hip-Hop / Rap / R&B,Vocals / Lyrics,2013
"Live Fast, Die Young",Rick Ross,Hip-Hop / Rap / R&B,Vocals / Lyrics,2010
"Live Fast, Die Young",Kanye West,Hip-Hop / Rap / R&B,Vocals / Lyrics,2010
Summertime,DJ Jazzy Jeff & the Fresh Prince,Hip-Hop / Rap / R&B,Drums,1991
Runaway (Video Version),Kanye West,Hip-Hop / Rap / R&B,Vocals / Lyrics,2010
Runaway (Video Version),Pusha T,Hip-Hop / Rap / R&B,Vocals / Lyrics,2010
Hip Hop Hooray,Naughty by Nature,Hip-Hop / Rap / R&B,Vocals / Lyrics,1992
New God Flow,Pusha T,Hip-Hop / Rap / R&B,Vocals / Lyrics,2012
New God Flow,Kanye West,Hip-Hop / Rap / R&B,Vocals / Lyrics,2012
Push the Feeling On,Nightcrawlers,Electronic / Dance,Drums,1992
Mighty Healthy,Ghostface Killah,Hip-Hop / Rap / R&B,Vocals / Lyrics,2000
Eric B. Is President (Original Mix),Eric B.,Hip-Hop / Rap / R&B,Drums,1986
Eric B. Is President (Original Mix),Rakim,Hip-Hop / Rap / R&B,Drums,1986
The Fresh Prince of Bel-Air (Outro),DJ Jazzy Jeff & the Fresh Prince,Hip-Hop / Rap / R&B,Sound Effect / Other,1992
Sadeness,Enigma,Electronic / Dance,Drums,1990
Fuck Tha Police,N.W.A,Hip-Hop / Rap / R&B,Drums,1988
Nicety,Michel'le,Hip-Hop / Rap / R&B,Vocals / Lyrics,1989
Nicety,Dr. Dre,Hip-Hop / Rap / R&B,Vocals / Lyrics,1989
We Get High,Logic,Hip-Hop / Rap / R&B,Vocals / Lyrics,2012
Gotta Get Mine,MC Breed,Hip-Hop / Rap / R&B,Vocals / Lyrics,1993
Gotta Get Mine,2Pac,Hip-Hop / Rap / R&B,Vocals / Lyrics,1993
Get Off That (Poison),The Wades,Hip-Hop / Rap / R&B,Drums,1993
Come Into My Love Life,Charlie Wilson,Hip-Hop / Rap / R&B,Drums,1992
Prisoner,Blue (UK Duo),Electronic / Dance,Drums,1995
Bring Dat Bote,Universal Motion Dancers,Soundtrack / Library,Drums,1994
Bring Dat Bote,Claudine Barretto,Soundtrack / Library,Drums,1994
Why (Extended),Jamtrx,Rock / Pop,Drums,1995
Temptation Talk (Soft Landing on the Moon Version),Pizzicato Five,Rock / Pop,Drums,1990
Tiki - Liki,Tapiri,Hip-Hop / Rap / R&B,Hook / Riff,1993
Os Poderosos,Duck Jam E Nação Hip-Hop,Hip-Hop / Rap / R&B,Drums,1992
Answer to My Question,Fonkadelic Concepts,Hip-Hop / Rap / R&B,Drums,1993
Shammin',Greyson & Jasun,Hip-Hop / Rap / R&B,Multiple Elements,1991
Why (Different Mix),Jackie Moore (2),Rock / Pop,Drums,1995
Only You (Remix),2U,Electronic / Dance,Drums,1991
Urban Combatt 2001,四街道ネイチャー,Hip-Hop / Rap / R&B,Vocals / Lyrics,1998
Sócios,Baseado Nas Ruas,Hip-Hop / Rap / R&B,Multiple Elements,1992
I'm Good 4 U,The Boyz From Detroit,Hip-Hop / Rap / R&B,Vocals / Lyrics,1992
The Cycle of Life,Atlantic Ocean,Electronic / Dance,Drums,1997
The Sawed Off,Hard to Kill,Hip-Hop / Rap / R&B,Drums,1992
Jim Kelly,Lords at War,Hip-Hop / Rap / R&B,Drums,1992
Showdown,Mixed Flavor,Hip-Hop / Rap / R&B,Multiple Elements,1993
T.L. Back to Yell,Danger Zone Mobb Sqwad,Hip-Hop / Rap / R&B,Drums,1992
Silence on the Air,Chunk,Hip-Hop / Rap / R&B,Drums,1992
Charlie's Jam,Charlie Wilson,Hip-Hop / Rap / R&B,Drums,1992
Good 'N' Sticky,Huggy,Hip-Hop / Rap / R&B,Hook / Riff,1993
Be My Private Dancer,2 Live Crew,Hip-Hop / Rap / R&B,Vocals / Lyrics,1995
Draama,Cool D,Hip-Hop / Rap / R&B,Vocals / Lyrics,1998
On the Moon,Chancellor Warhol,Hip-Hop / Rap / R&B,Vocals / Lyrics,2011
On the Moon,Particle Peeple,Hip-Hop / Rap / R&B,Vocals / Lyrics,2011
Quem Precisa Deles Pra Sobreviver,FNR,Hip-Hop / Rap / R&B,Multiple Elements,1990
R U Conscious,MC Eric,Hip-Hop / Rap / R&B,Hook / Riff,1991
Queen of Rap,Overweight Pooch,Hip-Hop / Rap / R&B,Vocals / Lyrics,1991
Oh Yaaro Kaun Nachdi (Sweet Mix),Heera,Electronic / Dance,Drums,1992
Bonus,Stezo,Hip-Hop / Rap / R&B,Vocals / Lyrics,1994
Pole Miskit öelda,Cool D,Hip-Hop / Rap / R&B,Hook / Riff,1998
L'Inferno Dei Sogni,AK47,Hip-Hop / Rap / R&B,Drums,1996
Why? (Looking Back),Heartless Crew,Hip-Hop / Rap / R&B,Drums,2003
United We Stand,Chunk,Hip-Hop / Rap / R&B,Drums,1992
Sora to Umi to Niji No Yume,Akiko Sugawara,Soundtrack / Library,Drums,1998
Tootin' on the Hooters,Doctor Dré,Hip-Hop / Rap / R&B,Vocals / Lyrics,1994
Tootin' on the Hooters,Ed Lover,Hip-Hop / Rap / R&B,Vocals / Lyrics,1994
Noite,Duck Jam E Nação Hip-Hop,Hip-Hop / Rap / R&B,Multiple Elements,1992
It's a Life,ATC (Hip Hop),Hip-Hop / Rap / R&B,Vocals / Lyrics,1988
Wienie Whistlers,Bobby Jimmy and the Critters,Hip-Hop / Rap / R&B,Vocals / Lyrics,1988
Who's the Man ?,Allstar Fresh,Hip-Hop / Rap / R&B,Multiple Elements,1989
Who's the Man ?,M.C. Demes,Hip-Hop / Rap / R&B,Multiple Elements,1989
You Can't Handle the Format,First Degree the D.E.,Hip-Hop / Rap / R&B,Drums,1992
Side a (Battle Breaks Vol. 3),Cutmaster Swift,Hip-Hop / Rap / R&B,Vocals / Lyrics,2000
Bien Mama,Vissi,Other,Drums,1999
Da Funky K,24k,Hip-Hop / Rap / R&B,Vocals / Lyrics,1992
Countdown to Pitworld,Pitman,Hip-Hop / Rap / R&B,Vocals / Lyrics,2002
Funky Juan Brown,Urban Flow,Hip-Hop / Rap / R&B,Multiple Elements,1996
Gettin' Funky,D-Lo and Tha N.T.P.,Hip-Hop / Rap / R&B,Multiple Elements,1993
KH Anthem,Himuki,Hip-Hop / Rap / R&B,Drums,2007
KH Anthem,DJ Kenzo,Hip-Hop / Rap / R&B,Drums,2007
KH Anthem,DJ Tsu,Hip-Hop / Rap / R&B,Drums,2007
Northbound Renegade,Top Quality,Hip-Hop / Rap / R&B,Vocals / Lyrics,1992
Northbound Renegade,5 Below,Hip-Hop / Rap / R&B,Vocals / Lyrics,1992
Get Your Weight Up (Big Girl Anthem - T*E*C*K! Remix),Storm the Unpredictable,Hip-Hop / Rap / R&B,Vocals / Lyrics,2004
We Can't Stand These Bitches,Criminal Nation,Hip-Hop / Rap / R&B,Multiple Elements,1992
No Selfcontrol Mix,24k,Hip-Hop / Rap / R&B,Drums,1990
Wicked and Nasty,P-King,Hip-Hop / Rap / R&B,Vocals / Lyrics,1992
Introlosophy II,D.A.M.N.,Hip-Hop / Rap / R&B,Drums,1991
Down Under (Remix),Men at Work,Electronic / Dance,Drums,1994
Crazy (Orange Factory Mix),Seal,Electronic / Dance,Drums,2005
Bad Motha 4 Ya,P-19,Hip-Hop / Rap / R&B,Drums,1991
For Those Who Dissed Me,2 Deep,Hip-Hop / Rap / R&B,Drums,1990
Sabotage,Lifesavas,Hip-Hop / Rap / R&B,Multiple Elements,1995
Is That the Way?,Mind,Electronic / Dance,Vocals / Lyrics,1992
Chop Chop Boom,Triplex (2),Hip-Hop / Rap / R&B,Drums,1991
Take Her Friend,RM,Hip-Hop / Rap / R&B,Vocals / Lyrics,1993
Mister Rollo (Criminal Mix),Pure Sinister,Hip-Hop / Rap / R&B,Drums,1992
My Bass,Bass T (MC),Hip-Hop / Rap / R&B,Vocals / Lyrics,1990
My Bass,DJ Domination,Hip-Hop / Rap / R&B,Vocals / Lyrics,1990
When I Battle Part 2,Smoov Lyn,Hip-Hop / Rap / R&B,Vocals / Lyrics,1988
Suckafree,Tenda Tee,Hip-Hop / Rap / R&B,Multiple Elements,1993
¿Quieren Oirme Cantar?,Principal,Other,Drums,1999
P.e.a.s.e.,2at,Hip-Hop / Rap / R&B,Vocals / Lyrics,1992
Wrechords,DJ Scratch D,Hip-Hop / Rap / R&B,Drums,1999
Groove Me (Hip Hop Mix),Extra Curricular,Hip-Hop / Rap / R&B,Multiple Elements,1989
Holy Warriors,Brethren (Hip-Hop),Hip-Hop / Rap / R&B,Multiple Elements,1994
Sign of the Times,TMC,Hip-Hop / Rap / R&B,Hook / Riff,1992
This Rhyme Is Automatic,Total Kaos,Hip-Hop / Rap / R&B,Hook / Riff,1991
Lyrical Madness,Two X Strong,Hip-Hop / Rap / R&B,Drums,1991
Intro,"King ""D"" & the Struggle Unit",Hip-Hop / Rap / R&B,Vocals / Lyrics,1991
Lyrical Graffiti,MC E-Rock,Hip-Hop / Rap / R&B,Vocals / Lyrics,1991
Masterplan,DJ Aladdin,Hip-Hop / Rap / R&B,Vocals / Lyrics,1993
Ndodemnyama,Hip Hop Artists Against Apartheid,Hip-Hop / Rap / R&B,Multiple Elements,1990
Nice & Nasty,Vicious Base,Hip-Hop / Rap / R&B,Vocals / Lyrics,1991
Straight Underground,Dayze,Hip-Hop / Rap / R&B,Vocals / Lyrics,1995
Check It Out,Fingathing,Hip-Hop / Rap / R&B,Vocals / Lyrics,2000
Untitled (Mix 2),Deceptikonz,Electronic / Dance,Drums,2001
Best in the West,"Bobby ""Bobcat"" Ervin",Hip-Hop / Rap / R&B,Drums,1989
Chop Chops (Attack Mix),Brothers 4 the Struggle,Hip-Hop / Rap / R&B,Drums,1994
Hittin' Skinz,Sat N Smooth,Hip-Hop / Rap / R&B,Hook / Riff,1993
Echoing Truth,Yasushi Ishii,Soundtrack / Library,Vocals / Lyrics,2003
Drug Dealers Point and View,Jus Def,Hip-Hop / Rap / R&B,Multiple Elements,1990
Drug Dealers Point and View,X-Town Posse,Hip-Hop / Rap / R&B,Multiple Elements,1990
Drug Dealers Point and View,The Original X,Hip-Hop / Rap / R&B,Multiple Elements,1990
Megarama '89 (Full Length Version),Bananarama,Rock / Pop,Hook / Riff,1989
Fingrene Væk,Vote for Truckers,Hip-Hop / Rap / R&B,Drums,1989
Love Ain't Like This,Foundation 7,Hip-Hop / Rap / R&B,Drums,1992
The Massive,True Culture,Hip-Hop / Rap / R&B,Vocals / Lyrics,1991
Jackin for Transpo,Tweedy Bird Loc,Hip-Hop / Rap / R&B,Vocals / Lyrics,1992
Niggas Scared,Brothers 4 the Struggle,Hip-Hop / Rap / R&B,Drums,1991
Dope Out the Ghetto,Jerry Flynn,Hip-Hop / Rap / R&B,Vocals / Lyrics,1992
It Comes With the Color,B.L.A.C.K.,Hip-Hop / Rap / R&B,Drums,1992
Stop All Man,Makeba & Skratch,Hip-Hop / Rap / R&B,Drums,1991
Side A,Butchwax,Hip-Hop / Rap / R&B,Vocals / Lyrics,1999
The Beat Is Funky,DJ Baby T,Hip-Hop / Rap / R&B,Vocals / Lyrics,1989
The Beat Is Funky,Devious D (2),Hip-Hop / Rap / R&B,Vocals / Lyrics,1989
Set the Record Straight,BYB,Hip-Hop / Rap / R&B,Vocals / Lyrics,1991
I Thought U Knew!,The Wild Boyz,Hip-Hop / Rap / R&B,Vocals / Lyrics,1989
The Inventor,2 Smooth MC's,Hip-Hop / Rap / R&B,Hook / Riff,1990
She's So Real,Fam-Lee,Hip-Hop / Rap / R&B,Multiple Elements,1992
Carry On...,Kipper Jones,Hip-Hop / Rap / R&B,Vocals / Lyrics,1990
All Together Now,Everton Football Club,Rock / Pop,Drums,1995
Playing Me,Sexy C,Hip-Hop / Rap / R&B,Hook / Riff,1991
Playing Me,Disco Rick,Hip-Hop / Rap / R&B,Hook / Riff,1991
F.U.N.K.Y,Rock the M.C.,Hip-Hop / Rap / R&B,Multiple Elements,1988
Call Me,MC Luscious,Hip-Hop / Rap / R&B,Drums,1993
America Controls (Illegal Business),The Brother/hood Nation,Hip-Hop / Rap / R&B,Hook / Riff,1992
Pressing for Time,Raheem,Hip-Hop / Rap / R&B,Drums,1992
When Marla Get'z Funky,Marla Mar,Hip-Hop / Rap / R&B,Multiple Elements,1992
When Marla Get'z Funky,The Good 'N' Plenty Cru,Hip-Hop / Rap / R&B,Multiple Elements,1992
Let Knowledge Be Born,The Resistance (2),Hip-Hop / Rap / R&B,Drums,1990
Get Ready,Rob & Fab,Hip-Hop / Rap / R&B,Drums,1993
Bustin' Out,1-5ive Posse,Hip-Hop / Rap / R&B,Hook / Riff,1992
"Interrogated Cause I'm Brown, Pt. 1 & 2",A Lighter Shade of Brown,Hip-Hop / Rap / R&B,Vocals / Lyrics,1992
Innocent Girl,Four Sure,Hip-Hop / Rap / R&B,Drums,1993
Innocent Girl,Father MC,Hip-Hop / Rap / R&B,Drums,1993
Quick Eleven,Live Human,Electronic / Dance,Multiple Elements,2000
I'm Doing Damage,Cadillac Dee,Hip-Hop / Rap / R&B,Hook / Riff,1991
Stone Groove,Unit One Poetry,Hip-Hop / Rap / R&B,Drums,1992
Get Busy,Def IV,Hip-Hop / Rap / R&B,Multiple Elements,1988
Universal Poet,M. Doc,Hip-Hop / Rap / R&B,Drums,1991
Hyper Than Dope,Suede (2),Hip-Hop / Rap / R&B,Multiple Elements,1989
Slow Down,Cloud2Ground,Electronic / Dance,Drums,2000
Time Bomb,4 X Sample,Electronic / Dance,Vocals / Lyrics,1990
Don't Fuck Wit My Bizness,O.F.T.B.,Hip-Hop / Rap / R&B,Vocals / Lyrics,1992
Quem Foi Que Disse,Comando DMC,Hip-Hop / Rap / R&B,Drums,1992
Bust the Beat O' Lori,Witch Doctor,Hip-Hop / Rap / R&B,Multiple Elements,1988
Kickin' It Live,Freshski Dames,Hip-Hop / Rap / R&B,Drums,1989
Hawaiian Dinosaur Side,Invisibl Skratch Piklz,Hip-Hop / Rap / R&B,Vocals / Lyrics,1999
"Feel the ""G""",G-Supreme,Hip-Hop / Rap / R&B,Vocals / Lyrics,1991
Livin' in a Hoe House,H.W.A.,Hip-Hop / Rap / R&B,Vocals / Lyrics,1990
Load the 3.5.7,Oaktown's 3-5-7,Hip-Hop / Rap / R&B,Vocals / Lyrics,1991
Drugthang,Tuff Crew,Hip-Hop / Rap / R&B,Drums,1991
Core Audience,Ras Kass,Hip-Hop / Rap / R&B,Drums,2014
That Girl (Hip Hop Version),2 Hard Ta Handle,Hip-Hop / Rap / R&B,Drums,1992
Makin' Some Change,The Poetess,Hip-Hop / Rap / R&B,Drums,1992
We Want the Funk,U Know Who,Hip-Hop / Rap / R&B,Vocals / Lyrics,1991
India,Jovanotti,Hip-Hop / Rap / R&B,Drums,1994
Puro Dedo,Juvenile Style,Hip-Hop / Rap / R&B,Vocals / Lyrics,1993
Mista Wonka,Capital Tax,Hip-Hop / Rap / R&B,Drums,1993
Just Dance,Too Much Productions,Hip-Hop / Rap / R&B,Multiple Elements,1990
The Cult... The Culture,True Culture,Hip-Hop / Rap / R&B,Multiple Elements,1991
Out My Mind,P-19,Hip-Hop / Rap / R&B,Multiple Elements,1991
Treacherous (Remix),Schoolly D,Hip-Hop / Rap / R&B,Hook / Riff,1988
The Devil Came Up to Michigan,K.M.C. Kru,Hip-Hop / Rap / R&B,Vocals / Lyrics,1990
Co-Handling Things,Nikki Rap N Scratch,Hip-Hop / Rap / R&B,Vocals / Lyrics,1988
I Got the Vibes,Lil Haitian,Hip-Hop / Rap / R&B,Vocals / Lyrics,1994
Brown,Pac Div,Hip-Hop / Rap / R&B,Vocals / Lyrics,2011
Brick House (Club Mix),Loose Bruce,Hip-Hop / Rap / R&B,Vocals / Lyrics,1991
Brick House (Club Mix),A.R.C. Moe Rock,Hip-Hop / Rap / R&B,Vocals / Lyrics,1991
A Black and White Thing,D.A.M.N.,Hip-Hop / Rap / R&B,Multiple Elements,1991
Criminal Hit,Criminal Nation,Hip-Hop / Rap / R&B,Hook / Riff,1989
I Love Your Smile (DJ Hasebe Pure 90's Flavor),Shanice,Hip-Hop / Rap / R&B,Drums,2016
20anni (Tutto Cambia Tranne Bax),Bassi Maestro,Hip-Hop / Rap / R&B,Vocals / Lyrics,2010
Girlz Didn't Give Me None,DJ T-Rock,Hip-Hop / Rap / R&B,Vocals / Lyrics,2001
That's How I'm Living (Remix),Tony Scott,Hip-Hop / Rap / R&B,Multiple Elements,1989
Girl I Saw You,Ray Parker Jr.,Soul / Funk / Disco,Multiple Elements,1991
Girl I Saw You,Father MC,Soul / Funk / Disco,Multiple Elements,1991
On the Move,Calvo,Electronic / Dance,Drums,2018
Псковско-арабский фристайл,МС СОС ПЫЛЕСОС,Hip-Hop / Rap / R&B,Vocals / Lyrics,2021
Псковско-арабский фристайл,Dreemix,Hip-Hop / Rap / R&B,Vocals / Lyrics,2021
Your Missions Impossible (Vocal Version),Master Cylinder,Hip-Hop / Rap / R&B,Vocals / Lyrics,1988
Funk It Up,Robbie B,Hip-Hop / Rap / R&B,Vocals / Lyrics,1990
Confused (The Soul Convention Remake),Larry Larr,Hip-Hop / Rap / R&B,Drums,1991
I Ain't Havin' It (Stop Racism),24k,Hip-Hop / Rap / R&B,Hook / Riff,1992
Bounce (Radio Edit Remix),Stylz,Hip-Hop / Rap / R&B,Drums,1993
Keep It Funky,Teen Dream,Hip-Hop / Rap / R&B,Vocals / Lyrics,1989
Read My Mind,Tony Terry,Hip-Hop / Rap / R&B,Multiple Elements,1990
"You Found Another Guy (12"" Mix)",Boy George,Rock / Pop,Vocals / Lyrics,1989
Ain't Too Much Worried,MC Breed,Hip-Hop / Rap / R&B,Vocals / Lyrics,1992
Searchin' (Silk's Fusion Mix),CeCe Peniston,Electronic / Dance,Vocals / Lyrics,1994
Ain't Dat a Bitch,Ice Mike,Hip-Hop / Rap / R&B,Vocals / Lyrics,1992
The RZA Hits Mega Mix,Funkmaster Flex,Hip-Hop / Rap / R&B,Vocals / Lyrics,1999
I Am (Trakmasterz Remix Vocal),Whistle,Hip-Hop / Rap / R&B,Drums,1992
Astray / Peachfuzz (Interlude),Zero G,Hip-Hop / Rap / R&B,Multiple Elements,2017
Schaatzee,DJ Tomekk,Hip-Hop / Rap / R&B,Drums,2005
It's Tricky (Track 2),DJ Mr. SM,Hip-Hop / Rap / R&B,Multiple Elements,1988
Off Mine,Ruff Di-mondz,Hip-Hop / Rap / R&B,Drums,1994
Dee Hardest Hard,The Rapzologist Dee Nice,Hip-Hop / Rap / R&B,Multiple Elements,1989
Mr. Dynamite,Lonnie O,Hip-Hop / Rap / R&B,Drums,1992
Let Me Be Your Angel (Funky Bounce Mix),Audi (Rapper),Hip-Hop / Rap / R&B,Drums,1990
Let Me Be Your Angel (Funky Bounce Mix),Mike Dee,Hip-Hop / Rap / R&B,Drums,1990
R.U. Wit It? (Extended Version Remix),Detroit Boxx & Step 2,Hip-Hop / Rap / R&B,Drums,1990
Intro: Wise Man Speak - a Moment in Time,D.A.M.N.,Hip-Hop / Rap / R&B,Vocals / Lyrics,1991
Maybe This Time,Bassline,Rock / Pop,Drums,1991
Maybe This Time,Limahl,Rock / Pop,Drums,1991
Payback (The Final Mixdown),James Brown,Soul / Funk / Disco,Drums,1988
Clap Your Hands,LeVert,Hip-Hop / Rap / R&B,Drums,1993
Just Gets Better With Time,K.O.B,Hip-Hop / Rap / R&B,Multiple Elements,1989
Just Gets Better With Time,The Posse at Large,Hip-Hop / Rap / R&B,Multiple Elements,1989
2 Young 4 What,MC Lyte,Hip-Hop / Rap / R&B,Vocals / Lyrics,1991
Feel Tha Funk,The Funky Products,Hip-Hop / Rap / R&B,Vocals / Lyrics,1996
There It Is,S.L. Troopers,Hip-Hop / Rap / R&B,Drums,1989
163rd,Silky Black,Hip-Hop / Rap / R&B,Drums,2010
Parade,Dev,Electronic / Dance,Vocals / Lyrics,2014
A Better Day,Sundance,Hip-Hop / Rap / R&B,Drums,1992
Partytime,Outlaw,Hip-Hop / Rap / R&B,Sound Effect / Other,1992
Week End,Mellowman,Hip-Hop / Rap / R&B,Drums,1995
Ward of the State,Askari X,Hip-Hop / Rap / R&B,Drums,1992
Funky Piano,DJ Sensei,Electronic / Dance,Drums,1996
Get It Together,Redhead Kingpin and the FBI,Hip-Hop / Rap / R&B,Vocals / Lyrics,1991
Get It Together,Trey Lorenz,Hip-Hop / Rap / R&B,Vocals / Lyrics,1991
나나나 (Club Mix),Steve Yoo,Hip-Hop / Rap / R&B,Drums,1998
Truth,The Fila Fresh Crew,Hip-Hop / Rap / R&B,Multiple Elements,1988
I'm Serious,"Bobby ""Bobcat"" Ervin",Hip-Hop / Rap / R&B,Vocals / Lyrics,1989
The Mob,"Bobby ""Bobcat"" Ervin",Hip-Hop / Rap / R&B,Vocals / Lyrics,1989
You Stood Me Up,Today,Hip-Hop / Rap / R&B,Multiple Elements,1988
Start the Boycott,Disco Rick,Hip-Hop / Rap / R&B,Multiple Elements,1991
Start the Boycott,The Dogs,Hip-Hop / Rap / R&B,Multiple Elements,1991
Straight Down to Business (Radio Edit),Ready for the World,Hip-Hop / Rap / R&B,Vocals / Lyrics,1991
Attention: Shawanda's Souful Mix,Lo-Key?,Hip-Hop / Rap / R&B,Drums,1992
Listen to It,MC Romeo (2),Hip-Hop / Rap / R&B,Vocals / Lyrics,1990
Rhyme en Epitome,Prince Ikey C,Hip-Hop / Rap / R&B,Vocals / Lyrics,1992
Pink Panties,Watts Riot,Hip-Hop / Rap / R&B,Drums,1993
As My Dreams Go On,24k,Hip-Hop / Rap / R&B,Drums,1990
Head Game,2 Versatile,Hip-Hop / Rap / R&B,Drums,1993
Be Good Ta Me,J.J. Fad,Hip-Hop / Rap / R&B,Vocals / Lyrics,1990
Noche Es-P-Cial,Siete-7 Black,Hip-Hop / Rap / R&B,Drums,1994
What a Day Day,Fog,Rock / Pop,Vocals / Lyrics,2003
Don't Make Me Fall in Love,Basic Black,Hip-Hop / Rap / R&B,Hook / Riff,1990
Desnudo,Gerardo,Hip-Hop / Rap / R&B,Drums,1995
Cold Sweat,A.N.M.,Hip-Hop / Rap / R&B,Multiple Elements,1991
God Bless,LL Cool J,Hip-Hop / Rap / R&B,Multiple Elements,1995
Fugitives on the Run,Too Much Trouble,Hip-Hop / Rap / R&B,Drums,1992
Fugitives on the Run,Scarface,Hip-Hop / Rap / R&B,Drums,1992
Put Your Hands Up,El Chojin,Hip-Hop / Rap / R&B,Drums,2007
Put Your Hands Up,María Valverde,Hip-Hop / Rap / R&B,Drums,2007
I'm Marching,MC Saint,Hip-Hop / Rap / R&B,Multiple Elements,1989
Skeeza,Jacci McGhee,Soul / Funk / Disco,Hook / Riff,1992
Hey Young World,DJ Doom,Hip-Hop / Rap / R&B,Vocals / Lyrics,2011
Hey Young World,Blacastan,Hip-Hop / Rap / R&B,Vocals / Lyrics,2011
"Swing Blue, Sweat Black",Laquan,Hip-Hop / Rap / R&B,Multiple Elements,1990
Funky Hardcore,QBass,Electronic / Dance,Vocals / Lyrics,1993
2 Skanless,Hi-C,Hip-Hop / Rap / R&B,Drums,1991
Funky Joint,Sztigar Bonko,Hip-Hop / Rap / R&B,Drums,2013
A Crazy Break,WC and the Maad Circle,Hip-Hop / Rap / R&B,Vocals / Lyrics,1991
"Pojačaj, Odvrni! (Flowdeep Remix)",Denno Carvaglio,Hip-Hop / Rap / R&B,Drums,2012
Let Me Know Something?! (Album Version),Bell Biv DeVoe,Hip-Hop / Rap / R&B,Hook / Riff,1990
Bust the Chords,E-A-Ski,Hip-Hop / Rap / R&B,Drums,1990
Old School Beat,Ruff -N- Rugged,Hip-Hop / Rap / R&B,Drums,1994
Mo' Like Flows On,Motion Man,Hip-Hop / Rap / R&B,Vocals / Lyrics,1993
Boulevard Nights,Mellow Man Ace,Hip-Hop / Rap / R&B,Vocals / Lyrics,1992
Skip to My Rhythm,The Boogie-Bo Gee,Hip-Hop / Rap / R&B,Hook / Riff,1989
Got That Thing,KC Da Rookee,Hip-Hop / Rap / R&B,Multiple Elements,1999
Cough Syrup,BaaskaT,Hip-Hop / Rap / R&B,Multiple Elements,2016
All Things Considered,High Performance,Hip-Hop / Rap / R&B,Vocals / Lyrics,1990
Twisted (Sweat Shop Party Remix),Keith Sweat,Hip-Hop / Rap / R&B,Drums,1996
Twisted (Sweat Shop Party Remix),Pretty Russ,Hip-Hop / Rap / R&B,Drums,1996
Yo! We Got Alot!,5 Star Crew,Hip-Hop / Rap / R&B,Vocals / Lyrics,1993
Sometimes It's Got to Be That Way,Schoolly D,Hip-Hop / Rap / R&B,Multiple Elements,1991
Seventeen Switches,South Central Cartel,Hip-Hop / Rap / R&B,Vocals / Lyrics,1994
Themakeupbreakup,Erick Arc Elliott,Hip-Hop / Rap / R&B,Vocals / Lyrics,2012
That's What I Said,MC Hammer,Hip-Hop / Rap / R&B,Drums,1990
Hey! Hey! Can U Relate? (Luke Vibert Remix),DJ Mink,Electronic / Dance,Vocals / Lyrics,1999
Spaceman,MC 900 Ft. Jesus,Other,Vocals / Lyrics,1989
Act Right,Paris,Hip-Hop / Rap / R&B,Vocals / Lyrics,1998
Girl You Know It's True,Charles Shaw,Hip-Hop / Rap / R&B,Drums,2000
Def Joun,Tuff Crew,Hip-Hop / Rap / R&B,Drums,1987
Kickin' Wicked Styles,Mysterme & DJ 20/20,Hip-Hop / Rap / R&B,Drums,1994
Somethin' Like Dis,C.P.O.,Hip-Hop / Rap / R&B,Vocals / Lyrics,1990
Let Me Hear the Crowd Shout,T. Boyz D.L.,Hip-Hop / Rap / R&B,Multiple Elements,1990
Lies (New Jack Remix),En Vogue,Hip-Hop / Rap / R&B,Drums,1991
Autumn Love,Lo-Key?,Hip-Hop / Rap / R&B,Multiple Elements,1992
Dancing Queen,MC Erik & Barbara,Electronic / Dance,Drums,1996
Fly Like an Eagle (Medley),Yolanda Adams,Electronic / Dance,Drums,1995
Nu Thang,DC Talk,Hip-Hop / Rap / R&B,Vocals / Lyrics,1990
Lets Roll,Chill E.B.,Hip-Hop / Rap / R&B,Drums,1990
Beep Me,K7,Hip-Hop / Rap / R&B,Drums,1993
Get Pumped,The Mistress and DJ Madame E,Hip-Hop / Rap / R&B,Drums,1989
Friendz (Play's Mix),Kid 'N Play,Hip-Hop / Rap / R&B,Hook / Riff,1991
Suitcase Switch,Verbal Kent,Hip-Hop / Rap / R&B,Vocals / Lyrics,2015
Suitcase Switch,Freddie Gibbs,Hip-Hop / Rap / R&B,Vocals / Lyrics,2015
It's Goin' Down,Ralph Tresvant,Hip-Hop / Rap / R&B,Vocals / Lyrics,1993
The Undertaker (Here I Come),Shauni Shauni,Hip-Hop / Rap / R&B,Drums,1993
Diary of a Madman,Dead at Birth,Hip-Hop / Rap / R&B,Multiple Elements,1992
Nankyoku Monogatari,Scha Dara Parr,Hip-Hop / Rap / R&B,Drums,1995
No Justice No Peace,King Sun,Hip-Hop / Rap / R&B,Drums,1999
Blak Iz a Poet,Penthouse Players Clique,Hip-Hop / Rap / R&B,Vocals / Lyrics,1992
Everything Sold,Bizzy Crook,Hip-Hop / Rap / R&B,Vocals / Lyrics,2014
Rzeka,Szad Akrobata,Hip-Hop / Rap / R&B,Vocals / Lyrics,2011
PENISLAND MEGAMASHUP,Penisland,Electronic / Dance,Drums,2021
Right Here (Funkyman Scratch Mix),SWV,Hip-Hop / Rap / R&B,Multiple Elements,1992
Style,Supreme NYborn,Hip-Hop / Rap / R&B,Vocals / Lyrics,1991
Upside Head,DJ Cuca,Hip-Hop / Rap / R&B,Drums,1991
Better Day (Sy & Unknown Remix),GBT Inc.,Electronic / Dance,Vocals / Lyrics,1999
That's the Way,Fam-Lee,Hip-Hop / Rap / R&B,Drums,1992
D-O-G Me Out (Rap Remix),Guy,Hip-Hop / Rap / R&B,Vocals / Lyrics,1990
Ain´t We Funk Now,Divine Force,Hip-Hop / Rap / R&B,Vocals / Lyrics,1988
Ballern,Ali A$,Hip-Hop / Rap / R&B,Vocals / Lyrics,2015
"You, Me and Everything (Evil Edit)",The Shamen,Electronic / Dance,Hook / Riff,1989
Justanothanigga,Lil T,Hip-Hop / Rap / R&B,Drums,1993
Sum Dum Munkey (Frankie Cutlass' Flip Squad Remix),Fu-Schnickens,Hip-Hop / Rap / R&B,Vocals / Lyrics,1994
Say the Words,DC Talk,Hip-Hop / Rap / R&B,Multiple Elements,1992
Do You Remember This,Stetsasonic,Hip-Hop / Rap / R&B,Multiple Elements,1991
Do You Remember This,Force M.D.'s,Hip-Hop / Rap / R&B,Multiple Elements,1991
Goutamafonkybite,Tout Simplement Noir,Hip-Hop / Rap / R&B,Drums,1995
Combination Reggae Dancing,Luke Vibert,Electronic / Dance,Drums,2007
Murderahh,Live Squad,Hip-Hop / Rap / R&B,Drums,1992
The Power of Human Nature (Ultimix Power Remix),Double Jam,Electronic / Dance,Drums,1990
Why Can't You Come Home,Ex-Girlfriend,Hip-Hop / Rap / R&B,Drums,1991
Niggas Like You,Threat,Hip-Hop / Rap / R&B,Vocals / Lyrics,1993
D.J. Los' Concert Theme,EZB & DJ Los,Hip-Hop / Rap / R&B,Vocals / Lyrics,1988
Escape,Big Joe (Italian Producer),Hip-Hop / Rap / R&B,Vocals / Lyrics,2014
Livin Foul,Baritone Tiplove,Hip-Hop / Rap / R&B,Vocals / Lyrics,1991
Funkey-Rye-Men,Ebony Broadcast System,Hip-Hop / Rap / R&B,Drums,1992
Judas,Reazy Renegade,Hip-Hop / Rap / R&B,Multiple Elements,2014
These Are the Breaks,DJ Hanway,Hip-Hop / Rap / R&B,Drums,1987
In Full Effect,5 Star Moet,Hip-Hop / Rap / R&B,Multiple Elements,1988
No Words,Three Times Dope,Hip-Hop / Rap / R&B,Drums,1990
Time to Flow (Skeff's Remix),D-Nice,Hip-Hop / Rap / R&B,Drums,1991
Rhymes for Da Funny Farm,Jaz,Hip-Hop / Rap / R&B,Vocals / Lyrics,1991
Nashty,Theory Hazit,Hip-Hop / Rap / R&B,Vocals / Lyrics,2017
Funky Ultamatum,Divine Beings,Hip-Hop / Rap / R&B,Vocals / Lyrics,1993
Don't Do It to Yourself,"Sport ""G"" and Mastermind",Hip-Hop / Rap / R&B,Multiple Elements,2008
The Rain Song,Organized Rhyme,Hip-Hop / Rap / R&B,Drums,1992
The Real Hip Hop Shit,Invisibl Skratch Piklz,Hip-Hop / Rap / R&B,Drums,1996
To the Rhythm,Longsy D,Hip-Hop / Rap / R&B,Hook / Riff,1987
To the Rhythm,Cut Master M.C.,Hip-Hop / Rap / R&B,Hook / Riff,1987
Comin' Real Wit It,Tim Smooth,Hip-Hop / Rap / R&B,Drums,1994
Across 110th St.,Pretty Tone Capone,Hip-Hop / Rap / R&B,Drums,1993
Steady Slangin,Wise Intelligent,Hip-Hop / Rap / R&B,Vocals / Lyrics,1996
Who Is This?,Three Times Dope,Hip-Hop / Rap / R&B,Multiple Elements,1988
Oreo Cookie,Alliance,Hip-Hop / Rap / R&B,Vocals / Lyrics,1987
Gettin' Reckless,King Bee,Hip-Hop / Rap / R&B,Hook / Riff,1990
Street Smart,Da Youngsta's,Hip-Hop / Rap / R&B,Drums,1992
Sex Machine,Pizzicato Five,Rock / Pop,Drums,1990
It's a Jacc,Poet-T-Posse,Hip-Hop / Rap / R&B,Drums,1990
No Pigeons 22,Sporty Thievz,Hip-Hop / Rap / R&B,Drums,2022
Waitin 4 My Break,Original Flavor,Hip-Hop / Rap / R&B,Drums,1992
Junio 13,Gerardo,Hip-Hop / Rap / R&B,Drums,1994
Come With Me,Ronny Jordan,Electronic / Dance,Vocals / Lyrics,1993
Come With Me,Fay Simpson,Electronic / Dance,Vocals / Lyrics,1993
"Let Me In, Let Me In",Shaquille O'Neal,Hip-Hop / Rap / R&B,Vocals / Lyrics,1993
"No Gimmicks, No Chorus",Sixtoo,Hip-Hop / Rap / R&B,Hook / Riff,2004
Dave & Kwame (Gimme Dat Girl),Redhead Kingpin and the FBI,Hip-Hop / Rap / R&B,Multiple Elements,1991
Dave & Kwame (Gimme Dat Girl),Kwamé,Hip-Hop / Rap / R&B,Multiple Elements,1991
Back to the Scene of the Bass,Terminator X,Hip-Hop / Rap / R&B,Multiple Elements,1991
To the City,Information Society,Rock / Pop,Drums,1992
Cuando Pienso en Ti,3-2 Get Funky,Hip-Hop / Rap / R&B,Hook / Riff,1993
Mystic Microfon,5one6,Hip-Hop / Rap / R&B,Vocals / Lyrics,1994
Oonchi Hai Building,Anu Malik,Rock / Pop,Drums,1996
Oonchi Hai Building,Poornima,Rock / Pop,Drums,1996
I Love Boning,Convicts,Hip-Hop / Rap / R&B,Drums,1991
Want U Back (Pit Mix),Me-2-U,Hip-Hop / Rap / R&B,Drums,1993
Socially Acceptable,DC Talk,Gospel,Multiple Elements,1992
Daydreaming,Penny Ford,Hip-Hop / Rap / R&B,Drums,1993
Baby Don't Forget My Number (Pennsylvania Six-Five Thousand Heart Line Mix),Milli Vanilli,Electronic / Dance,Drums,1988
Catch Wreck,Jazz Addixx,Hip-Hop / Rap / R&B,Vocals / Lyrics,2003
Double Barrel,Twin Hype,Hip-Hop / Rap / R&B,Drums,1991
Rich Ah Getting Richer,Rebel MC,Soul / Funk / Disco,Drums,1991
Shock Dat Monkey,TLC,Hip-Hop / Rap / R&B,Vocals / Lyrics,1992
Everything's Lovely,Raw Breed,Hip-Hop / Rap / R&B,Vocals / Lyrics,1997
Mujeres Públicas,Nazión Sur,Hip-Hop / Rap / R&B,Hook / Riff,1993
Megamix (Edit),DJ Jazzy Jeff & the Fresh Prince,Hip-Hop / Rap / R&B,Multiple Elements,1998
Crazy,The Boys,Hip-Hop / Rap / R&B,Vocals / Lyrics,1990
Smoothe,P.D.A. In Effect,Hip-Hop / Rap / R&B,Hook / Riff,1990
Hop Step and Jazzy Beats,Yuzo Koshiro,Soundtrack / Library,Drums,1992
Put a Lid on It,Yo-Yo,Hip-Hop / Rap / R&B,Vocals / Lyrics,1991
Still on the Scene,Kurtis Blow,Hip-Hop / Rap / R&B,Multiple Elements,1988
Nossefunk,MC Einar,Hip-Hop / Rap / R&B,Multiple Elements,1989
Hip Hop It Is a Kinda Different,Tone Loc,Hip-Hop / Rap / R&B,Vocals / Lyrics,1991
Little Cezar,Elliott Ness,Hip-Hop / Rap / R&B,Drums,1986
Little Cezar,The Untouchables,Hip-Hop / Rap / R&B,Drums,1986
Amar' Er #1,Rockers by Choice,Hip-Hop / Rap / R&B,Hook / Riff,1989
"Not Too Young, Not Too Old",Aaron Carter,Rock / Pop,Drums,2001
"Not Too Young, Not Too Old",Nick Carter,Rock / Pop,Drums,2001
Down With Droopy D Promo 2,Cartoon Network,Hip-Hop / Rap / R&B,Drums,1993
Whoo Huhh,Mr. Low Kash 'N Da Shady Bunch,Hip-Hop / Rap / R&B,Vocals / Lyrics,1996
Barzellette,Fritz Da Cat,Hip-Hop / Rap / R&B,Vocals / Lyrics,2013
Barzellette,E-Green,Hip-Hop / Rap / R&B,Vocals / Lyrics,2013
More Love,Mica Paris,Soul / Funk / Disco,Hook / Riff,1990
II Dam Funky,Outlaw Posse,Hip-Hop / Rap / R&B,Multiple Elements,1990
U Never Nu How Good U Had It,Lisa Lisa & Cult Jam,Hip-Hop / Rap / R&B,Vocals / Lyrics,1989
Just the Two of Us (Love to Infinity's R&B Mix),Will Smith,Hip-Hop / Rap / R&B,Drums,1998
Falls Apart,Sugar Ray,Rock / Pop,Drums,1999
You Got Gun?,H.O.T.,Hip-Hop / Rap / R&B,Drums,1998
Super Dope Remix #2 (Kick the Ball),Krown Rulers,Hip-Hop / Rap / R&B,Hook / Riff,1988
Sons of the Devil,Outlaw,Hip-Hop / Rap / R&B,Vocals / Lyrics,1991
To Da Break of Dawn (Bug Out Mix),LL Cool J,Hip-Hop / Rap / R&B,Drums,1990
"I'm in the Mood (In Da Soul 12"")",CeCe Peniston,Hip-Hop / Rap / R&B,Drums,1993
"Live at the Palladium, August 5, 1994 (Craig Mack Freestyle)",Craig Mack,Hip-Hop / Rap / R&B,Multiple Elements,1995
"Live at the Palladium, August 5, 1994 (Craig Mack Freestyle)",The Notorious B.I.G.,Hip-Hop / Rap / R&B,Multiple Elements,1995
Broken Bells,Sam Sever and the Raiders of the Lost Art,Hip-Hop / Rap / R&B,Multiple Elements,1993
Still Chillin (Chillin Mix),Rhymin 2B Climin,Hip-Hop / Rap / R&B,Hook / Riff,1987
Abandon Ship (DJ Spinna Remix),Busta Rhymes,Hip-Hop / Rap / R&B,Vocals / Lyrics,2003
Abandon Ship (DJ Spinna Remix),Rampage,Hip-Hop / Rap / R&B,Vocals / Lyrics,2003
Dominados,Norte DAM,Hip-Hop / Rap / R&B,Drums,2009
Dominados,Salvaje Decibel,Hip-Hop / Rap / R&B,Drums,2009
Dominados,DJ Perez,Hip-Hop / Rap / R&B,Drums,2009
We Have a Winner,Large Professor,Hip-Hop / Rap / R&B,Vocals / Lyrics,2007
Move Ya Body,Mop Top,Hip-Hop / Rap / R&B,Vocals / Lyrics,1996
Good Love,Klymaxx,Electronic / Dance,Drums,1990
Jeringas Descartables,Vazquez,Hip-Hop / Rap / R&B,Vocals / Lyrics,2012
Principal's Office (Impact Remix),Young MC,Hip-Hop / Rap / R&B,Multiple Elements,1989
Straight Up,Lord Sucio,Hip-Hop / Rap / R&B,Vocals / Lyrics,2020
Straight Up,DJ Antioch,Hip-Hop / Rap / R&B,Vocals / Lyrics,2020
Straight Up,Willie DeVille (Venezuelan Rapper),Hip-Hop / Rap / R&B,Vocals / Lyrics,2020
It Could Happen to You,MC Life,Hip-Hop / Rap / R&B,Drums,1988
It Could Happen to You,The Key of D,Hip-Hop / Rap / R&B,Drums,1988
Bloody Body Parts in Fruit Punch Bowl,Crustified Dibbs,Hip-Hop / Rap / R&B,Drums,1994
Rockin' on the Go-Go Scene,Richie Rich,Hip-Hop / Rap / R&B,Multiple Elements,1989
Spellbound and Speechless,Incognito,Rock / Pop,Drums,1995
T.D.S. Scratch Reaction,T.D.S. Mob,Hip-Hop / Rap / R&B,Vocals / Lyrics,1989
Right Here (Funkyman Extended Mix),SWV,Hip-Hop / Rap / R&B,Vocals / Lyrics,1992
Let Me Know Something?!,Bell Biv DeVoe,Hip-Hop / Rap / R&B,Drums,1990
The Rappers,Jovanotti,Hip-Hop / Rap / R&B,Drums,1988
I Need Your Love (Hip Hop Mix),The Good Girls,Hip-Hop / Rap / R&B,Vocals / Lyrics,1990
Beats Van Seda,Osdorp Posse,Hip-Hop / Rap / R&B,Drums,1992
What'cha Gonna Do?,Shabba Ranks,Hip-Hop / Rap / R&B,Vocals / Lyrics,1992
What'cha Gonna Do?,Queen Latifah,Hip-Hop / Rap / R&B,Vocals / Lyrics,1992
Doug Lazy Gettin' Crazy,Doug Lazy,Hip-Hop / Rap / R&B,Multiple Elements,1990
Radio,Keith Murray,Hip-Hop / Rap / R&B,Vocals / Lyrics,1999
Get Back,Left & Right Shoe MC's,Hip-Hop / Rap / R&B,Hook / Riff,1987
Get Back,DJ Rated X,Hip-Hop / Rap / R&B,Hook / Riff,1987
OK,Sonamoo,Rock / Pop,Drums,2015
Sometimes,MC Shinobi,Hip-Hop / Rap / R&B,Drums,2016
Not Just Another Groove,Run-DMC,Hip-Hop / Rap / R&B,Multiple Elements,1990
Ici Et Maintenant,Puzzle,Hip-Hop / Rap / R&B,Vocals / Lyrics,2001
I'm So Into You (Teddy's Radio Mix With Rap),SWV,Hip-Hop / Rap / R&B,Drums,1993
Da Gigolow,Red Hot Lover Tone,Hip-Hop / Rap / R&B,Hook / Riff,1992
Is It Good to You (Straight Mix),Heavy D & the Boyz,Hip-Hop / Rap / R&B,Multiple Elements,1991
Au Mike J'kick,Expression Direkt,Hip-Hop / Rap / R&B,Vocals / Lyrics,2000
Babalu Bad Boy,Mellow Man Ace,Hip-Hop / Rap / R&B,Drums,1992
Terror on Tape,S.F.C.,Hip-Hop / Rap / R&B,Drums,1992
I Like Your Style,Ultramagnetic MC's,Hip-Hop / Rap / R&B,Multiple Elements,1992
6 N Da Morning,Military Thugs,Hip-Hop / Rap / R&B,Vocals / Lyrics,1994
Comin Off Smoove,Urban Assault,Hip-Hop / Rap / R&B,Multiple Elements,1993
Kev's Blistering Computer Tan and Driver's 'Rapper's Rapper' Moniker,Busdriver,Hip-Hop / Rap / R&B,Vocals / Lyrics,2004
Fast Peg,LL Cool J,Hip-Hop / Rap / R&B,Drums,1989
Rock Unorthodox,Peanut Butter Wolf,Hip-Hop / Rap / R&B,Vocals / Lyrics,1998
Rock Unorthodox,Pablo,Hip-Hop / Rap / R&B,Vocals / Lyrics,1998
Darkside Visitor,Yuzo Koshiro,Soundtrack / Library,Drums,1992
Higher and Higher (Remix),The Farm,Electronic / Dance,Multiple Elements,1991
Bust a Lil (Nautilus Version),Lord Finesse,Hip-Hop / Rap / R&B,Multiple Elements,2008
Bust a Lil (Nautilus Version),DJ Mike Smooth,Hip-Hop / Rap / R&B,Multiple Elements,2008
Back & Forth (Ms. Mello Remix),Aaliyah,Hip-Hop / Rap / R&B,Drums,1994
Super Trooper,Extra Curricular,Hip-Hop / Rap / R&B,Multiple Elements,1988
Check Da Style,L Swift,Hip-Hop / Rap / R&B,Multiple Elements,1995
Mit Senf,Plusmacher,Hip-Hop / Rap / R&B,Vocals / Lyrics,2016
Mit Senf,Karate Andi,Hip-Hop / Rap / R&B,Vocals / Lyrics,2016
Funky Nassau,Black Britain,Soul / Funk / Disco,Vocals / Lyrics,1987
Queen of Hearts (CJ's R'n'B Mix),Charlotte,Hip-Hop / Rap / R&B,Drums,1994
The Floor,Johnny Gill,Hip-Hop / Rap / R&B,Vocals / Lyrics,1993
Mist,Freaky Flow,Electronic / Dance,Vocals / Lyrics,1997
Mist,P. J.,Electronic / Dance,Vocals / Lyrics,1997
La Plume,Melan,Hip-Hop / Rap / R&B,Vocals / Lyrics,2012
This Beat Is Funky,C.P.O.,Hip-Hop / Rap / R&B,Vocals / Lyrics,1990
Fame Goes to Your Head,Black A.G.,Hip-Hop / Rap / R&B,Drums,1991
The Ville,Desire & the Ville Posse,Hip-Hop / Rap / R&B,Vocals / Lyrics,1987
Evolution,Hideki Naganuma,Soundtrack / Library,Drums,1999
Time to Teach,Kojak,Electronic / Dance,Vocals / Lyrics,1999
Jazzy Sensation (The Jazz Mix),Afrika Bambaataa,Hip-Hop / Rap / R&B,Drums,1997
Jazzy Sensation (The Jazz Mix),The Jazzy 5,Hip-Hop / Rap / R&B,Drums,1997
He's Funky,Chubb Rock,Hip-Hop / Rap / R&B,Vocals / Lyrics,1989
Rong Ho'le,Steady B,Hip-Hop / Rap / R&B,Bass,1987
The Good Life,Cali Agents,Hip-Hop / Rap / R&B,Vocals / Lyrics,2000
Poniendo Y Quitando,Juaninacka,Hip-Hop / Rap / R&B,Vocals / Lyrics,2002
Product Placement (Side 1),DJ Shadow,Other,Multiple Elements,2001
Product Placement (Side 1),Cut Chemist,Other,Multiple Elements,2001
파티 피플 (Party People),Solid,Hip-Hop / Rap / R&B,Drums,1993
Won't Talk About It,Beats International,Electronic / Dance,Drums,1990
Here We Go,Marla Mar,Hip-Hop / Rap / R&B,Drums,1988
Here We Go,The Good 'N' Plenty Cru,Hip-Hop / Rap / R&B,Drums,1988
On My Way to Harlem,Coolio,Hip-Hop / Rap / R&B,Drums,1993
Graveyard,Ralph Tresvant,Hip-Hop / Rap / R&B,Multiple Elements,1993
It Ain't Hard to Tell (The Stink Mix),Nas,Hip-Hop / Rap / R&B,Hook / Riff,1994
Nastee,Kwamé,Hip-Hop / Rap / R&B,Vocals / Lyrics,1992
"Is It Good to You (Untouchables ""Westside"" Remix)",Heavy D & the Boyz,Hip-Hop / Rap / R&B,Drums,1991
Stempel Im Pass,Ali A$,Hip-Hop / Rap / R&B,Vocals / Lyrics,2016
Stempel Im Pass,MoTrip,Hip-Hop / Rap / R&B,Vocals / Lyrics,2016
Party Killer,Necro,Hip-Hop / Rap / R&B,Vocals / Lyrics,2018
Tell Me Where It Hurts,Try 'N' B,Electronic / Dance,Drums,1992
Viejos Ciegos,Kase.O,Hip-Hop / Rap / R&B,Vocals / Lyrics,2016
Viejos Ciegos,Xhelazz,Hip-Hop / Rap / R&B,Vocals / Lyrics,2016
Viejos Ciegos,Hate,Hip-Hop / Rap / R&B,Vocals / Lyrics,2016
Since 95,Inoki,Hip-Hop / Rap / R&B,Vocals / Lyrics,2001
Man's Best Friend,Kato (2),Hip-Hop / Rap / R&B,Vocals / Lyrics,1996
Man's Best Friend,Conti Lonell,Hip-Hop / Rap / R&B,Vocals / Lyrics,1996
I Ain't No Lady,H.W.A.,Hip-Hop / Rap / R&B,Multiple Elements,1994
Slangin Bean Pies,Totally Insane,Hip-Hop / Rap / R&B,Drums,1993
Massive Murda,Private Identity,Hip-Hop / Rap / R&B,Vocals / Lyrics,2017
Milk Crates,Ghostface Killah,Hip-Hop / Rap / R&B,Multiple Elements,2007
Momma,Dudley Perkins,Hip-Hop / Rap / R&B,Vocals / Lyrics,2003
Big Apple Production Vol. III,Ser & Duff,Hip-Hop / Rap / R&B,Multiple Elements,1987
"Jazz, El Descerebrador",El Club De Los Poetas Violentos,Hip-Hop / Rap / R&B,Drums,1994
Scat Jam,Jazzy Grooves,Electronic / Dance,Drums,1995
Madruga,Flaco Vazquez,Hip-Hop / Rap / R&B,Vocals / Lyrics,2019
Street Life (Remix),Intelligent Hoodlum,Hip-Hop / Rap / R&B,Drums,1993
Stroking,B-Boy Krush & Power,Hip-Hop / Rap / R&B,Vocals / Lyrics,1989
She's Just a Tease/ Ain't We Funkin' Now,Grandmaster Flash,Hip-Hop / Rap / R&B,Vocals / Lyrics,1987
Dreamlover (Theo's Club Joint),Mariah Carey,Rock / Pop,Drums,1993
I Like It,Dino (Esposito),Other,Vocals / Lyrics,1989
C'est La Vie,Zuna,Hip-Hop / Rap / R&B,Vocals / Lyrics,2015
My Body Is a Temple,Sonny Shotz,Hip-Hop / Rap / R&B,Vocals / Lyrics,2014
Live From the Plantation,Mr. Lif,Hip-Hop / Rap / R&B,Drums,2002
My Cutie,Wreckx-N-Effect,Hip-Hop / Rap / R&B,Vocals / Lyrics,1992
Soul Holidays,Sounds of Blackness,Hip-Hop / Rap / R&B,Drums,1992
Soul Holidays,Ann Nesby,Hip-Hop / Rap / R&B,Drums,1992
Lovely,Bell Biv DeVoe,Hip-Hop / Rap / R&B,Vocals / Lyrics,1993
Soul Sista (Madlib Remix),Bilal,Hip-Hop / Rap / R&B,Vocals / Lyrics,2000
W.G.O.N.R.S.,Big Daddy Kane,Hip-Hop / Rap / R&B,Vocals / Lyrics,1994
Homey Don't Play Dat,Terminator X,Hip-Hop / Rap / R&B,Drums,1991
Homey Don't Play Dat,Bonnie 'N' Clyde,Hip-Hop / Rap / R&B,Drums,1991
Da P-Arty (Mix),Trials X,Hip-Hop / Rap / R&B,Multiple Elements,1995
Good in the Hood,Large Professor,Hip-Hop / Rap / R&B,Drums,2007
E Get Swift,King Tee,Hip-Hop / Rap / R&B,Vocals / Lyrics,1990
Back to Back (Demo Version),Lord Finesse,Hip-Hop / Rap / R&B,Multiple Elements,2008
Back to Back (Demo Version),DJ Mike Smooth,Hip-Hop / Rap / R&B,Multiple Elements,2008
104 BPM Garibaldi Beats,Simon Harris,Electronic / Dance,Drums,1989
Stunt of the Block,Super Kids,Hip-Hop / Rap / R&B,Vocals / Lyrics,2008
Knockin' Boots,Candyman,Hip-Hop / Rap / R&B,Drums,1990
What's Up Doc,Da King & I,Hip-Hop / Rap / R&B,Drums,1993
Thing I Thang 2,I.S.P.,Hip-Hop / Rap / R&B,Drums,1992
Neighborhood Drug Dealer,J Rock,Hip-Hop / Rap / R&B,Multiple Elements,1991
Ne Kukaj Đede,Knez,Country / Folk,Multiple Elements,1994
Ne Kukaj Đede,Rambo Amadeus,Country / Folk,Multiple Elements,1994
Go to Work,Kool D With Technolo-G,Hip-Hop / Rap / R&B,Vocals / Lyrics,1988
A Little Bit of Dane Tonight,Dana Dane,Hip-Hop / Rap / R&B,Vocals / Lyrics,1990
We're in Da House,Kris Kross,Hip-Hop / Rap / R&B,Vocals / Lyrics,1992
We're in Da House,Jermaine Dupri,Hip-Hop / Rap / R&B,Vocals / Lyrics,1992
We're in Da House,Terrance Shelton,Hip-Hop / Rap / R&B,Vocals / Lyrics,1992
We're in Da House,X-Man,Hip-Hop / Rap / R&B,Vocals / Lyrics,1992
Track 2,DJ Q-Bert,Hip-Hop / Rap / R&B,Multiple Elements,1994
Deep,Elzhi,Hip-Hop / Rap / R&B,Vocals / Lyrics,2009
Bus' It (It's Time to Get Busy),The Blapps Posse,Electronic / Dance,Multiple Elements,1990
Body + Soul,La Bouche,Electronic / Dance,Drums,1997
Super Mario Land,Ambassadors of Funk,Electronic / Dance,Drums,1992
Super Mario Land,MC Mario,Electronic / Dance,Drums,1992
Would I Lie to You (Funky Way Extended),Charles & Eddie,Rock / Pop,Drums,1992
On Tempo Jack,Phill Most Chill,Hip-Hop / Rap / R&B,Multiple Elements,1988
God Made Me Funke,Kool Moe Dee,Hip-Hop / Rap / R&B,Vocals / Lyrics,1989
Junkies Bad Trip,London Funk Allstars,Hip-Hop / Rap / R&B,Drums,1996
The Real Deal,Lifers Group,Hip-Hop / Rap / R&B,Drums,1991
Déjate Llevar,El Simbolo,Rock / Pop,Drums,1998
"Today London, Tomorrow the World",London Funk Allstars,Hip-Hop / Rap / R&B,Hook / Riff,1996
Who Stole My Car?,DJ Jazzy Jeff & the Fresh Prince,Hip-Hop / Rap / R&B,Multiple Elements,1989
It Ain't Hard to Tell (The Laidback Remix),Nas,Hip-Hop / Rap / R&B,Vocals / Lyrics,1994
Take My Advice,Kym Sims,Electronic / Dance,Vocals / Lyrics,1992
Loud Hangover (Allstar Remix),Akinyele,Hip-Hop / Rap / R&B,Drums,1995
Loud Hangover (Allstar Remix),Sadat X,Hip-Hop / Rap / R&B,Drums,1995
Loud Hangover (Allstar Remix),Yvette Michele,Hip-Hop / Rap / R&B,Drums,1995
Ain't Nothin to It (Dance Version),K-9 Posse,Hip-Hop / Rap / R&B,Vocals / Lyrics,1988
"Friends (""Unity"" Remix)",Jody Watley,Hip-Hop / Rap / R&B,Drums,1989
Keep It Comin',Keith Sweat,Hip-Hop / Rap / R&B,Drums,1991
Easy Money,Low Profile,Hip-Hop / Rap / R&B,Vocals / Lyrics,1989
Get Down,Lord Finesse,Hip-Hop / Rap / R&B,Drums,2014
Faces,Run-DMC,Hip-Hop / Rap / R&B,Drums,1990
Why Can't I Wake Up With You,Take That,Rock / Pop,Hook / Riff,1993
Catch the Flava (Hip Hop Version),Larry Larr,Hip-Hop / Rap / R&B,Vocals / Lyrics,1992
Catch the Flava (Hip Hop Version),Kid Funkie,Hip-Hop / Rap / R&B,Vocals / Lyrics,1992
Get It Together,J-88,Hip-Hop / Rap / R&B,Vocals / Lyrics,2000
Read These Nikes,Geto Boys,Hip-Hop / Rap / R&B,Hook / Riff,1989
Stephany,Jason Rich,Hip-Hop / Rap / R&B,Vocals / Lyrics,2019
Pure,Invisible Inc.,Hip-Hop / Rap / R&B,Drums,1999
Pure,Todd G,Hip-Hop / Rap / R&B,Drums,1999
Eric B. Made My Day,Eric B. & Rakim,Hip-Hop / Rap / R&B,Multiple Elements,1990
R.A.P.,Witch Doctor,Hip-Hop / Rap / R&B,Multiple Elements,1988
Hudz,Rumpletilskinz,Hip-Hop / Rap / R&B,Drums,1993
Born into the 90's,R. Kelly,Hip-Hop / Rap / R&B,Drums,1991
Born into the 90's,Public Announcement,Hip-Hop / Rap / R&B,Drums,1991
Dritto Dal Cuore,The Next Diffusion,Hip-Hop / Rap / R&B,Vocals / Lyrics,1995
Jam Jam (If You Can) (Hip Hop Version),The Gyrlz,Hip-Hop / Rap / R&B,Multiple Elements,1988
Gems,Defari,Hip-Hop / Rap / R&B,Vocals / Lyrics,1998
Scratch Sentence Two,The Turntablist,Hip-Hop / Rap / R&B,Drums,1996
What a Feeling,Artz & Kraftz,Hip-Hop / Rap / R&B,Drums,1990
Spiral,DJ Food,Electronic / Dance,Drums,1995
Gangster Boogie (Walk Like Sex... Talk Like Sex),Mantronix,Hip-Hop / Rap / R&B,Hook / Riff,1988
Guerrilla Funk,Paris,Hip-Hop / Rap / R&B,Drums,1994
Dirt & Grime,Jaz B. Lat'n,Hip-Hop / Rap / R&B,Hook / Riff,1995
School Daze,Lord Finesse,Hip-Hop / Rap / R&B,Vocals / Lyrics,2006
Get Yourself Together,Young Disciples,Soul / Funk / Disco,Drums,1991
BlicketyBlank!!!!,9th Wonder,Hip-Hop / Rap / R&B,Vocals / Lyrics,2019
Matrix,Kool Savas,Hip-Hop / Rap / R&B,Vocals / Lyrics,2014
Freedom of Speak (We Got Three Minutes),De La Soul,Hip-Hop / Rap / R&B,Vocals / Lyrics,1989
What It's Like (Clean Album Edit),Everlast,Hip-Hop / Rap / R&B,Vocals / Lyrics,1999
Your Sweetness,The Good Girls,Hip-Hop / Rap / R&B,Drums,1989
전사의 후예(폭력시대) (Warrior's Descendant),H.O.T.,Hip-Hop / Rap / R&B,Drums,1997
Roadrunner (Puberty Mix),Chi-Ali,Hip-Hop / Rap / R&B,Vocals / Lyrics,1992
Sugar Free,Grand Daddy I.U.,Hip-Hop / Rap / R&B,Multiple Elements,1990
Sugar Free,Mary Brown,Hip-Hop / Rap / R&B,Multiple Elements,1990
"I'm So Into You (12"" Funky Club Mix)",SWV,Hip-Hop / Rap / R&B,Drums,1992
Under Pressure,Boyz II Men,Hip-Hop / Rap / R&B,Vocals / Lyrics,1991
I Wanna Kill Sam,Ice Cube,Hip-Hop / Rap / R&B,Drums,1991
Play It Kool,Cash Money & Marvelous,Hip-Hop / Rap / R&B,Hook / Riff,1987
Foundation,Brand Nubian,Hip-Hop / Rap / R&B,Vocals / Lyrics,1998
Jazzy's in the House,DJ Jazzy Jeff & the Fresh Prince,Hip-Hop / Rap / R&B,Multiple Elements,1988
Sweet Lullaby (Nature's Dancing Mix),Deep Forest,Electronic / Dance,Drums,1992
Funk Motor,Mr. Melody,Hip-Hop / Rap / R&B,Multiple Elements,1989
Art of Facts,Artifacts,Hip-Hop / Rap / R&B,Vocals / Lyrics,1996
Ain't We Funkin' Now,Grandmaster Flash,Hip-Hop / Rap / R&B,Vocals / Lyrics,1987
You Should Be Mine,Roger,Hip-Hop / Rap / R&B,Drums,1991
Pick Up Lines,Ugly Duckling,Hip-Hop / Rap / R&B,Vocals / Lyrics,2000
Ain't 2 Proud 2 Beg (Smoothed Down Radio Remix),TLC,Hip-Hop / Rap / R&B,Drums,1991
Exclaim the Name,Declaime,Hip-Hop / Rap / R&B,Vocals / Lyrics,2001
Ladies First (Radio Edit),Queen Latifah,Hip-Hop / Rap / R&B,Vocals / Lyrics,1989
Ladies First (Radio Edit),Monie Love,Hip-Hop / Rap / R&B,Vocals / Lyrics,1989
The Pit,Doctor P,Electronic / Dance,Vocals / Lyrics,2013
The Pit,Adam F,Electronic / Dance,Vocals / Lyrics,2013
The Pit,Method Man,Electronic / Dance,Vocals / Lyrics,2013
Born and Raised in Compton (Radio Version),DJ Quik,Hip-Hop / Rap / R&B,Vocals / Lyrics,1991
My Benz,Steady B,Hip-Hop / Rap / R&B,Vocals / Lyrics,1987
Teddy Bear,G-Wiz (Group),Hip-Hop / Rap / R&B,Drums,1993
Alors Tu Veux Rapper ? / Flowmatic,Disiz La Peste,Hip-Hop / Rap / R&B,Vocals / Lyrics,2009
Picnic in the Summertime,Deee-Lite,Electronic / Dance,Drums,1994
She's Dope! (EPOD Mix),Bell Biv DeVoe,Hip-Hop / Rap / R&B,Drums,1991
King Piece in the Chess Game,Slick Rick,Hip-Hop / Rap / R&B,Vocals / Lyrics,1999
King Piece in the Chess Game,Canibus,Hip-Hop / Rap / R&B,Vocals / Lyrics,1999
Funky Lemonade (Remix),Chi-Ali,Hip-Hop / Rap / R&B,Vocals / Lyrics,1992
Funky Flute,Jimmy Z,Hip-Hop / Rap / R&B,Vocals / Lyrics,1991
Funky Flute,Dr. Dre,Hip-Hop / Rap / R&B,Vocals / Lyrics,1991
Feadz On,Mr. Oizo,Hip-Hop / Rap / R&B,Vocals / Lyrics,1999
Call Me a Mack,Usher,Hip-Hop / Rap / R&B,Drums,1993
Heartless Mother Fucker,Totally Insane,Hip-Hop / Rap / R&B,Drums,1992
Katy & Sunny Funny Band Anthem,Masaya Matsuura,Soundtrack / Library,Drums,1996
Sound Clash,Shabaam Sahdeeq,Hip-Hop / Rap / R&B,Multiple Elements,1998
"Why, Why, Why",Slick Rick,Hip-Hop / Rap / R&B,Hook / Riff,1999
Pick Up the Pace,Young MC,Hip-Hop / Rap / R&B,Vocals / Lyrics,1989
An Introduction,Awesome of Course Crew,Hip-Hop / Rap / R&B,Vocals / Lyrics,1988
Give It to Me,Big Daddy Kane,Hip-Hop / Rap / R&B,Vocals / Lyrics,1993
Ghetto Like D&D,D&D All-Stars,Hip-Hop / Rap / R&B,Drums,1999
Blood on the Dance Floor (Refugee Camp Mix),Michael Jackson,Hip-Hop / Rap / R&B,Multiple Elements,1997
Notorious B.I.G. Remix (Original Video),The Notorious B.I.G.,Hip-Hop / Rap / R&B,Multiple Elements,1999
Notorious B.I.G. Remix (Original Video),Lil' Kim,Hip-Hop / Rap / R&B,Multiple Elements,1999
Notorious B.I.G. Remix (Original Video),Puff Daddy,Hip-Hop / Rap / R&B,Multiple Elements,1999
At Your Own Risk,King Tee,Hip-Hop / Rap / R&B,Vocals / Lyrics,1990
Jussummen (Remix),Das EFX,Hip-Hop / Rap / R&B,Vocals / Lyrics,1992
Say I Won't,Lecrae,Hip-Hop / Rap / R&B,Multiple Elements,2014
Say I Won't,Andy Mineo,Hip-Hop / Rap / R&B,Multiple Elements,2014
Kick the Ball,Krown Rulers,Hip-Hop / Rap / R&B,Hook / Riff,1987
Positive Contact,Deltron 3030,Hip-Hop / Rap / R&B,Drums,2000
Sweet Premium Wine,KMD,Hip-Hop / Rap / R&B,Vocals / Lyrics,2001
Don't Go!,The Bins,Rock / Pop,Drums,2011
PR 4 Prez,Pete Rock,Hip-Hop / Rap / R&B,Multiple Elements,2015
Pay Back,Roxanne Shanté,Hip-Hop / Rap / R&B,Vocals / Lyrics,1987
Just Say Stet,Stetsasonic,Hip-Hop / Rap / R&B,Vocals / Lyrics,1986
Soul Soul,Suprême NTM,Hip-Hop / Rap / R&B,Drums,1991
Brakes,De La Soul,Hip-Hop / Rap / R&B,Drums,1996
Hey,Blumentopf,Hip-Hop / Rap / R&B,Vocals / Lyrics,2001
Hey,David Pe,Hip-Hop / Rap / R&B,Vocals / Lyrics,2001
Diane (Rated XXX),Hostyle,Hip-Hop / Rap / R&B,Vocals / Lyrics,1988
Afternoon of Konoha,Toshio Masuda,Soundtrack / Library,Drums,2003
Ain't New 2 This,Soudiere,Hip-Hop / Rap / R&B,Vocals / Lyrics,2019
I Don't Know,Slum Village,Hip-Hop / Rap / R&B,Vocals / Lyrics,2000
I Don't Know,DJ Jazzy Jeff,Hip-Hop / Rap / R&B,Vocals / Lyrics,2000
Thank You for Being a Friend,Rachel Platten,Rock / Pop,Vocals / Lyrics,2017
Je Danse Le Mia (Album Version),IAM,Hip-Hop / Rap / R&B,Hook / Riff,1993
Ain't No Stoppin' Us Now,Big Daddy Kane,Hip-Hop / Rap / R&B,Drums,1989
Joven De La Pobla,Tiro De Gracia,Hip-Hop / Rap / R&B,Drums,2004
Whatzupwitu,Eddie Murphy,Rock / Pop,Hook / Riff,1993
Whatzupwitu,Michael Jackson,Rock / Pop,Hook / Riff,1993
"Gyrlz, They Love Me",Heavy D & the Boyz,Hip-Hop / Rap / R&B,Vocals / Lyrics,1989
No Words (Pump 'N' Hip Hop) (No Rif Raf),Three Times Dope,Hip-Hop / Rap / R&B,Drums,1990
MULTI,Kali Uchis,Hip-Hop / Rap / R&B,Vocals / Lyrics,2012
Assata's Song (Remix),Paris,Hip-Hop / Rap / R&B,Drums,1993
Letitgo,Prince,Soul / Funk / Disco,Hook / Riff,1994
Hey Look at Shorty,Lord Finesse,Hip-Hop / Rap / R&B,Vocals / Lyrics,1991
Break It Down,Eazy A,Hip-Hop / Rap / R&B,Vocals / Lyrics,1989
K.G. Dance (Wop),Sean Baby,Hip-Hop / Rap / R&B,Drums,1987
K.G. Dance (Wop),Ninja D,Hip-Hop / Rap / R&B,Drums,1987
K.G. Dance (Wop),Mr. Mister KG,Hip-Hop / Rap / R&B,Drums,1987
Sympin Ain't Easy,Boyz II Men,Hip-Hop / Rap / R&B,Drums,1992
Sympin Ain't Easy,Michael Bivins,Hip-Hop / Rap / R&B,Drums,1992
Romantic (Sexy Mix),Karyn White,Hip-Hop / Rap / R&B,Drums,1991
Mr Dope,Kenny Dope,Electronic / Dance,Vocals / Lyrics,2004
Black Is Back,Public Enemy,Hip-Hop / Rap / R&B,Vocals / Lyrics,2007
More Than a Player,2nd II None,Hip-Hop / Rap / R&B,Vocals / Lyrics,1991
Distant Lover (Shel Shok Mix),Taral Hicks,Hip-Hop / Rap / R&B,Drums,1997
Distant Lover (Shel Shok Mix),Grand Puba,Hip-Hop / Rap / R&B,Drums,1997
Top Cat,Slick Rick,Hip-Hop / Rap / R&B,Multiple Elements,1991
Little Soldiers,Another Bad Creation,Hip-Hop / Rap / R&B,Vocals / Lyrics,1991
Nitro,LL Cool J,Hip-Hop / Rap / R&B,Multiple Elements,1989
You Ready?,Pete Rock,Hip-Hop / Rap / R&B,Multiple Elements,2022
Portrait of a Rap Star,True Mathematics,Hip-Hop / Rap / R&B,Drums,1988
Tamilano,Towa Tei,Electronic / Dance,Vocals / Lyrics,1997
Drop the Bass,P.D.F. Crew,Hip-Hop / Rap / R&B,Hook / Riff,1989
Memory Lane,The Microphone Prince,Hip-Hop / Rap / R&B,Hook / Riff,1987
Gato Que Avanza Perro Que Ladra,Calle 13,Hip-Hop / Rap / R&B,Vocals / Lyrics,2014
To Be Continued,Evidence,Hip-Hop / Rap / R&B,Vocals / Lyrics,2011
Celebration,Fun Factory,Electronic / Dance,Drums,1995
Listen to the Man,Havoc,Hip-Hop / Rap / R&B,Vocals / Lyrics,2014
The Woman in Me,Silk Tymes Leather,Hip-Hop / Rap / R&B,Vocals / Lyrics,1990
I Love Your Smile (Driza Bone Club Mix),Shanice,Hip-Hop / Rap / R&B,Bass,1992
Better Days (And the Bottom Drops Out),Citizen King,Rock / Pop,Drums,1999
Track Cheul,Sté Strausz,Hip-Hop / Rap / R&B,Vocals / Lyrics,1994
Rhymin' Wit' Biz,Def Squad,Hip-Hop / Rap / R&B,Vocals / Lyrics,1998
Rhymin' Wit' Biz,Biz Markie,Hip-Hop / Rap / R&B,Vocals / Lyrics,1998
Swamp Swing,Yankee Dollar,Hip-Hop / Rap / R&B,Hook / Riff,1987
Swamp Swing,Fat Cat,Hip-Hop / Rap / R&B,Hook / Riff,1987
Kinda Funky,Jammin',Electronic / Dance,Drums,2001
Plus Rien Ne Va,Suprême NTM,Hip-Hop / Rap / R&B,Vocals / Lyrics,1993
Scram,Plump DJs,Electronic / Dance,Drums,2000
Vibeology (Humphrey's Full-length Hip-Hop Mix),Paula Abdul,Rock / Pop,Drums,1992
Say It Loud (I Like Rap and I'm Proud),The Third Degree,Hip-Hop / Rap / R&B,Multiple Elements,1987
Fantastic Voyage (Dave Bellochio's Street Mix),Coolio,Hip-Hop / Rap / R&B,Drums,1994
The Music Maker,Cash Money & Marvelous,Hip-Hop / Rap / R&B,Vocals / Lyrics,1988
안아줘요 (Hug Me),Apink,Rock / Pop,Drums,2019
Cocaine Business,Who Am I?,Hip-Hop / Rap / R&B,Multiple Elements,1991
Outro (Wrap It Up B),DJ Day,Soul / Funk / Disco,Vocals / Lyrics,2007
Stank Hoes,Central District Posse,Hip-Hop / Rap / R&B,Hook / Riff,1993
"Do Me, Do Me",Heavy D & the Boyz,Hip-Hop / Rap / R&B,Vocals / Lyrics,1991
Uda Man,Stetsasonic,Hip-Hop / Rap / R&B,Vocals / Lyrics,1991
We Got It All,Hardcore,Hip-Hop / Rap / R&B,Multiple Elements,1987
What? (Tribute Remix),J.Period,Hip-Hop / Rap / R&B,Vocals / Lyrics,2009
What? (Tribute Remix),Mad Skillz,Hip-Hop / Rap / R&B,Vocals / Lyrics,2009
What? (Tribute Remix),Questlove,Hip-Hop / Rap / R&B,Vocals / Lyrics,2009
What? (Tribute Remix),The Randy Watson Experience,Hip-Hop / Rap / R&B,Vocals / Lyrics,2009
Das Da Way We Like 'Em,TLC,Hip-Hop / Rap / R&B,Drums,1992
On a Mission,Havoc & Prodeje,Hip-Hop / Rap / R&B,Drums,1993
Pretty Fly (For a White Guy) (The Baka Boys Low Rider Remix),The Offspring,Rock / Pop,Vocals / Lyrics,1998
Relax Your Mind,L.,Hip-Hop / Rap / R&B,Drums,1996
This One's for You,Joe Public,Hip-Hop / Rap / R&B,Drums,1992
Bravo Ragazzo,Guè,Hip-Hop / Rap / R&B,Vocals / Lyrics,2013
Wanna Make Moves,Red Hot Lover Tone,Hip-Hop / Rap / R&B,Drums,1995
Wanna Make Moves,Greg Nice,Hip-Hop / Rap / R&B,Drums,1995
The Ride,UTFO,Hip-Hop / Rap / R&B,Drums,1987
Scratch,DJ Gruff,Hip-Hop / Rap / R&B,Drums,1993
Scratch,DJ Skizo,Hip-Hop / Rap / R&B,Drums,1993
Scratch,Carry D,Hip-Hop / Rap / R&B,Drums,1993
Scratch,Kaos One,Hip-Hop / Rap / R&B,Drums,1993
RIDDUMB,Oolacile,Electronic / Dance,Vocals / Lyrics,2017
Stone Age,De La Soul,Hip-Hop / Rap / R&B,Hook / Riff,1993
Stone Age,Biz Markie,Hip-Hop / Rap / R&B,Hook / Riff,1993
Rollin' Wit' the Lench Mob,Ice Cube,Hip-Hop / Rap / R&B,Vocals / Lyrics,1990
Manifest,Hiob,Hip-Hop / Rap / R&B,Vocals / Lyrics,2009
Manifest,Morlockk Dilemma,Hip-Hop / Rap / R&B,Vocals / Lyrics,2009
Fanyarország,Funktasztikus,Hip-Hop / Rap / R&B,Multiple Elements,2009
Fanyarország,Sub Bass Monster,Hip-Hop / Rap / R&B,Multiple Elements,2009
Its a New Record,Ayako Saso,Electronic / Dance,Drums,1995
Its a New Record,Nobuyoshi Sano,Electronic / Dance,Drums,1995
Its a New Record,Shinji Hosoe,Electronic / Dance,Drums,1995
Open (Remix),Da Beatminerz,Hip-Hop / Rap / R&B,Vocals / Lyrics,2001
Open (Remix),Caron Wheeler,Hip-Hop / Rap / R&B,Vocals / Lyrics,2001
Open (Remix),Pete Rock,Hip-Hop / Rap / R&B,Vocals / Lyrics,2001
We Can't Be Stopped,Geto Boys,Hip-Hop / Rap / R&B,Drums,1991
Funky Stuff,Anquette,Hip-Hop / Rap / R&B,Vocals / Lyrics,1988
Kuchi Kara De Makase,Rhymester,Hip-Hop / Rap / R&B,Drums,1995
Fx & Scratches (Vol. 2),Simon Harris,Other,Drums,1988
Wanted Dead or Alive,Too Much Trouble,Hip-Hop / Rap / R&B,Drums,1992
You're Gonna Get Rocked,La Toya Jackson,Hip-Hop / Rap / R&B,Multiple Elements,1988
You're Gonna Get Rocked,Full Force,Hip-Hop / Rap / R&B,Multiple Elements,1988
Ghetto M.C.,Too Much Trouble,Hip-Hop / Rap / R&B,Drums,1992
Hooch,Everything,Rock / Pop,Drums,1998
Represent,Balance & Terror,Hip-Hop / Rap / R&B,Multiple Elements,1992
Girls,Funkmaster Wizard Wiz,Hip-Hop / Rap / R&B,Hook / Riff,1986
Exercise,Akinyele,Hip-Hop / Rap / R&B,Drums,1993
It's My Turn,Dezo Daz,Hip-Hop / Rap / R&B,Multiple Elements,1987
It's My Turn,DJ Slip,Hip-Hop / Rap / R&B,Multiple Elements,1987
Is It Good to You (Home Mix #2),Heavy D & the Boyz,Hip-Hop / Rap / R&B,Drums,1991
I Can't Take It (No More Remix),3LW,Hip-Hop / Rap / R&B,Multiple Elements,2000
I Can't Take It (No More Remix),Nas,Hip-Hop / Rap / R&B,Multiple Elements,2000
Mary Go Round,Cool C,Hip-Hop / Rap / R&B,Drums,1989
You Got the Time,Kaos,Hip-Hop / Rap / R&B,Vocals / Lyrics,1988
God Magic,MeLo-X,Hip-Hop / Rap / R&B,Vocals / Lyrics,2013
Poison (London Style),Bell Biv DeVoe,Hip-Hop / Rap / R&B,Drums,1991
Intro (Pos K Theme),Positive K,Hip-Hop / Rap / R&B,Drums,1992
Vendetta... The Big Getback,Terminator X,Hip-Hop / Rap / R&B,Hook / Riff,1991
So Funky,Luke,Hip-Hop / Rap / R&B,Vocals / Lyrics,1990
Automatic,Sylvan LaCue,Hip-Hop / Rap / R&B,Vocals / Lyrics,2014
Automatic,Quest,Hip-Hop / Rap / R&B,Vocals / Lyrics,2014
Expect That (Bird Mix),Mannish,Hip-Hop / Rap / R&B,Vocals / Lyrics,1995
Sons of the P,Digital Underground,Hip-Hop / Rap / R&B,Drums,1991
"East Side, West Side",Young Soldierz,Hip-Hop / Rap / R&B,Drums,1994
"East Side, West Side",Tweedy Bird Loc,Hip-Hop / Rap / R&B,Drums,1994
"East Side, West Side",Big Freeze,Hip-Hop / Rap / R&B,Drums,1994
"East Side, West Side",Big Stretch,Hip-Hop / Rap / R&B,Drums,1994
"East Side, West Side",Popps,Hip-Hop / Rap / R&B,Drums,1994
Make It Funky Now,Richie Rich,Hip-Hop / Rap / R&B,Multiple Elements,1989
2maro,Armani White,Hip-Hop / Rap / R&B,Vocals / Lyrics,2019
Groovin',Pato Banton,Reggae / Dub,Drums,1996
Music to Be Murdered By,Dan the Automator,Hip-Hop / Rap / R&B,Vocals / Lyrics,1989
"Do Me, Baby",D.R.S. (2),Hip-Hop / Rap / R&B,Drums,1993
Analyze This,Kid Sublime,Hip-Hop / Rap / R&B,Vocals / Lyrics,2005
Analyze This,Cee Major,Hip-Hop / Rap / R&B,Vocals / Lyrics,2005
Thief's Theme,Jigmastas,Hip-Hop / Rap / R&B,Vocals / Lyrics,1999
Shitty Inna City,Wise Intelligent,Hip-Hop / Rap / R&B,Vocals / Lyrics,1996
Le Livre De La Jungle,IAM,Hip-Hop / Rap / R&B,Hook / Riff,1991
White Label Freestyle,Nas,Hip-Hop / Rap / R&B,Drums,2014
Scandalous,Dandoo Productions,Hip-Hop / Rap / R&B,Vocals / Lyrics,1988
"Are You Free (12"" Peppermint Mix)",Mint Condition,Hip-Hop / Rap / R&B,Multiple Elements,1991
La Revolution Du Son,Suprême NTM,Hip-Hop / Rap / R&B,Hook / Riff,1993
Make It Funky,Seville,Hip-Hop / Rap / R&B,Vocals / Lyrics,1987
Make It Funky,Jazzy Jay,Hip-Hop / Rap / R&B,Vocals / Lyrics,1987
Make It Funky,King Shameek,Hip-Hop / Rap / R&B,Vocals / Lyrics,1987
Mad Flavor Mad Style,Trends of Culture,Hip-Hop / Rap / R&B,Hook / Riff,1993
Party,Kris Kross,Hip-Hop / Rap / R&B,Vocals / Lyrics,1992
Romantic (Moonlight Mix),Karyn White,Hip-Hop / Rap / R&B,Drums,1991
Why Don't You Love Me,Intro,Hip-Hop / Rap / R&B,Drums,1993
Na Gut,Die Fantastischen Vier,Hip-Hop / Rap / R&B,Drums,1992
Nasty Girl,Kasino,Hip-Hop / Rap / R&B,Vocals / Lyrics,1998
Want U Back (Da Rasta Mix),Me-2-U,Hip-Hop / Rap / R&B,Drums,1993
Streets of Dope,LA Attitude,Hip-Hop / Rap / R&B,Vocals / Lyrics,1992
Streets of Dope,G-Lo,Hip-Hop / Rap / R&B,Vocals / Lyrics,1992
Katch the Beat,DJ Jailbreak,Hip-Hop / Rap / R&B,Vocals / Lyrics,1988
Katch the Beat,Dee Major,Hip-Hop / Rap / R&B,Vocals / Lyrics,1988
Right Now,DJ Jones,Hip-Hop / Rap / R&B,Vocals / Lyrics,2015
Nitty Gritty,III Most Wanted,Hip-Hop / Rap / R&B,Multiple Elements,1989
Let's Get Hyped,J.J. Fad,Hip-Hop / Rap / R&B,Drums,1988
Girls Have Money,Twyce as Fresh,Hip-Hop / Rap / R&B,Multiple Elements,1989
"Hoods Up, Caps Down",The Troubleneck Brothers,Hip-Hop / Rap / R&B,Vocals / Lyrics,1992
I Want You,Marky Mark and the Funky Bunch,Hip-Hop / Rap / R&B,Drums,1992
Too Xigen,Melma & Merda,Hip-Hop / Rap / R&B,Vocals / Lyrics,1999
Too Xigen,Moddi MC,Hip-Hop / Rap / R&B,Vocals / Lyrics,1999
Nevertheless,Penny Ford,Hip-Hop / Rap / R&B,Hook / Riff,1993
Big Time Chillin,Lightnin Lee,Hip-Hop / Rap / R&B,Multiple Elements,1988
Big Time Chillin,Poppy P,Hip-Hop / Rap / R&B,Multiple Elements,1988
On Da New Ground,Doap on Arrival,Hip-Hop / Rap / R&B,Drums,1991
Down for the Crown,40 Oz.,Hip-Hop / Rap / R&B,Vocals / Lyrics,2008
Down for the Crown,Amed,Hip-Hop / Rap / R&B,Vocals / Lyrics,2008
Make It Funky!,The Scam,Hip-Hop / Rap / R&B,Multiple Elements,1988
Ci Provo Gusto (E Il Basso Pompa),Jovanotti,Hip-Hop / Rap / R&B,Multiple Elements,1989
R U Ready?,Freshco,Hip-Hop / Rap / R&B,Drums,1989
Big Nut's!!,MC Drew,Hip-Hop / Rap / R&B,Multiple Elements,1988
Your Life's a Cartoon,Digital Underground,Hip-Hop / Rap / R&B,Drums,1988
Freedom of Speak (We Got More Than Three),De La Soul,Hip-Hop / Rap / R&B,Vocals / Lyrics,1988
Whatever I Want,Alexx Mack,Rock / Pop,Vocals / Lyrics,2016
Table Dance,Hi-C,Hip-Hop / Rap / R&B,Drums,1993
Happenin' All Over Again (Tony King's Hip Hop Mix),Lonnie Gordon,Hip-Hop / Rap / R&B,Drums,1993
I Can Do That,Afro-Rican,Hip-Hop / Rap / R&B,Hook / Riff,1989
Bronx Nigga (DJ Shame Remix),Tim Dog,Hip-Hop / Rap / R&B,Vocals / Lyrics,1992
Just the Two of Us (Love to Infinity's Classic Club Mix),Will Smith,Hip-Hop / Rap / R&B,Drums,1998
Good as Gold,Robert S,Hip-Hop / Rap / R&B,Hook / Riff,1987
Goutamafonkybite (Intro),Tout Simplement Noir,Hip-Hop / Rap / R&B,Multiple Elements,1995
Super Mario USA,Ambassadors of Funk,Hip-Hop / Rap / R&B,Drums,1993
Super Mario USA,MC Mario,Hip-Hop / Rap / R&B,Drums,1993
Tales From the Dope Side,Kool Rock Jay,Hip-Hop / Rap / R&B,Vocals / Lyrics,1990
Tales From the Dope Side,DJ Slice (2),Hip-Hop / Rap / R&B,Vocals / Lyrics,1990
"Girl, I Was Wrong",Marley Marl,Hip-Hop / Rap / R&B,Vocals / Lyrics,1991
Just Kickin' It,MC Breed,Hip-Hop / Rap / R&B,Drums,1991
To Tha Rescue (Solid Scheme Mix),D-Nice,Hip-Hop / Rap / R&B,Vocals / Lyrics,1992
40th Anniversary Mix,James Brown,Soul / Funk / Disco,Multiple Elements,1997
40th Anniversary Mix,Funkmaster Flex,Soul / Funk / Disco,Multiple Elements,1997
40th Anniversary Mix,"Fred ""Bugsy"" Buggs",Soul / Funk / Disco,Multiple Elements,1997
Hot Little Love Affair (Ex Street Mix),Keisha Jackson,Hip-Hop / Rap / R&B,Drums,1989
Sensitivity (Full Rub Remix),Ralph Tresvant,Hip-Hop / Rap / R&B,Drums,1990
Sensitivity (Full Rub Remix),Bobby Brown,Hip-Hop / Rap / R&B,Drums,1990
Sleep N Wit Da Enemy,N.O.T.S.,Hip-Hop / Rap / R&B,Vocals / Lyrics,1994
Do Tha Crew,N2Deep,Hip-Hop / Rap / R&B,Drums,1992
It Gets No Deeper,K-9 Posse,Hip-Hop / Rap / R&B,Drums,1988
Check Your System,Jaz B. Lat'n,Hip-Hop / Rap / R&B,Hook / Riff,1995
Ain't No Stoppin' This,LL Cool J,Hip-Hop / Rap / R&B,Drums,1993
Funky Lemonade,Chi-Ali,Hip-Hop / Rap / R&B,Vocals / Lyrics,1992
Ain't It Funky,Makeba & Skratch,Hip-Hop / Rap / R&B,Vocals / Lyrics,1989
Improvised Explosive Device 0300 Hrs.,Mike Patton,Other,Drums,2005
Improvised Explosive Device 0300 Hrs.,X-Ecutioners,Other,Drums,2005
Al Kisah... Sejarah Melayu,Feminin,Hip-Hop / Rap / R&B,Drums,1993
Beautiful Ugly Sound,D-Styles,Hip-Hop / Rap / R&B,Vocals / Lyrics,2002
Get Down With the Funky Sound,Dan the Automator,Hip-Hop / Rap / R&B,Multiple Elements,1989
Culture,Rebel MC,Electronic / Dance,Drums,1991
Attention: The Shawanda Story,Lo-Key?,Hip-Hop / Rap / R&B,Multiple Elements,1992
.45 Automatic,The D.O.C.,Hip-Hop / Rap / R&B,Vocals / Lyrics,1996
.45 Automatic,Passion,Hip-Hop / Rap / R&B,Vocals / Lyrics,1996
.45 Automatic,Mally G,Hip-Hop / Rap / R&B,Vocals / Lyrics,1996
Close to You (Phill Chill's Rap Sensation),Maxi Priest,Rock / Pop,Vocals / Lyrics,1990
The Source Is Serious Business,DJ Shadow,Hip-Hop / Rap / R&B,Vocals / Lyrics,2008
Cold Young Niggaz,Havoc & Prodeje,Hip-Hop / Rap / R&B,Multiple Elements,1993
Word to the Wise (Funk Swing Mix),Doctor Ice,Hip-Hop / Rap / R&B,Vocals / Lyrics,1990
Repetitive Loop (Reloop),The Herbaliser,Electronic / Dance,Vocals / Lyrics,1995
I'll Be Here,Fresh Kid Ice,Hip-Hop / Rap / R&B,Drums,1992
I'm Blowin' Up,Kool Moe Dee,Hip-Hop / Rap / R&B,Drums,1989
MC Rod Is Dope,MC Rod,Hip-Hop / Rap / R&B,Drums,1993
Today.,Theory Hazit,Hip-Hop / Rap / R&B,Vocals / Lyrics,2016
(Do Dat?) Y'all Know What Time It Is!,One Def Clan,Hip-Hop / Rap / R&B,Drums,1989
Side B,DJ Q-Bert,Hip-Hop / Rap / R&B,Drums,1995
Revolution of the Mind,Ultimate Force,Hip-Hop / Rap / R&B,Vocals / Lyrics,2007
Who's the Master?,Barsha,Hip-Hop / Rap / R&B,Vocals / Lyrics,1990
Bounce (DJ Format's Ultimate Breaks Remix),T.D.S. Mob,Hip-Hop / Rap / R&B,Vocals / Lyrics,2012
Real Def Y'All,Raw Material & Def Intelligence,Hip-Hop / Rap / R&B,Multiple Elements,1990
Ashes 2 Dust,By Any Means Necessary,Hip-Hop / Rap / R&B,Hook / Riff,1992
나만의 친구,Solid,Hip-Hop / Rap / R&B,Drums,1995
Here We Go,Cookie Crew,Hip-Hop / Rap / R&B,Hook / Riff,1991
Redout Brick Hemorrhage / Mental Herpes,Mr. Dibbs,Hip-Hop / Rap / R&B,Drums,1998
Street Dreams (K-Def Remix),Nas,Hip-Hop / Rap / R&B,Drums,1997
Criminal Mode,Rap Mafia,Hip-Hop / Rap / R&B,Drums,1990
IAM,IAM,Hip-Hop / Rap / R&B,Multiple Elements,1989
A Tribute to Mary Wells,Knightowl,Hip-Hop / Rap / R&B,Multiple Elements,1992
Make You Feel Alright,Doctor Ice,Hip-Hop / Rap / R&B,Drums,1989
Make You Feel Alright,Red Alert,Hip-Hop / Rap / R&B,Drums,1989
You Can Swing It,Sheena Easton,Hip-Hop / Rap / R&B,Drums,1991
Big Shot on the Block,Main One,Hip-Hop / Rap / R&B,Drums,1995
FX & Scratches (Vol. 4),Simon Harris,Other,Hook / Riff,1989
Got to Get Funky,Trio Connection,Hip-Hop / Rap / R&B,Vocals / Lyrics,1988
Lyrics in Motion,Lord Alibaski,Hip-Hop / Rap / R&B,Drums,1989
Hear No Evil Speak No Evil,Da Hoodz Uv Mizbhavya,Hip-Hop / Rap / R&B,Vocals / Lyrics,1994
On the Sand,Groove Thing,Electronic / Dance,Multiple Elements,1994
Freestyle Με Τον Διάβολο,Javaspa,Hip-Hop / Rap / R&B,Vocals / Lyrics,2004
Catastrophe 1,Poet Society,Hip-Hop / Rap / R&B,Drums,1991
Rhyming Rampage,MC Player,Hip-Hop / Rap / R&B,Vocals / Lyrics,1987
Life in the '90s,Nemesis,Hip-Hop / Rap / R&B,Drums,1991
Gangsta Shit,Double J,Hip-Hop / Rap / R&B,Vocals / Lyrics,1991
Mic Grippa,Tymz Up,Hip-Hop / Rap / R&B,Drums,1993
Keep 'Em on the Floor,Big Daddy Kane,Hip-Hop / Rap / R&B,Multiple Elements,1990
Kickin It Wit Da Sond,Vibe & Sond,Hip-Hop / Rap / R&B,Vocals / Lyrics,1992
Makin' a Killin',DJ Aladdin,Hip-Hop / Rap / R&B,Vocals / Lyrics,1993
This Means You,Amerigo Gazaway,Hip-Hop / Rap / R&B,Drums,2014
Love Will Bring Us Back Together (Cooks Mix),Cookie Crew,Hip-Hop / Rap / R&B,Vocals / Lyrics,1991
Love Will Bring Us Back Together (Cooks Mix),Roy Ayers,Hip-Hop / Rap / R&B,Vocals / Lyrics,1991
U Gettin' Ill Too Much,MC Twist & the Def Squad,Hip-Hop / Rap / R&B,Vocals / Lyrics,1989
Something's Gotta Give,Cee-Won X,Hip-Hop / Rap / R&B,Vocals / Lyrics,2015
Something's Gotta Give,Zachary Garren,Hip-Hop / Rap / R&B,Vocals / Lyrics,2015
Lettin' You Know,The Kid Rock Group,Hip-Hop / Rap / R&B,Drums,1991
Dope Mix,Rob Base,Hip-Hop / Rap / R&B,Drums,1989
Let Me Love You,Tony Terry,Hip-Hop / Rap / R&B,Vocals / Lyrics,1990
Nice and Nasty,DJ Magic Mike,Hip-Hop / Rap / R&B,Vocals / Lyrics,1991
Nice and Nasty,MC Madness,Hip-Hop / Rap / R&B,Vocals / Lyrics,1991
Itz Oh Kay,Kwamé,Hip-Hop / Rap / R&B,Drums,1990
Studio Gangster,Pooh-Man,Hip-Hop / Rap / R&B,Drums,1993
Genius (Luke Vibert Remix),Pitchshifter,Electronic / Dance,Vocals / Lyrics,1998
Can't Get Enough,Soul Dimension,Hip-Hop / Rap / R&B,Vocals / Lyrics,1987
Vibeology (Humphrey's Hip-House Mix),Paula Abdul,Rock / Pop,Drums,1991
Pick a Rhyme,2 Shades of Black,Hip-Hop / Rap / R&B,Drums,1993
The Other Guy,Javier & the Str8jackers,Hip-Hop / Rap / R&B,Vocals / Lyrics,1991
Les Vrais,Les Little,Hip-Hop / Rap / R&B,Drums,1992
M.C.'s,"M.C. ""D""",Hip-Hop / Rap / R&B,Drums,1991
Homicidal,Magic Affair,Electronic / Dance,Drums,1994
Do I Come Off,The Posse NFX,Hip-Hop / Rap / R&B,Vocals / Lyrics,1991
Bo and Ho,U Know Who,Hip-Hop / Rap / R&B,Vocals / Lyrics,1988
Freak-Bots on the Dance-Floor,DJ Ten,Electronic / Dance,Vocals / Lyrics,2012
Niggas Don't Know,Dice (Rapper),Hip-Hop / Rap / R&B,Drums,1992
Waardeloos,"Tina, Toos en Tessa",Rock / Pop,Drums,1996
We Pals,Capital Tax,Hip-Hop / Rap / R&B,Multiple Elements,1993
Interview,Joint Ventures,Hip-Hop / Rap / R&B,Multiple Elements,1993
Gangstrology,H.W.A.,Hip-Hop / Rap / R&B,Drums,1990
Russian Groove,Unconditional,Electronic / Dance,Drums,2001
Party With Peace of Mind,Vicious Base,Hip-Hop / Rap / R&B,Drums,1991
Party With Peace of Mind,DJ Magic Mike,Hip-Hop / Rap / R&B,Drums,1991
Stick Up Boyz,Ice Dogg,Hip-Hop / Rap / R&B,Hook / Riff,1993
Black Hole,Flinch,Electronic / Dance,Vocals / Lyrics,2016
Black Hole,Infuze,Electronic / Dance,Vocals / Lyrics,2016
Nachan Di Hammi,Bally Sagoo,World / Latin,Drums,1998
Nachan Di Hammi,Hobby (Punjabi Singer),World / Latin,Drums,1998
Who's Al Capone?,Al Capone (Rapper),Hip-Hop / Rap / R&B,Drums,1992
The Eastside,MC Twist,Hip-Hop / Rap / R&B,Drums,1990
Bad Nuh Bumbo,Katch 22,Hip-Hop / Rap / R&B,Vocals / Lyrics,1993
Are You a Roughneck?,Shaquille O'Neal,Hip-Hop / Rap / R&B,Vocals / Lyrics,1993
First Case,Devo-X,Hip-Hop / Rap / R&B,Vocals / Lyrics,1991
Thanx 4 the Funk,The Boys,Hip-Hop / Rap / R&B,Vocals / Lyrics,1990
The Hold Up,Knights,Hip-Hop / Rap / R&B,Vocals / Lyrics,1992
I Need Money,H.D.M.,Hip-Hop / Rap / R&B,Multiple Elements,1997
God Made Me Funky,Jamiroquai,Soul / Funk / Disco,Vocals / Lyrics,2013
Kids (2 Finger an Den Kopf),Marteria,Hip-Hop / Rap / R&B,Vocals / Lyrics,2014
Positively Negative,Xzibit,Hip-Hop / Rap / R&B,Vocals / Lyrics,1996
Tales From Da Sex Side,Kaotic Style,Hip-Hop / Rap / R&B,Vocals / Lyrics,1994
Fallin',Teenage Fanclub,Hip-Hop / Rap / R&B,Vocals / Lyrics,1993
Fallin',De La Soul,Hip-Hop / Rap / R&B,Vocals / Lyrics,1993
Perfect Match,Jazzy Bazz,Hip-Hop / Rap / R&B,Vocals / Lyrics,2012
Perfect Match,L'Etrange,Hip-Hop / Rap / R&B,Vocals / Lyrics,2012
Perfect Match,Nekfeu,Hip-Hop / Rap / R&B,Vocals / Lyrics,2012
Perfect Match,Alpha Wann,Hip-Hop / Rap / R&B,Vocals / Lyrics,2012
It's Goin' Down,X-Ecutioners,Hip-Hop / Rap / R&B,Vocals / Lyrics,2001
It's Goin' Down,Mike Shinoda,Hip-Hop / Rap / R&B,Vocals / Lyrics,2001
It's Goin' Down,Mr. Hahn,Hip-Hop / Rap / R&B,Vocals / Lyrics,2001
Looseys,Das EFX,Hip-Hop / Rap / R&B,Drums,1992
Wussup Wit the Luv,Digital Underground,Hip-Hop / Rap / R&B,Drums,1993
Wussup Wit the Luv,2Pac,Hip-Hop / Rap / R&B,Drums,1993
Burglar Bars,2 Chainz,Hip-Hop / Rap / R&B,Vocals / Lyrics,2017
Burglar Bars,Monica,Hip-Hop / Rap / R&B,Vocals / Lyrics,2017
Nasty,Pixie Lott,Rock / Pop,Vocals / Lyrics,2014
Self Destruction,The Stop the Violence Movement,Hip-Hop / Rap / R&B,Multiple Elements,1989
Time Will Tell,Utada Hikaru,Hip-Hop / Rap / R&B,Drums,1998
I Missed the Bus,Kris Kross,Hip-Hop / Rap / R&B,Drums,1992
Love Sign,Prince,Hip-Hop / Rap / R&B,Drums,1994
Love Sign,Nona Gaye,Hip-Hop / Rap / R&B,Drums,1994
Free Again,DJ Kay Slay,Hip-Hop / Rap / R&B,Vocals / Lyrics,2014
Free Again,Fat Joe,Hip-Hop / Rap / R&B,Vocals / Lyrics,2014
Free Again,50 Cent,Hip-Hop / Rap / R&B,Vocals / Lyrics,2014
Definition of a Thug Nigga,2Pac,Hip-Hop / Rap / R&B,Hook / Riff,1993
Mierda,Violadores Del Verso,Hip-Hop / Rap / R&B,Drums,2001
Hip Hop on Wax - Volume 2,Red Alert,Hip-Hop / Rap / R&B,Vocals / Lyrics,1984
Mind Blowin',Pete Rock,Hip-Hop / Rap / R&B,Drums,1998
Mind Blowin',Vinia Mojica,Hip-Hop / Rap / R&B,Drums,1998
Hardcore (Instrumental) Hip Hop,DJ Shadow,Hip-Hop / Rap / R&B,Vocals / Lyrics,1996
Turn Back Time,Aqua,Rock / Pop,Drums,1997
Blue Funk,Heavy D & the Boyz,Hip-Hop / Rap / R&B,Multiple Elements,1992
A Different World,Boyz II Men,Hip-Hop / Rap / R&B,Drums,1992
Rico Suave,Gerardo,Hip-Hop / Rap / R&B,Multiple Elements,1991
Audio Delite at Low Fidelity,Black Eyed Peas,Hip-Hop / Rap / R&B,Vocals / Lyrics,2005
The Launch,DJ Jean,Electronic / Dance,Drums,1999
Funky,DJ Shadow,Jazz / Blues,Vocals / Lyrics,2008
Funky,Cut Chemist,Jazz / Blues,Vocals / Lyrics,2008
Friends (Mastermix),Whodini,Hip-Hop / Rap / R&B,Drums,1987
Making Cash Money,Busy Bee,Hip-Hop / Rap / R&B,Hook / Riff,1982
Lesson 4,DJ Shadow,Hip-Hop / Rap / R&B,Multiple Elements,1991
Kill That Noise,MC Shan,Hip-Hop / Rap / R&B,Multiple Elements,1987
Premier's X-Ecution,X-Ecutioners,Hip-Hop / Rap / R&B,Vocals / Lyrics,2002
Premier's X-Ecution,DJ Premier,Hip-Hop / Rap / R&B,Vocals / Lyrics,2002
I'm Looking for the One (To Be With Me),DJ Jazzy Jeff & the Fresh Prince,Hip-Hop / Rap / R&B,Drums,1993
3FlipS6,A$AP Ant,Hip-Hop / Rap / R&B,Vocals / Lyrics,2012
3FlipS6,Remy Banks,Hip-Hop / Rap / R&B,Vocals / Lyrics,2012
3FlipS6,Juice (Flatbush Zombies),Hip-Hop / Rap / R&B,Vocals / Lyrics,2012
Anger in the Nation,Pete Rock & C.L. Smooth,Hip-Hop / Rap / R&B,Vocals / Lyrics,1992
Time 4 Sum Aksion,Redman,Hip-Hop / Rap / R&B,Drums,1992
Duck Alert,Marley Marl,Hip-Hop / Rap / R&B,Multiple Elements,1988
Duck Alert,Craig G,Hip-Hop / Rap / R&B,Multiple Elements,1988
Funky Radio,B.B. Rights,Hip-Hop / Rap / R&B,Drums,2001
Horny Lil' Devil,Ice Cube,Hip-Hop / Rap / R&B,Vocals / Lyrics,1991
Word to the Mother (Land),Big Daddy Kane,Hip-Hop / Rap / R&B,Vocals / Lyrics,1988
Kiss You Back,Digital Underground,Hip-Hop / Rap / R&B,Drums,1991
6 Minutes of Pleasure,LL Cool J,Hip-Hop / Rap / R&B,Hook / Riff,1990
Rapture,Koffee,Reggae / Dub,Vocals / Lyrics,2019
School Dayz,Big L,Hip-Hop / Rap / R&B,Vocals / Lyrics,1994
Just Another Day,Logic,Hip-Hop / Rap / R&B,Vocals / Lyrics,2011
Waitin' for the DJ,Talib Kweli,Hip-Hop / Rap / R&B,Vocals / Lyrics,2002
Waitin' for the DJ,Bilal,Hip-Hop / Rap / R&B,Vocals / Lyrics,2002
Somethin' Funky,Big Daddy Kane,Hip-Hop / Rap / R&B,Vocals / Lyrics,1987
To the Right,Brand Nubian,Hip-Hop / Rap / R&B,Multiple Elements,1990
Tranqi Funky,Articolo 31,Hip-Hop / Rap / R&B,Vocals / Lyrics,1996
Juice,Logic,Hip-Hop / Rap / R&B,Multiple Elements,2011
Shake Your Thang,Salt-N-Pepa,Hip-Hop / Rap / R&B,Multiple Elements,1988
Shake Your Thang,E.U.,Hip-Hop / Rap / R&B,Multiple Elements,1988
Last Night,Kid 'N Play,Hip-Hop / Rap / R&B,Hook / Riff,1988
Myintrotoletuknow,OutKast,Hip-Hop / Rap / R&B,Drums,1994
Knowledge,Gang Starr,Hip-Hop / Rap / R&B,Drums,1989
Knowledge,Damo D-Ski,Hip-Hop / Rap / R&B,Drums,1989
Trust Me,Guru,Hip-Hop / Rap / R&B,Drums,1993
Trust Me,N'Dea Davenport,Hip-Hop / Rap / R&B,Drums,1993
Shake It,Sistar,Rock / Pop,Drums,2015
Mulheres Vulgares,Racionais MC's,Hip-Hop / Rap / R&B,Hook / Riff,1990
Big Ole Butt,LL Cool J,Hip-Hop / Rap / R&B,Multiple Elements,1989
They Want EFX (Remix),Das EFX,Hip-Hop / Rap / R&B,Hook / Riff,1992
I'm So Into You,SWV,Hip-Hop / Rap / R&B,Drums,1992
Confessions﻿ of a Drug Addict,Psycho Realm,Hip-Hop / Rap / R&B,Vocals / Lyrics,1997
Quiet on Tha Set,N.W.A,Hip-Hop / Rap / R&B,Drums,1988
The Rock (Humps),Madlib,Hip-Hop / Rap / R&B,Vocals / Lyrics,2006
Spoonie Is Back,Spoonie Gee,Hip-Hop / Rap / R&B,Hook / Riff,1981
Let Me Love You (Rebuilt),Kariya,Electronic / Dance,Drums,1989
Lie to Kick It,2Pac,Hip-Hop / Rap / R&B,Hook / Riff,1997
Lie to Kick It,Richie Rich (Rapper),Hip-Hop / Rap / R&B,Hook / Riff,1997
Rock Dis Funky Joint,Poor Righteous Teachers,Hip-Hop / Rap / R&B,Vocals / Lyrics,1990
Wontime,Smif-N-Wessun,Hip-Hop / Rap / R&B,Drums,1995
Ashley,Big Sean,Hip-Hop / Rap / R&B,Vocals / Lyrics,2013
Ashley,Miguel,Hip-Hop / Rap / R&B,Vocals / Lyrics,2013
New Jack Swing,Wreckx-N-Effect,Hip-Hop / Rap / R&B,Multiple Elements,1989
If You Must,Del the Funky Homosapien,Hip-Hop / Rap / R&B,Vocals / Lyrics,2000
Use the Force,Jamiroquai,Soul / Funk / Disco,Hook / Riff,1996
Gotta Get Over (Taking Loot),Gang Starr,Hip-Hop / Rap / R&B,Vocals / Lyrics,1992
Oh My God (Master Mix),A Tribe Called Quest,Hip-Hop / Rap / R&B,Drums,1993
Oh My God (Master Mix),Busta Rhymes,Hip-Hop / Rap / R&B,Drums,1993
It's About That Time,Pete Rock,Hip-Hop / Rap / R&B,Vocals / Lyrics,1998
It's About That Time,Black Thought,Hip-Hop / Rap / R&B,Vocals / Lyrics,1998
It's About That Time,Rob-O,Hip-Hop / Rap / R&B,Vocals / Lyrics,1998
Rub You the Right Way,Johnny Gill,Hip-Hop / Rap / R&B,Vocals / Lyrics,1990
Puffin' on Blunts and Drankin' Tanqueray,Dr. Dre,Hip-Hop / Rap / R&B,Hook / Riff,1992
Puffin' on Blunts and Drankin' Tanqueray,Kurupt,Hip-Hop / Rap / R&B,Hook / Riff,1992
Puffin' on Blunts and Drankin' Tanqueray,Dat Nigga Daz,Hip-Hop / Rap / R&B,Hook / Riff,1992
Puffin' on Blunts and Drankin' Tanqueray,The Lady of Rage,Hip-Hop / Rap / R&B,Hook / Riff,1992
Jackin' for Beats,Ice Cube,Hip-Hop / Rap / R&B,Drums,1990
As the Rhyme Goes On,Eric B. & Rakim,Hip-Hop / Rap / R&B,Vocals / Lyrics,1987
All for One,Brand Nubian,Hip-Hop / Rap / R&B,Drums,1990
One to Grow On,UMC's,Hip-Hop / Rap / R&B,Sound Effect / Other,1991
The Spotlight,Logic,Hip-Hop / Rap / R&B,Multiple Elements,2012
Papi Chulo... (Te Traigo El Mmmm) (Original Version),Lorna,Reggae / Dub,Drums,2003
Perfect Match,Cella Dwellas,Hip-Hop / Rap / R&B,Vocals / Lyrics,1996
City of Stars,Logic,Hip-Hop / Rap / R&B,Vocals / Lyrics,2015
Ain't Gonna Hurt Nobody,Kid 'N Play,Hip-Hop / Rap / R&B,Hook / Riff,1991
We Got Our Own Thang,Heavy D & the Boyz,Hip-Hop / Rap / R&B,Multiple Elements,1989
Time to Build,Mic Geronimo,Hip-Hop / Rap / R&B,Vocals / Lyrics,1995
Time to Build,Ja Rule,Hip-Hop / Rap / R&B,Vocals / Lyrics,1995
Time to Build,Jay-Z,Hip-Hop / Rap / R&B,Vocals / Lyrics,1995
Time to Build,DMX,Hip-Hop / Rap / R&B,Vocals / Lyrics,1995
Feels Good,Tony! Toni! Toné!,Hip-Hop / Rap / R&B,Drums,1990
'Cause That's the Way You're Livin' When You're in Living Color,Heavy D & the Boyz,Hip-Hop / Rap / R&B,Drums,1991
Da Two,Pete Rock,Hip-Hop / Rap / R&B,Multiple Elements,1998
Da Two,C.L. Smooth,Hip-Hop / Rap / R&B,Multiple Elements,1998
Sterrenstof,De Jeugd Van Tegenwoordig,Hip-Hop / Rap / R&B,Drums,2010
Original Prankster,The Offspring,Rock / Pop,Vocals / Lyrics,2000
Original Prankster,Redman,Rock / Pop,Vocals / Lyrics,2000
Groove Me,Guy,Hip-Hop / Rap / R&B,Vocals / Lyrics,1988
Hippa to Da Hoppa,Ol' Dirty Bastard,Hip-Hop / Rap / R&B,Vocals / Lyrics,1995
Outta Here,KRS-One,Hip-Hop / Rap / R&B,Multiple Elements,1993
Alone and Suffering,Lil Ugly Mane,Hip-Hop / Rap / R&B,Vocals / Lyrics,2011
It's Funky Enough,The D.O.C.,Hip-Hop / Rap / R&B,Vocals / Lyrics,1989
Fight the Power,Public Enemy,Hip-Hop / Rap / R&B,Multiple Elements,1989
"Sex, Sex, Sex",Nice & Smooth,Hip-Hop / Rap / R&B,Vocals / Lyrics,1991
Supa Star,Group Home,Hip-Hop / Rap / R&B,Drums,1995
Catchin' the Vibe,Quasimoto,Hip-Hop / Rap / R&B,Drums,2013
C.U.B.A,Calvin Harris,Electronic / Dance,Vocals / Lyrics,2014
Hey Ladies,Beastie Boys,Hip-Hop / Rap / R&B,Vocals / Lyrics,1989
Easily,Grimes,Rock / Pop,Drums,2015
Ditty,Paperboy,Hip-Hop / Rap / R&B,Drums,1992
Ijuswannachill,Large Professor,Hip-Hop / Rap / R&B,Drums,1996
Show Business,A Tribe Called Quest,Hip-Hop / Rap / R&B,Multiple Elements,1991
Show Business,Lord Jamar,Hip-Hop / Rap / R&B,Multiple Elements,1991
Show Business,Sadat X,Hip-Hop / Rap / R&B,Multiple Elements,1991
Show Business,Diamond D,Hip-Hop / Rap / R&B,Multiple Elements,1991
Like That,Black Eyed Peas,Hip-Hop / Rap / R&B,Vocals / Lyrics,2005
Like That,Q-Tip,Hip-Hop / Rap / R&B,Vocals / Lyrics,2005
Like That,Talib Kweli,Hip-Hop / Rap / R&B,Vocals / Lyrics,2005
Like That,Cee-Lo Green,Hip-Hop / Rap / R&B,Vocals / Lyrics,2005
Like That,John Legend,Hip-Hop / Rap / R&B,Vocals / Lyrics,2005
True and Livin',Lord Finesse,Hip-Hop / Rap / R&B,Vocals / Lyrics,1996
Ghetto Thang,De La Soul,Hip-Hop / Rap / R&B,Drums,1989
