Untitled (X Side),Sensate Focus,Easy Listening,Vocals / Lyrics,2012
Headshots (4r Da Locals),Isaiah Rashad,Hip-Hop / Rap / R&B,Vocals / Lyrics,2021
호르몬 전쟁 War of Hormone,BTS,Rock / Pop,Vocals / Lyrics,2014
Ah Yeah!,Will Sparks,Electronic / Dance,Vocals / Lyrics,2013
Mike Vick,Action Bronson,Hip-Hop / Rap / R&B,Vocals / Lyrics,2012
Mike Vick,The Alchemist,Hip-Hop / Rap / R&B,Vocals / Lyrics,2012
One Eleven,J Dilla,Hip-Hop / Rap / R&B,Vocals / Lyrics,2006
Pump Up the Volume (UK Remix),M|A|R|R|S,Electronic / Dance,Vocals / Lyrics,1987
Check This Out,Hardhouse,Electronic / Dance,Vocals / Lyrics,1988
Crush on You (Knife Party Remix),Nero,Electronic / Dance,Vocals / Lyrics,2011
C'est Pas Du Rap...,Bigflo & Oli,Hip-Hop / Rap / R&B,Vocals / Lyrics,2015
Let Me See It,UGK,Hip-Hop / Rap / R&B,Vocals / Lyrics,2001
Old School,DANGER DOOM,Hip-Hop / Rap / R&B,Vocals / Lyrics,2005
Old School,Talib Kweli,Hip-Hop / Rap / R&B,Vocals / Lyrics,2005
It's Like That (Jason's Battle Blaster),Run-DMC,Electronic / Dance,Vocals / Lyrics,1997
It's Like That (Jason's Battle Blaster),Jason Nevins,Electronic / Dance,Vocals / Lyrics,1997
Throw Your Set in the Air,Cypress Hill,Hip-Hop / Rap / R&B,Vocals / Lyrics,1995
Body Movin',J Dilla,Hip-Hop / Rap / R&B,Vocals / Lyrics,2006
People,J Dilla,Hip-Hop / Rap / R&B,Vocals / Lyrics,2006
Untitled (X Side),Sensate Focus,Easy Listening,Vocals / Lyrics,2012
Headshots (4r Da Locals),Isaiah Rashad,Hip-Hop / Rap / R&B,Vocals / Lyrics,2021
호르몬 전쟁 War of Hormone,BTS,Rock / Pop,Vocals / Lyrics,2014
Ah Yeah!,Will Sparks,Electronic / Dance,Vocals / Lyrics,2013
Mike Vick,Action Bronson,Hip-Hop / Rap / R&B,Vocals / Lyrics,2012
Mike Vick,The Alchemist,Hip-Hop / Rap / R&B,Vocals / Lyrics,2012
One Eleven,J Dilla,Hip-Hop / Rap / R&B,Vocals / Lyrics,2006
Pump Up the Volume (UK Remix),M|A|R|R|S,Electronic / Dance,Vocals / Lyrics,1987
Check This Out,Hardhouse,Electronic / Dance,Vocals / Lyrics,1988
Crush on You (Knife Party Remix),Nero,Electronic / Dance,Vocals / Lyrics,2011
C'est Pas Du Rap...,Bigflo & Oli,Hip-Hop / Rap / R&B,Vocals / Lyrics,2015
Let Me See It,UGK,Hip-Hop / Rap / R&B,Vocals / Lyrics,2001
Old School,DANGER DOOM,Hip-Hop / Rap / R&B,Vocals / Lyrics,2005
Old School,Talib Kweli,Hip-Hop / Rap / R&B,Vocals / Lyrics,2005
It's Like That (Jason's Battle Blaster),Run-DMC,Electronic / Dance,Vocals / Lyrics,1997
It's Like That (Jason's Battle Blaster),Jason Nevins,Electronic / Dance,Vocals / Lyrics,1997
Throw Your Set in the Air,Cypress Hill,Hip-Hop / Rap / R&B,Vocals / Lyrics,1995
Body Movin',J Dilla,Hip-Hop / Rap / R&B,Vocals / Lyrics,2006
People,J Dilla,Hip-Hop / Rap / R&B,Vocals / Lyrics,2006
Remember Your Old Steps,Sigma 7,Electronic / Dance,Vocals / Lyrics,2000
Alliance Technics,DJ Daddy K,Hip-Hop / Rap / R&B,Vocals / Lyrics,1996
Alliance Technics,Cut Killer,Hip-Hop / Rap / R&B,Vocals / Lyrics,1996
Sherry,RhythmX,Hip-Hop / Rap / R&B,Vocals / Lyrics,1993
Sherry,Tate the Great,Hip-Hop / Rap / R&B,Vocals / Lyrics,1993
Vida Y Muerte,Legua York,Hip-Hop / Rap / R&B,Vocals / Lyrics,2003
Panta Move,Max Tannone,Reggae / Dub,Vocals / Lyrics,2010
Qué Triste,Kodigo Norte,Hip-Hop / Rap / R&B,Vocals / Lyrics,2006
T.S.U.,Silk Tymes Leather,Hip-Hop / Rap / R&B,Vocals / Lyrics,1990
Dedication's What U Need (The Outro),Creative Habits,Hip-Hop / Rap / R&B,Multiple Elements,2001
Disco Inferno (Adrian Michaels Remix),Gary Caos,Electronic / Dance,Vocals / Lyrics,2021
Viva México,Mano Armada,Hip-Hop / Rap / R&B,Vocals / Lyrics,2012
Dj Is Not a Jukebox,Warson,Electronic / Dance,Vocals / Lyrics,2012
I Want U,Shalamar,Hip-Hop / Rap / R&B,Vocals / Lyrics,1990
Act Like Ya Know,Natives in Black,Hip-Hop / Rap / R&B,Vocals / Lyrics,1994
R U Conscious,MC Eric,Hip-Hop / Rap / R&B,Vocals / Lyrics,1991
Konfesyon,Ab Salyann Tha God,Hip-Hop / Rap / R&B,Vocals / Lyrics,2021
Konfesyon,Lou Piensa,Hip-Hop / Rap / R&B,Vocals / Lyrics,2021
Konfesyon,DJ Dablyo,Hip-Hop / Rap / R&B,Vocals / Lyrics,2021
That's My Man,Raptile,Hip-Hop / Rap / R&B,Vocals / Lyrics,2001
That's My Man,Roger Rekless,Hip-Hop / Rap / R&B,Vocals / Lyrics,2001
That's My Man,DJ Mixwell,Hip-Hop / Rap / R&B,Vocals / Lyrics,2001
That's My Man,Illo 77,Hip-Hop / Rap / R&B,Vocals / Lyrics,2001
Dance,The Boys From the Bottom,Hip-Hop / Rap / R&B,Vocals / Lyrics,1990
Ill Matador,Ill Mascaras,Hip-Hop / Rap / R&B,Vocals / Lyrics,2017
Politician,Clement Irie,Reggae / Dub,Vocals / Lyrics,1992
Ready,Unknown Prophets,Hip-Hop / Rap / R&B,Vocals / Lyrics,2001
I'd Rather Be With You,Jermaine Stewart,Hip-Hop / Rap / R&B,Vocals / Lyrics,1989
Feuer,DCS,Hip-Hop / Rap / R&B,Vocals / Lyrics,1999
Well It'z On,Da Nite Nyrs,Hip-Hop / Rap / R&B,Vocals / Lyrics,2000
Well It'z On,Endoe,Hip-Hop / Rap / R&B,Vocals / Lyrics,2000
Bad Influence,MC Twist,Hip-Hop / Rap / R&B,Vocals / Lyrics,1990
Pal Jana,Wdowa,Hip-Hop / Rap / R&B,Vocals / Lyrics,2010
Pal Jana,Warszafski Deszcz,Hip-Hop / Rap / R&B,Vocals / Lyrics,2010
The Final Escape,Awkward Silence,Electronic / Dance,Vocals / Lyrics,2014
U Gotta Wear It! (West Coast Jam),Phi Crew Committee,Hip-Hop / Rap / R&B,Vocals / Lyrics,1992
Good to the Last Drop,Lady Luv,Hip-Hop / Rap / R&B,Vocals / Lyrics,1989
Pluton (Blend),Siwers,Hip-Hop / Rap / R&B,Vocals / Lyrics,2013
Pluton (Blend),Bez Cenzury,Hip-Hop / Rap / R&B,Vocals / Lyrics,2013
Pluton (Blend),Kosi,Hip-Hop / Rap / R&B,Vocals / Lyrics,2013
Prototype,Cuarto Universo,Hip-Hop / Rap / R&B,Vocals / Lyrics,2004
Till Your Fingers Break,DJ Debris,Hip-Hop / Rap / R&B,Vocals / Lyrics,2002
Till Your Fingers Break,DJ Reflux,Hip-Hop / Rap / R&B,Vocals / Lyrics,2002
Watching You,Jazzie Redd,Hip-Hop / Rap / R&B,Vocals / Lyrics,1991
Counting on God,Desperation Band,Other,Vocals / Lyrics,2007
Jump Up Crew,Red Ant,Electronic / Dance,Vocals / Lyrics,1993
Late at Night,Fast House,Electronic / Dance,Vocals / Lyrics,1989
The Hard Way,DJ Hype (Hip Hop),Hip-Hop / Rap / R&B,Vocals / Lyrics,2003
The Hard Way,DJ Rhettmatic,Hip-Hop / Rap / R&B,Vocals / Lyrics,2003
The Hard Way,Shortkut,Hip-Hop / Rap / R&B,Vocals / Lyrics,2003
Back to the Old School,DJ Stylewarz,Hip-Hop / Rap / R&B,Vocals / Lyrics,1993
Yeah Yeah,Boogie Freaks,Electronic / Dance,Vocals / Lyrics,2021
즐기세요,Infinite Flow,Hip-Hop / Rap / R&B,Vocals / Lyrics,2005
Posers and Supposers,DJ Skizo,Hip-Hop / Rap / R&B,Vocals / Lyrics,2007
Posers and Supposers,Four Pieces,Hip-Hop / Rap / R&B,Vocals / Lyrics,2007
Posers and Supposers,Dj 2P,Hip-Hop / Rap / R&B,Vocals / Lyrics,2007
Contragolpe,DJ Raff,Hip-Hop / Rap / R&B,Vocals / Lyrics,2003
Contragolpe,Solo Di Medina,Hip-Hop / Rap / R&B,Vocals / Lyrics,2003
Samples & Effects I,The Original Unknown DJs,Other,Vocals / Lyrics,1991
Perezkratch,Frainstrumentos,Hip-Hop / Rap / R&B,Vocals / Lyrics,2008
Perezkratch,DJ Perez,Hip-Hop / Rap / R&B,Vocals / Lyrics,2008
Dope Stuff,Natives in Black,Hip-Hop / Rap / R&B,Vocals / Lyrics,1992
Wejście,Cisza & Spokój,Hip-Hop / Rap / R&B,Vocals / Lyrics,2006
Pump Up the Volume,Stacey James,Electronic / Dance,Vocals / Lyrics,2016
Where U At,Finesse & Showbiz,Hip-Hop / Rap / R&B,Vocals / Lyrics,1993
I'll House You,Jungle Brothers,Electronic / Dance,Vocals / Lyrics,1988
Rima Cibo Per La Mente,Otierre,Hip-Hop / Rap / R&B,Vocals / Lyrics,1992
Shammin',Greyson & Jasun,Hip-Hop / Rap / R&B,Vocals / Lyrics,1991
Tyttö Tanssii,Minä Ja Nieminen,Electronic / Dance,Vocals / Lyrics,2019
Deja Tus Penas,Ruben DJ,Hip-Hop / Rap / R&B,Vocals / Lyrics,1989
Gangsta at Heart,1st Amendment,Hip-Hop / Rap / R&B,Vocals / Lyrics,1992
Go Get Stupid,DJ Gizmo,Electronic / Dance,Vocals / Lyrics,1995
The Digital Snitch Dropz,Awkward Silence,Electronic / Dance,Vocals / Lyrics,2014
Nasty Dawg,Da New,Hip-Hop / Rap / R&B,Vocals / Lyrics,1992
Side A,DJ Craze,Hip-Hop / Rap / R&B,Vocals / Lyrics,2000
O's the Mc Rapping,3N,Hip-Hop / Rap / R&B,Vocals / Lyrics,1994
Better Days,Sebastian Gampl,Electronic / Dance,Vocals / Lyrics,2014
Laid Back Attack,Volume 10,Hip-Hop / Rap / R&B,Vocals / Lyrics,1993
Smoove Ruffness,J.B.,Hip-Hop / Rap / R&B,Vocals / Lyrics,1994
Smoove Ruffness,Mello Mike Hype,Hip-Hop / Rap / R&B,Vocals / Lyrics,1994
Homey Don't Play That (Club Version),MC Nas-D,Hip-Hop / Rap / R&B,Vocals / Lyrics,1991
Homey Don't Play That (Club Version),DJ Freaky Fred,Hip-Hop / Rap / R&B,Vocals / Lyrics,1991
Münchmob,Main Concept,Hip-Hop / Rap / R&B,Vocals / Lyrics,1995
How Could You,J Foe,Hip-Hop / Rap / R&B,Vocals / Lyrics,1990
Mr. Randall,Miss Flower,Electronic / Dance,Vocals / Lyrics,1998
CTRL+Z,NESSYOU,Hip-Hop / Rap / R&B,Vocals / Lyrics,2017
Shake It for Me,Underground Posse (3),Hip-Hop / Rap / R&B,Vocals / Lyrics,1990
Comin' Correct,Robbie B,Hip-Hop / Rap / R&B,Vocals / Lyrics,1990
Comin' Correct,DJ Jazz,Hip-Hop / Rap / R&B,Vocals / Lyrics,1990
So Groovy,Wendell Williams,Hip-Hop / Rap / R&B,Vocals / Lyrics,1991
They Won't Let Me Pump My Base,Just for Kicks JFK,Hip-Hop / Rap / R&B,Vocals / Lyrics,1990
The Real Shit,Gran Rah,Hip-Hop / Rap / R&B,Vocals / Lyrics,2008
Storm 95 (Live),The 4th Dimension,Electronic / Dance,Vocals / Lyrics,1995
Crasho,Oxi Dum,Hip-Hop / Rap / R&B,Vocals / Lyrics,2020
Crasho,DJ Vilaz,Hip-Hop / Rap / R&B,Vocals / Lyrics,2020
A Full,Rapalapar,Hip-Hop / Rap / R&B,Vocals / Lyrics,2011
Lentismo,Lento Violento,Electronic / Dance,Vocals / Lyrics,2020
Scenario,Simba & Milton Gulli,Hip-Hop / Rap / R&B,Vocals / Lyrics,2013
Scenario,Zubz,Hip-Hop / Rap / R&B,Vocals / Lyrics,2013
Miami Rumble '89,"D.J. Deryck ""D""",Hip-Hop / Rap / R&B,Vocals / Lyrics,1989
Horny Martian Breaks (Side A),Butchwax,Hip-Hop / Rap / R&B,Vocals / Lyrics,2001
Differently,Lil Heisenberg,Hip-Hop / Rap / R&B,Vocals / Lyrics,2018
Differently,Chace Bonanno,Hip-Hop / Rap / R&B,Vocals / Lyrics,2018
Buck Jump,W-Def,Hip-Hop / Rap / R&B,Vocals / Lyrics,1989
"1, 2, Checka",The Nemesis Two,Hip-Hop / Rap / R&B,Vocals / Lyrics,2005
Hostile Life Style,Beneficence,Hip-Hop / Rap / R&B,Vocals / Lyrics,1994
Un Lorenzo C'è Già,DJ Flash,Hip-Hop / Rap / R&B,Vocals / Lyrics,1994
On a Mission,U Know Who,Hip-Hop / Rap / R&B,Vocals / Lyrics,1991
(I Got) Movement,P*D2,Hip-Hop / Rap / R&B,Vocals / Lyrics,1990
Faust Des Nordwestens,Azad,Hip-Hop / Rap / R&B,Vocals / Lyrics,2003
It Ain't Where Ya From,Joe Blakk,Hip-Hop / Rap / R&B,Vocals / Lyrics,1993
1-2-3 (Riddim),Junior Kilat,Reggae / Dub,Vocals / Lyrics,2017
Wu-Adalupe,Ill Mascaras,Hip-Hop / Rap / R&B,Multiple Elements,2017
My Definition,DJ Ride,Hip-Hop / Rap / R&B,Vocals / Lyrics,2007
My Definition,Diogo Gregório,Hip-Hop / Rap / R&B,Vocals / Lyrics,2007
The Sound of B.,New Beat Connection,Electronic / Dance,Vocals / Lyrics,1988
Hustle to the Bus Stop Groove (Radio Version),Dope Sound Period,Hip-Hop / Rap / R&B,Vocals / Lyrics,1990
U Want Some (Jack's Midnight Mix),Nasty Jack,Electronic / Dance,Vocals / Lyrics,1991
U Want Some (Jack's Midnight Mix),Too Smooth,Electronic / Dance,Vocals / Lyrics,1991
Nou Question,Lord Sucio,Hip-Hop / Rap / R&B,Vocals / Lyrics,2010
Nou Question,Hoprez,Hip-Hop / Rap / R&B,Vocals / Lyrics,2010
Do You Like Scratching?,DJ Skillspinz,Hip-Hop / Rap / R&B,Vocals / Lyrics,2000
Do You Like Scratching?,Big D,Hip-Hop / Rap / R&B,Vocals / Lyrics,2000
Everybody (Got to Get Some),Hithouse,Electronic / Dance,Vocals / Lyrics,1989
I'm the King,M. Walk,Hip-Hop / Rap / R&B,Vocals / Lyrics,1989
I'm the King,King Saul,Hip-Hop / Rap / R&B,Vocals / Lyrics,1989
Es La Misma Vieja Canción,Jazzy Mel,Hip-Hop / Rap / R&B,Vocals / Lyrics,1992
Keep the Faith,Gary Caos,Electronic / Dance,Vocals / Lyrics,2021
Happy Children (Summer Latino Remix),P. Lion,Electronic / Dance,Vocals / Lyrics,1991
God's House,D-Boy Rodriguez,Hip-Hop / Rap / R&B,Vocals / Lyrics,1990
HyperDrive,DJ Ten,Electronic / Dance,Vocals / Lyrics,2013
Walking,Swoope,Gospel,Vocals / Lyrics,2011
Get in to It,Capital Tax,Hip-Hop / Rap / R&B,Vocals / Lyrics,1989
I'm Leaving​.​.​.,Joel. (Aka MaG),Hip-Hop / Rap / R&B,Vocals / Lyrics,2009
Minimix,S'Express,Electronic / Dance,Vocals / Lyrics,1989
Incredible,John Dowe,Electronic / Dance,Vocals / Lyrics,1992
Deluxe,Full Circle,Hip-Hop / Rap / R&B,Vocals / Lyrics,2014
The Dumb Out,BIGREC,Hip-Hop / Rap / R&B,Vocals / Lyrics,2014
The Dumb Out,R.A. The Rugged Man,Hip-Hop / Rap / R&B,Vocals / Lyrics,2014
Technodelia (In the Beginning),Technodelia,Electronic / Dance,Vocals / Lyrics,1989
More Props (Than a Hollywood Set),A Brotha Named Quick,Hip-Hop / Rap / R&B,Vocals / Lyrics,1994
Make Way for the Motherlode,Yo-Yo,Hip-Hop / Rap / R&B,Vocals / Lyrics,1991
To the East,Nick Calaveras,Hip-Hop / Rap / R&B,Vocals / Lyrics,2010
To the East,Arrowax,Hip-Hop / Rap / R&B,Vocals / Lyrics,2010
To the East,Lms,Hip-Hop / Rap / R&B,Vocals / Lyrics,2010
To Dom,Wawson,Hip-Hop / Rap / R&B,Vocals / Lyrics,2016
To Dom,Dj Enes,Hip-Hop / Rap / R&B,Vocals / Lyrics,2016
Gettin' Busy,Anthony Wayne,Hip-Hop / Rap / R&B,Vocals / Lyrics,1991
The Anthem,Filta Freqz,Electronic / Dance,Vocals / Lyrics,2019
Female Force,MC Martay & DJ DBM,Hip-Hop / Rap / R&B,Vocals / Lyrics,1989
Flex With the Posse,Rhythm Mode:D,Electronic / Dance,Vocals / Lyrics,1989
Run to Me,E-Logic,Electronic / Dance,Vocals / Lyrics,1999
Funk Theme,Funk Daddy,Hip-Hop / Rap / R&B,Multiple Elements,1995
Ultimate Drive-By,Success - N - Effect,Hip-Hop / Rap / R&B,Vocals / Lyrics,1992
Remix X 2,Master DJ,World / Latin,Vocals / Lyrics,2001
Movimento De Rua,Thaide & DJ Hum,Hip-Hop / Rap / R&B,Vocals / Lyrics,1990
"""Bass That Tune"" Volume 1",Felix Sama,Hip-Hop / Rap / R&B,Vocals / Lyrics,1990
Nostalgics,Mr. Green,Hip-Hop / Rap / R&B,Multiple Elements,2012
Nowhere to Turn,Ayatollah,Hip-Hop / Rap / R&B,Vocals / Lyrics,2006
Side B (Ultimate Battle Weapon Vol. 5),DJ Rectangle,Hip-Hop / Rap / R&B,Vocals / Lyrics,2002
Hindi Mo Ba Alam,Kyla,Hip-Hop / Rap / R&B,Multiple Elements,2004
Hindi Mo Ba Alam,Paul Sirate (PKSO),Hip-Hop / Rap / R&B,Multiple Elements,2004
DJ Funk,Los Marginales,Hip-Hop / Rap / R&B,Vocals / Lyrics,1992
Subliminal Criminals (Mob Anthem),RhythmX,Hip-Hop / Rap / R&B,Vocals / Lyrics,1993
Subliminal Criminals (Mob Anthem),Grump,Hip-Hop / Rap / R&B,Vocals / Lyrics,1993
Subliminal Criminals (Mob Anthem),Simba (Rapper),Hip-Hop / Rap / R&B,Vocals / Lyrics,1993
Ain't to Be Fucked With,"The ""L""",Hip-Hop / Rap / R&B,Vocals / Lyrics,1993
Ain't to Be Fucked With,Rooster,Hip-Hop / Rap / R&B,Vocals / Lyrics,1993
Holocausto,Los Brujoz,Hip-Hop / Rap / R&B,Vocals / Lyrics,2002
Muskegen,Billy Dee M.C.,Hip-Hop / Rap / R&B,Vocals / Lyrics,1989
Turn It Loose,Dazzie Dee,Hip-Hop / Rap / R&B,Vocals / Lyrics,1988
Critical,Rip Government,Hip-Hop / Rap / R&B,Vocals / Lyrics,1989
Intelect 4 Specs,SDM,Hip-Hop / Rap / R&B,Vocals / Lyrics,1999
Where's the Party? (Jazzy Smut Mix),2 Too Many,Hip-Hop / Rap / R&B,Vocals / Lyrics,1992
W Połowie Drogi,Mały Esz Esz,Hip-Hop / Rap / R&B,Vocals / Lyrics,2011
W Połowie Drogi,Dj Grubaz,Hip-Hop / Rap / R&B,Vocals / Lyrics,2011
How Do Ya Feel?,RhythmX,Hip-Hop / Rap / R&B,Vocals / Lyrics,1993
Uptown,Rich Perez,Hip-Hop / Rap / R&B,Vocals / Lyrics,2014
Hyped Up,The Dogs,Hip-Hop / Rap / R&B,Vocals / Lyrics,1991
Hyped Up,Disco Rick,Hip-Hop / Rap / R&B,Vocals / Lyrics,1991
Newcomer of the Year,D.J. Rob Fresh,Hip-Hop / Rap / R&B,Vocals / Lyrics,1991
Newcomer of the Year,M.C. Hard Rard,Hip-Hop / Rap / R&B,Vocals / Lyrics,1991
T.L. Back to Yell,Danger Zone Mobb Sqwad,Hip-Hop / Rap / R&B,Vocals / Lyrics,1992
The Ablist,Rob Swift,Hip-Hop / Rap / R&B,Vocals / Lyrics,1998
High (Best Deal Mix - DJ Martin David Remix Edit),DJ Martin David,Rock / Pop,Vocals / Lyrics,2002
Pauza,Mały Esz Esz,Hip-Hop / Rap / R&B,Vocals / Lyrics,2011
Pauza,DJ Abdool,Hip-Hop / Rap / R&B,Vocals / Lyrics,2011
Seven Little Girls Sitting in the Back Seat,Bombalurina,Rock / Pop,Vocals / Lyrics,1990
3rd Movement (Adhesive Tape​/​Oh Magnetica),Penisland,Electronic / Dance,Vocals / Lyrics,2021
D.J. Dove (The Minister of Music),S.F.C.,Hip-Hop / Rap / R&B,Vocals / Lyrics,1993
Livin' in the Ghetto,Jazzy D,Hip-Hop / Rap / R&B,Vocals / Lyrics,1991
Creatures of Habit,Spunkadelic,Hip-Hop / Rap / R&B,Vocals / Lyrics,1991
Make You Mine,DJ Kaos (UK),Electronic / Dance,Vocals / Lyrics,1996
Alarm,Nate57,Hip-Hop / Rap / R&B,Vocals / Lyrics,2016
Jazzy Selectah / Skit,Rocky Marsiano,Electronic / Dance,Vocals / Lyrics,2005
Check This Out,Francesco Diaz & Young Rebels,Electronic / Dance,Vocals / Lyrics,2014
Skinny (They Can't Get Enough),Skinny Boys,Hip-Hop / Rap / R&B,Vocals / Lyrics,1988
Chaser 130,Cycheouts Ghost,Electronic / Dance,Vocals / Lyrics,2009
Let's Dance,Grand Groove (2),Hip-Hop / Rap / R&B,Vocals / Lyrics,1988
Definitely Down for Trouble,Criminal Nation,Hip-Hop / Rap / R&B,Vocals / Lyrics,1990
A Story to Be Told,Rocky Marsiano,Electronic / Dance,Vocals / Lyrics,2005
A Story to Be Told,T One,Electronic / Dance,Vocals / Lyrics,2005
A Story to Be Told,Nell Assassin,Electronic / Dance,Vocals / Lyrics,2005
Rocky's Wordless Anthem / Skit,Rocky Marsiano,Electronic / Dance,Vocals / Lyrics,2005
Rocky's Wordless Anthem / Skit,D-Fine,Electronic / Dance,Vocals / Lyrics,2005
Side A,Butchwax,Hip-Hop / Rap / R&B,Vocals / Lyrics,1999
On Like a Mac,MessyPandas,Electronic / Dance,Vocals / Lyrics,2017
Break It Like U 1,DJ Raff,Hip-Hop / Rap / R&B,Vocals / Lyrics,2006
Niepewny Grunt,Małach,Hip-Hop / Rap / R&B,Vocals / Lyrics,2014
Niepewny Grunt,Rufuz,Hip-Hop / Rap / R&B,Vocals / Lyrics,2014
A Vapid Instance,The Emphasis,Electronic / Dance,Vocals / Lyrics,1992
Let's Have Some Fun,Juvenile Committee,Hip-Hop / Rap / R&B,Vocals / Lyrics,1990
"Use Your Luv (DJ X 12"" Mix Show)",DJ X,Electronic / Dance,Vocals / Lyrics,2000
Puppet Master,Existence,Hip-Hop / Rap / R&B,Vocals / Lyrics,2011
Puppet Master,Emcee HUFF,Hip-Hop / Rap / R&B,Vocals / Lyrics,2011
Three Bells,Bombalurina,Rock / Pop,Vocals / Lyrics,1990
Do You Wanna Acid,The Boozin' Bang 'N' Dance Crew,Electronic / Dance,Vocals / Lyrics,1989
Universal,Insight,Hip-Hop / Rap / R&B,Vocals / Lyrics,2000
Universal,Mr. Lif,Hip-Hop / Rap / R&B,Vocals / Lyrics,2000
This Is Ska (The Hot Skaddy Mix),Longsy D,Electronic / Dance,Vocals / Lyrics,1989
Blow the Whole Joint Up (Decks 'N' Drugs 'N' Rock 'N' Roll Mix),Monkey Mafia,Electronic / Dance,Vocals / Lyrics,1994
Side a (Battle Wax Vol. 2),DJ Rectangle,Hip-Hop / Rap / R&B,Vocals / Lyrics,2004
Sei Kein Frosch (Michael Mind Karneval Edit),Alexander Marcus,Electronic / Dance,Vocals / Lyrics,2008
Keep on Scratchin',IAM,Hip-Hop / Rap / R&B,Vocals / Lyrics,1992
118th Hustle,DJ Tonk,Hip-Hop / Rap / R&B,Vocals / Lyrics,2003
118th Hustle,Dj Aki Bo,Hip-Hop / Rap / R&B,Vocals / Lyrics,2003
I Wanna Dance,Donghae & Eunhyuk,Electronic / Dance,Vocals / Lyrics,2014
Datumultuousnite,Bulljun,Hip-Hop / Rap / R&B,Vocals / Lyrics,2008
Bully Breaks 2 (Side A),DJ Craze,Hip-Hop / Rap / R&B,Vocals / Lyrics,2003
It's Just Begun,DJ Doom,Hip-Hop / Rap / R&B,Vocals / Lyrics,2013
It's Just Begun,Nusto,Hip-Hop / Rap / R&B,Vocals / Lyrics,2013
It's Just Begun,El Da Sensei,Hip-Hop / Rap / R&B,Vocals / Lyrics,2013
It's Just Begun,Large Professor,Hip-Hop / Rap / R&B,Vocals / Lyrics,2013
It's Just Begun,Tony Touch,Hip-Hop / Rap / R&B,Vocals / Lyrics,2013
Bridges & Raps,Sotu the Traveller,Hip-Hop / Rap / R&B,Vocals / Lyrics,2007
King of Rock (X-Ecutioners Remix),Run-DMC,Hip-Hop / Rap / R&B,Vocals / Lyrics,2003
Kabuki,Zero G,Hip-Hop / Rap / R&B,Vocals / Lyrics,2018
Dubz in Da Air,Celly Cel,Hip-Hop / Rap / R&B,Vocals / Lyrics,2013
Dubz in Da Air,Young Maylay,Hip-Hop / Rap / R&B,Vocals / Lyrics,2013
Software,Creutzfeld & Jakob,Hip-Hop / Rap / R&B,Vocals / Lyrics,2000
Software,Lenny,Hip-Hop / Rap / R&B,Vocals / Lyrics,2000
Software,Meron,Hip-Hop / Rap / R&B,Vocals / Lyrics,2000
Power Bass Ultra Mix,Techmaster P.E.B.,Hip-Hop / Rap / R&B,Vocals / Lyrics,1991
Straight to the Dome,Skinny Boys,Hip-Hop / Rap / R&B,Vocals / Lyrics,1988
You Are Not Ready (Bazooka Remix),Aggroman,Electronic / Dance,Vocals / Lyrics,2006
You Are Not Ready (Bazooka Remix),Bazooka (Jungle & Hardcore),Electronic / Dance,Vocals / Lyrics,2006
Pete's Theme,Finesse & Showbiz,Hip-Hop / Rap / R&B,Vocals / Lyrics,1993
Graven Fuel,Howardian,Rock / Pop,Vocals / Lyrics,2016
My House,Silk E,Hip-Hop / Rap / R&B,Vocals / Lyrics,1999
My House,Gonzoe,Hip-Hop / Rap / R&B,Vocals / Lyrics,1999
Jimmie's Jam,DJ Jimmie Jam,Hip-Hop / Rap / R&B,Vocals / Lyrics,1997
Contra Dixion,La Pozze Latina,Hip-Hop / Rap / R&B,Vocals / Lyrics,1996
Hard Rhyme Composer,Smooth J. Smoothe,Hip-Hop / Rap / R&B,Vocals / Lyrics,1990
Hard Rhyme Composer,DJ Nasty,Hip-Hop / Rap / R&B,Vocals / Lyrics,1990
Baddest Mutha on 2 Turntables (Club Mix),Sway & King Tech,Hip-Hop / Rap / R&B,Vocals / Lyrics,1990
Something to Say,Pacewon,Hip-Hop / Rap / R&B,Vocals / Lyrics,2012
Something to Say,Mr. Green,Hip-Hop / Rap / R&B,Vocals / Lyrics,2012
Something to Say,Masta Ace,Hip-Hop / Rap / R&B,Vocals / Lyrics,2012
Move Like Vibert,Kettama,Electronic / Dance,Vocals / Lyrics,2021
Star Megamix,Bally Sagoo,World / Latin,Vocals / Lyrics,1990
Remember the Time,Sean Price,Hip-Hop / Rap / R&B,Vocals / Lyrics,2019
Remember the Time,Lil' Fame,Hip-Hop / Rap / R&B,Vocals / Lyrics,2019
Remember the Time,Illa Ghee,Hip-Hop / Rap / R&B,Vocals / Lyrics,2019
James Brown Pt. 2,LMNO,Hip-Hop / Rap / R&B,Vocals / Lyrics,2010
James Brown Pt. 2,LD,Hip-Hop / Rap / R&B,Vocals / Lyrics,2010
Peace,E.M.S. & the Posse,Hip-Hop / Rap / R&B,Vocals / Lyrics,1990
Elements (Regular Mix),Lemon-Lime,Hip-Hop / Rap / R&B,Vocals / Lyrics,1989
Spanics,Eptos Uno,Hip-Hop / Rap / R&B,Vocals / Lyrics,2013
Spanics,Elote El Barbaro,Hip-Hop / Rap / R&B,Vocals / Lyrics,2013
Megamix,Confetti's,Electronic / Dance,Vocals / Lyrics,1989
Begs No Friends,Strickly Roots,Hip-Hop / Rap / R&B,Vocals / Lyrics,1993
Get Busy,Vinegar,Electronic / Dance,Vocals / Lyrics,1991
Space Split,Liza N' Eliaz,Electronic / Dance,Vocals / Lyrics,1991
Takin-Charge,Black Pearl Productions,Hip-Hop / Rap / R&B,Multiple Elements,1990
Da-Bona,B.O.$.,Hip-Hop / Rap / R&B,Vocals / Lyrics,1991
If It Was Up to Me,Nomadik Mind Travlers,Hip-Hop / Rap / R&B,Vocals / Lyrics,1999
"Slice, I Get Nice",Grandmaster Slice,Hip-Hop / Rap / R&B,Vocals / Lyrics,1989
"Slice, I Get Nice",Izzy Chill,Hip-Hop / Rap / R&B,Vocals / Lyrics,1989
And the Needle Fuck Up,Deep Bass 909,Electronic / Dance,Vocals / Lyrics,2016
Roll Wit the Yaggfu,Yaggfu Front,Hip-Hop / Rap / R&B,Vocals / Lyrics,2002
Take a Fix of Funk,Kash Da Masta,Hip-Hop / Rap / R&B,Vocals / Lyrics,1990
Take a Fix of Funk,D.J. Weet.A.Mix,Hip-Hop / Rap / R&B,Vocals / Lyrics,1990
Check What You're Listening To,Public Enemy,Hip-Hop / Rap / R&B,Vocals / Lyrics,2005
X Is in Effect,B-Boy-X and the 13th District Posse,Hip-Hop / Rap / R&B,Vocals / Lyrics,1989
Coming Up Hard,Total Devastation,Hip-Hop / Rap / R&B,Vocals / Lyrics,1990
Bits & Pieces 88 (Side A),Bits & Pieces (Dynamite Mixers),Electronic / Dance,Vocals / Lyrics,1988
Say It Loud,Rodney O and Joe Cooley,Hip-Hop / Rap / R&B,Multiple Elements,1990
Cut Master Crash,Gigolo Tony,Hip-Hop / Rap / R&B,Vocals / Lyrics,1987
Bring Hip Hop Back,Cipher Complete,Hip-Hop / Rap / R&B,Vocals / Lyrics,1998
Um,Losfeld,Electronic / Dance,Multiple Elements,2000
Old School Throwdown,X-Ecutioners,Hip-Hop / Rap / R&B,Vocals / Lyrics,2004
At Any Cost,Science Faxtion,Rock / Pop,Vocals / Lyrics,2008
Skrech I Dello,DJ Munja,Hip-Hop / Rap / R&B,Vocals / Lyrics,2011
Skrech I Dello,DJ Del Rodney,Hip-Hop / Rap / R&B,Vocals / Lyrics,2011
Fais Monter La Pression,Le Vrai Ben,Hip-Hop / Rap / R&B,Vocals / Lyrics,2009
Street Knowledge,Gankster Ryme Mistro,Hip-Hop / Rap / R&B,Vocals / Lyrics,1995
"Alerta Corazon ""Casablanca Mix"" (12"" Version)",Azucar Moreno,Rock / Pop,Vocals / Lyrics,1988
Poster Lagwado Bazaar Mein,Dilip Sen-Sameer Sen,World / Latin,Vocals / Lyrics,1997
Poster Lagwado Bazaar Mein,Lalit Sen,World / Latin,Vocals / Lyrics,1997
Poster Lagwado Bazaar Mein,Shweta Shetty,World / Latin,Vocals / Lyrics,1997
Dopemix Vol. 1,DJ Prince Ice,Hip-Hop / Rap / R&B,Vocals / Lyrics,1988
Raid With a Guage,Bass Patrol,Hip-Hop / Rap / R&B,Vocals / Lyrics,1992
Business as Usual,Dr. Jones,Hip-Hop / Rap / R&B,Vocals / Lyrics,2009
Skeezer,MC Gemini,Hip-Hop / Rap / R&B,Vocals / Lyrics,1989
Skeezer,Jealous J,Hip-Hop / Rap / R&B,Vocals / Lyrics,1989
La Tercera Division,DJ Raff,Hip-Hop / Rap / R&B,Vocals / Lyrics,2001
La Tercera Division,Solo Di Medina,Hip-Hop / Rap / R&B,Vocals / Lyrics,2001
Ain't Nuthin Nice,MC J' Ro 'J,Hip-Hop / Rap / R&B,Vocals / Lyrics,1988
Amor Confuso,Tiro De Gracia,Hip-Hop / Rap / R&B,Vocals / Lyrics,2008
Autodidactas,Arma Blanca,Hip-Hop / Rap / R&B,Vocals / Lyrics,2007
I Did It Like This,Ugly Duckling,Hip-Hop / Rap / R&B,Vocals / Lyrics,2000
Step Off,MC Twist,Hip-Hop / Rap / R&B,Vocals / Lyrics,1990
Laying It Down,PFP,Hip-Hop / Rap / R&B,Vocals / Lyrics,1990
Parkay,Society,Hip-Hop / Rap / R&B,Vocals / Lyrics,1994
Can't Hold Us Down (Babigezus Mix),Babigezus and Da Allstars,Hip-Hop / Rap / R&B,Vocals / Lyrics,1996
Can't Hold Us Down (Babigezus Mix),Greg Nice,Hip-Hop / Rap / R&B,Vocals / Lyrics,1996
Be Ya Self,Tarsha Vega,Rock / Pop,Vocals / Lyrics,2000
Don't Make Me Over,Francis M.,Hip-Hop / Rap / R&B,Vocals / Lyrics,1990
Headhunter (Made of Order Mix for Overnight),Front 242,Electronic / Dance,Vocals / Lyrics,1990
La Fuerza De Los Verdaderos,Inkognito,Hip-Hop / Rap / R&B,Vocals / Lyrics,2010
I'm the Master,.9 Milli,Hip-Hop / Rap / R&B,Vocals / Lyrics,1991
Klasyka Gatunku II,Patokalipsa,Hip-Hop / Rap / R&B,Vocals / Lyrics,2017
Scratch (Interlude),DJ Unwind,Hip-Hop / Rap / R&B,Vocals / Lyrics,2006
Spin to the Grooveline (Convoy Mix),The Box,Hip-Hop / Rap / R&B,Vocals / Lyrics,1990
Up Jumped the Boogie,Bliss N Eso,Hip-Hop / Rap / R&B,Vocals / Lyrics,2006
War of the Worlds (Oakland Style),Juanito (FX),Electronic / Dance,Vocals / Lyrics,1989
I Got the Knack,Everlast,Hip-Hop / Rap / R&B,Vocals / Lyrics,1989
Toată Noaptea (Versiunea Cenzurată),Verbal (Romanian Hip-hop),Hip-Hop / Rap / R&B,Multiple Elements,2005
Toată Noaptea (Versiunea Cenzurată),Puya (Romanian Hip-hop),Hip-Hop / Rap / R&B,Multiple Elements,2005
Ryme Boss,Just for Kicks JFK,Hip-Hop / Rap / R&B,Vocals / Lyrics,1990
Ryme Boss,The Ryme Boss,Hip-Hop / Rap / R&B,Vocals / Lyrics,1990
The Predator,Overlord X,Hip-Hop / Rap / R&B,Vocals / Lyrics,1990
Childhood,Subculture Sage,Hip-Hop / Rap / R&B,Vocals / Lyrics,2013
Intro: Front Door,N.O.T.S.,Hip-Hop / Rap / R&B,Vocals / Lyrics,1994
Poet With Soul,Def Jef,Hip-Hop / Rap / R&B,Vocals / Lyrics,1989
I Run This,Slick Rick,Hip-Hop / Rap / R&B,Vocals / Lyrics,1999
Lisa Baby (Hip Hop Fat Mix),Father MC,Hip-Hop / Rap / R&B,Vocals / Lyrics,1991
Make Room for the Dub.B.U.,Low Profile,Hip-Hop / Rap / R&B,Vocals / Lyrics,1989
Who's Got Your Love (Lazaro Mendez' Universal Hip Hop Bass Music Classic Dance),Nyasia,Electronic / Dance,Vocals / Lyrics,1992
El Show Del Señor De Jota Jonta,Caballeros Del Plan G,Hip-Hop / Rap / R&B,Vocals / Lyrics,2004
El Show Del Señor De Jota Jonta,Dj Jonta,Hip-Hop / Rap / R&B,Vocals / Lyrics,2004
Ace Is a Spade,Overweight Pooch,Hip-Hop / Rap / R&B,Vocals / Lyrics,1991
Don't Stop the Music,Cameron Paul,Electronic / Dance,Vocals / Lyrics,1988
Eyes Wide Shut,Skyzoo,Hip-Hop / Rap / R&B,Vocals / Lyrics,2020
Introvista,Cuarto Universo,Hip-Hop / Rap / R&B,Vocals / Lyrics,2007
Introvista,Soulsquad,Hip-Hop / Rap / R&B,Vocals / Lyrics,2007
Rapline II,IAM,Hip-Hop / Rap / R&B,Vocals / Lyrics,1991
"Deuce, Ace, Housin'",Tuff Crew,Hip-Hop / Rap / R&B,Vocals / Lyrics,1988
Carol,Jonwayne,Hip-Hop / Rap / R&B,Vocals / Lyrics,2018
Yankee Girl,Liquid Soul,Soul / Funk / Disco,Vocals / Lyrics,1998
New New York,Tes,Hip-Hop / Rap / R&B,Vocals / Lyrics,2003
Happiness,Bounce Brigade,Electronic / Dance,Vocals / Lyrics,2007
Midas Touch,Awon,Hip-Hop / Rap / R&B,Vocals / Lyrics,2013
Midas Touch,Phoniks,Hip-Hop / Rap / R&B,Vocals / Lyrics,2013
Mr DJ,BOSE,Electronic / Dance,Vocals / Lyrics,1996
Enfant D'Une Epoque,HK & Les Saltimbanks,Hip-Hop / Rap / R&B,Vocals / Lyrics,2010
eRplaści,Rymoplastykon,Hip-Hop / Rap / R&B,Vocals / Lyrics,2007
"1, 2, 3... Rhymes Galore (DJ Desue Remix)",DJ Tomekk,Hip-Hop / Rap / R&B,Vocals / Lyrics,1999
Come Along,Juggaknots,Hip-Hop / Rap / R&B,Vocals / Lyrics,2002
Rude Boyz Gettin' Funky,L. D. Jam INC.,Electronic / Dance,Vocals / Lyrics,1990
Feel the Hip (Dezz-A-Dub),Neil Hawaiian House,Electronic / Dance,Multiple Elements,1989
U R Here,Wagon Christ,Electronic / Dance,Vocals / Lyrics,2020
Geld Abheben,Fettes Brot,Hip-Hop / Rap / R&B,Vocals / Lyrics,1998
All Right,Visionaries,Hip-Hop / Rap / R&B,Vocals / Lyrics,2006
89 Dynamite Mix (R/U/Def?) Mix,Bits & Pieces (Dynamite Mixers),Electronic / Dance,Vocals / Lyrics,1989
Życie W Ciągłym Stresie,DJ Soina,Hip-Hop / Rap / R&B,Vocals / Lyrics,2013
Życie W Ciągłym Stresie,Buczer,Hip-Hop / Rap / R&B,Vocals / Lyrics,2013
Życie W Ciągłym Stresie,Cegła,Hip-Hop / Rap / R&B,Vocals / Lyrics,2013
Dîners en Ville,brAque,Electronic / Dance,Vocals / Lyrics,2015
1984,Inteus,Hip-Hop / Rap / R&B,Vocals / Lyrics,2019
4 Sonny,Marqueal Jordan,Jazz / Blues,Vocals / Lyrics,2013
London Beats Vol. 1,London Beats,Soul / Funk / Disco,Vocals / Lyrics,1987
At My House (The Apachies / N.Y. Acid Dust Mix),Frankie Bones,Electronic / Dance,Vocals / Lyrics,1988
Ik Lig Op M'n Kussen Stil Te Dromen ('89 Versie),Hepie & Hepie,Electronic / Dance,Vocals / Lyrics,1989
"Are You Free (12"" Spearmint Mix)",Mint Condition,Hip-Hop / Rap / R&B,Vocals / Lyrics,1991
Car Hoppin' Ho,N.D.D.,Hip-Hop / Rap / R&B,Vocals / Lyrics,1994
Ain't Nuttin' Changed! (Remix),Bell Biv DeVoe,Hip-Hop / Rap / R&B,Vocals / Lyrics,1991
This Is a Jam,Demon Boyz,Hip-Hop / Rap / R&B,Vocals / Lyrics,1987
Where I'm From,DJ Delirium,Electronic / Dance,Multiple Elements,1996
Where I'm From,Guitar Rob,Electronic / Dance,Multiple Elements,1996
Paradise 25,Herb Alpert,Jazz / Blues,Vocals / Lyrics,1991
13 (Blend),DJ Soina,Hip-Hop / Rap / R&B,Vocals / Lyrics,2011
13 (Blend),Waldemar Kasta,Hip-Hop / Rap / R&B,Vocals / Lyrics,2011
Don't Stop the Mix,Juanito (FX),Electronic / Dance,Vocals / Lyrics,1988
Here's Looking at You,Teena Marie,Hip-Hop / Rap / R&B,Vocals / Lyrics,1990
Don't Play Me,F.S. Effect,Hip-Hop / Rap / R&B,Vocals / Lyrics,1991
Rave Stomp II,Ace-1,Electronic / Dance,Vocals / Lyrics,2003
Tropical Soul,Tino,Electronic / Dance,Vocals / Lyrics,1998
Nueve P,Nazión Sur,Hip-Hop / Rap / R&B,Vocals / Lyrics,1993
Don't Stop,Celine,Electronic / Dance,Vocals / Lyrics,1991
Bellee Buss (Don't Make Me Laugh),Kardinal Offishall,Hip-Hop / Rap / R&B,Vocals / Lyrics,1997
DORZUĆ DYSZKĘ,Undadasea,Hip-Hop / Rap / R&B,Vocals / Lyrics,2020
DORZUĆ DYSZKĘ,Kuba Knap,Hip-Hop / Rap / R&B,Vocals / Lyrics,2020
Puro Imbento,Francis M.,Hip-Hop / Rap / R&B,Vocals / Lyrics,1993
Do This,MC Rod,Hip-Hop / Rap / R&B,Vocals / Lyrics,1993
Let's Dance,Poe Hustlers,Hip-Hop / Rap / R&B,Vocals / Lyrics,1990
L.L Brothers No Theme,L.L Brothers,Hip-Hop / Rap / R&B,Vocals / Lyrics,1991
The Neighborhood Haps,Poison Clan,Hip-Hop / Rap / R&B,Vocals / Lyrics,1990
It's Up to You (The Television Mix 1992),Steinski,Hip-Hop / Rap / R&B,Vocals / Lyrics,1992
It's Up to You (The Television Mix 1992),The Mass Media,Hip-Hop / Rap / R&B,Vocals / Lyrics,1992
Don't U Realise,Dougal,Electronic / Dance,Vocals / Lyrics,1998
Don't U Realise,Mickey Skeedale,Electronic / Dance,Vocals / Lyrics,1998
Bombo Clap,Violadores Del Verso,Hip-Hop / Rap / R&B,Vocals / Lyrics,2002
Bombo Clap,Rebel,Hip-Hop / Rap / R&B,Vocals / Lyrics,2002
Sample That! (Tropical House Mix),24-7-365,Electronic / Dance,Vocals / Lyrics,1989
Whayback,Artifacts,Hip-Hop / Rap / R&B,Vocals / Lyrics,1994
Check Out the Chicken,Grandmaster Chicken & D.J. Duck,Hip-Hop / Rap / R&B,Vocals / Lyrics,1989
Clef De Sous-Sol,Assassin,Hip-Hop / Rap / R&B,Vocals / Lyrics,1996
PapaNegro,PapaNegro,Soul / Funk / Disco,Vocals / Lyrics,2003
Me Habló La Televisión,Alaska Y Dinarama,Electronic / Dance,Vocals / Lyrics,1989
Final Chapter,Compton's Most Wanted,Hip-Hop / Rap / R&B,Vocals / Lyrics,1990
Rhyme With the Beat,Marty G,Hip-Hop / Rap / R&B,Vocals / Lyrics,1988
Rhyme With the Beat,The C.T. Posse,Hip-Hop / Rap / R&B,Vocals / Lyrics,1988
Rhymin & Stealing,The Blow Pop Crew,Hip-Hop / Rap / R&B,Vocals / Lyrics,1988
Check This Out,George Centeno,Electronic / Dance,Vocals / Lyrics,1999
Play,Amen Andrews,Electronic / Dance,Vocals / Lyrics,2006
Play,Spac Hand Luke,Electronic / Dance,Vocals / Lyrics,2006
Fat Tape,King Sun,Hip-Hop / Rap / R&B,Vocals / Lyrics,1989
Love Iz,Erick Sermon,Hip-Hop / Rap / R&B,Vocals / Lyrics,2002
Funky Lovechild (Live),Pizzicato Five,Rock / Pop,Vocals / Lyrics,1993
Another Monster Jam,Simon Harris,Electronic / Dance,Vocals / Lyrics,1989
Another Monster Jam,Einstein,Electronic / Dance,Vocals / Lyrics,1989
8 Volt Mix (Long Version),DJ Battery Brain,Hip-Hop / Rap / R&B,Vocals / Lyrics,1988
Throw Down,Gregory D,Hip-Hop / Rap / R&B,Vocals / Lyrics,1987
Throw Down,Mannie Fresh,Hip-Hop / Rap / R&B,Vocals / Lyrics,1987
I Keep Calling,80 Empire,Hip-Hop / Rap / R&B,Vocals / Lyrics,2020
I Keep Calling,Masta Ace,Hip-Hop / Rap / R&B,Vocals / Lyrics,2020
I Keep Calling,Frank Castle,Hip-Hop / Rap / R&B,Vocals / Lyrics,2020
I Keep Calling,Statik Selektah,Hip-Hop / Rap / R&B,Vocals / Lyrics,2020
DJ-N-Effect,DJ Battlecat,Hip-Hop / Rap / R&B,Vocals / Lyrics,1988
Physical (Kreature Remix),COEO,Electronic / Dance,Vocals / Lyrics,2014
Oh Bad Boy,Omar Santana,Electronic / Dance,Vocals / Lyrics,1997
Abba Abba,Hool's Hardcore Experience,Electronic / Dance,Multiple Elements,1994
May the Force Be With You,Prince Vince,Hip-Hop / Rap / R&B,Vocals / Lyrics,1989
May the Force Be With You,The Hip Hop Force,Hip-Hop / Rap / R&B,Vocals / Lyrics,1989
The Boombox Saints,RedCloud,Hip-Hop / Rap / R&B,Vocals / Lyrics,2007
Foreign Affair,J.T. And the Big Family,Hip-Hop / Rap / R&B,Vocals / Lyrics,1989
이젠 나를 (Give Me a Chance),Solid,Hip-Hop / Rap / R&B,Vocals / Lyrics,1993
The Tables Are Turnin',CJ Mackintosh,Hip-Hop / Rap / R&B,Vocals / Lyrics,1987
The Tables Are Turnin',Einstein,Hip-Hop / Rap / R&B,Vocals / Lyrics,1987
Christmas Is,Run-DMC,Hip-Hop / Rap / R&B,Vocals / Lyrics,1992
Treats in the Streets,Wagon Christ,Electronic / Dance,Vocals / Lyrics,2001
Knock Knock,Da Homlez,Hip-Hop / Rap / R&B,Vocals / Lyrics,1995
International Rhythm (International Club Mix),World Wide Rhythm,Electronic / Dance,Vocals / Lyrics,1992
Aye,ReTo,Hip-Hop / Rap / R&B,Vocals / Lyrics,2016
Ay! Que Mal Día,M.C. Ninja,Hip-Hop / Rap / R&B,Vocals / Lyrics,1991
Feel the Rhythm,D-Night,Electronic / Dance,Vocals / Lyrics,1998
Evacuate the Dancefloor (PH Elektro Mix),Cascada,Electronic / Dance,Vocals / Lyrics,2009
Vandalos,Beatfreaks,Hip-Hop / Rap / R&B,Vocals / Lyrics,2010
Vandalos,Salvaje Decibel,Hip-Hop / Rap / R&B,Vocals / Lyrics,2010
Dumb Dunces,Theory Hazit,Hip-Hop / Rap / R&B,Vocals / Lyrics,2007
Dumb Dunces,K-Drama,Hip-Hop / Rap / R&B,Vocals / Lyrics,2007
Here We Go Again,Totally Insane,Hip-Hop / Rap / R&B,Vocals / Lyrics,1993
Yo Baby (Remix),White Knight,Electronic / Dance,Vocals / Lyrics,1989
2009 Rap Up,Skillz,Hip-Hop / Rap / R&B,Vocals / Lyrics,2010
Doin' Alright,Collective Efforts,Hip-Hop / Rap / R&B,Vocals / Lyrics,2005
All Over Your Face (Hip-Hop RMX),H2O (House),Hip-Hop / Rap / R&B,Vocals / Lyrics,1999
I'm Your Wild Thang,Mamado & She,Hip-Hop / Rap / R&B,Vocals / Lyrics,1989
Quantum Cyborg Drum Machine,DJ Spooky,Hip-Hop / Rap / R&B,Vocals / Lyrics,2005
Quantum Cyborg Drum Machine,Dave Lombardo,Hip-Hop / Rap / R&B,Vocals / Lyrics,2005
Quantum Cyborg Drum Machine,Vernon Reid,Hip-Hop / Rap / R&B,Vocals / Lyrics,2005
Pump Up the Jam (Mixx-It),Technotronic,Electronic / Dance,Vocals / Lyrics,1989
Busted Choir,Re-Style,Electronic / Dance,Vocals / Lyrics,2006
Scratch on Scratch,Dj Euge,Hip-Hop / Rap / R&B,Vocals / Lyrics,1999
Just Another Killer,Schoolly D,Hip-Hop / Rap / R&B,Vocals / Lyrics,1991
Back to the Scene of the Bass,Terminator X,Hip-Hop / Rap / R&B,Vocals / Lyrics,1991
La Vie,Deno,Hip-Hop / Rap / R&B,Vocals / Lyrics,2016
La Vie,Morsay,Hip-Hop / Rap / R&B,Vocals / Lyrics,2016
La Vie,Wyss,Hip-Hop / Rap / R&B,Vocals / Lyrics,2016
The Fury,Hip Hop Culture,Hip-Hop / Rap / R&B,Vocals / Lyrics,1990
A Byte of AMC,Bleep,Electronic / Dance,Vocals / Lyrics,1989
Yesterday Once More (Every Sha La La La),Jam Tronik,Electronic / Dance,Vocals / Lyrics,1991
Continental Break Fest,Ursula 1000,Electronic / Dance,Vocals / Lyrics,2002
Sweetheart,Hi-Five,Hip-Hop / Rap / R&B,Vocals / Lyrics,1990
One,DJ Tonka,Electronic / Dance,Vocals / Lyrics,2004
One,Whiteman,Electronic / Dance,Vocals / Lyrics,2004
One,Juliette,Electronic / Dance,Vocals / Lyrics,2004
Stringz (Hakke Von Gevorderden),Chosen Few,Electronic / Dance,Vocals / Lyrics,1993
Tindermatch,Antilopen Gang,Hip-Hop / Rap / R&B,Vocals / Lyrics,2017
Ibiza Mix Numero 6,Los Hijos Del Sol,Electronic / Dance,Vocals / Lyrics,1989
All Over the World (I See MONSTAS Remix),Above & Beyond,Electronic / Dance,Vocals / Lyrics,2015
All Over the World (I See MONSTAS Remix),Alex Vargas,Electronic / Dance,Vocals / Lyrics,2015
Run Along,WBBL,Electronic / Dance,Vocals / Lyrics,2012
Fun,Carmen Electra,Hip-Hop / Rap / R&B,Vocals / Lyrics,1992
Here We Go Again,Poor Righteous Teachers,Hip-Hop / Rap / R&B,Vocals / Lyrics,1993
In Zaire,Radiorama,Electronic / Dance,Vocals / Lyrics,1990
In Zaire,MC Ya,Electronic / Dance,Vocals / Lyrics,1990
Honey Boom,Sugar 'N' Spice,Hip-Hop / Rap / R&B,Vocals / Lyrics,1988
I Can Phil It,Luke Vibert,Electronic / Dance,Vocals / Lyrics,2015
Mi Fresh,Poor Righteous Teachers,Hip-Hop / Rap / R&B,Multiple Elements,1993
The Music Maker,Cash Money & Marvelous,Hip-Hop / Rap / R&B,Vocals / Lyrics,1988
Day by Day (Club Mix),Jackie Moore (2),Electronic / Dance,Vocals / Lyrics,1991
How Ya Livin',Low Profile,Hip-Hop / Rap / R&B,Vocals / Lyrics,1989
I Can Handle It,Mister Mixi,Hip-Hop / Rap / R&B,Vocals / Lyrics,1990
I Can Handle It,Skinny Scotty,Hip-Hop / Rap / R&B,Vocals / Lyrics,1990
Can I Get a Witness,DC Talk,Gospel,Vocals / Lyrics,1990
The Record Breaking,Chain Reaction (Hardstyle),Electronic / Dance,Vocals / Lyrics,2013
In the End,The Multidubbers,Electronic / Dance,Vocals / Lyrics,2002
Deedz in Da Mix,Innernational,Hip-Hop / Rap / R&B,Vocals / Lyrics,1999
The Bass That Ate Miami,Maggotron Crushing Crew,Hip-Hop / Rap / R&B,Vocals / Lyrics,1988
Do You Know What I'm Saying,Partner in Crime,Hip-Hop / Rap / R&B,Vocals / Lyrics,1988
Do You Know What I'm Saying,Easy L.G.,Hip-Hop / Rap / R&B,Vocals / Lyrics,1988
Paranoid,Ganksta N-I-P,Hip-Hop / Rap / R&B,Vocals / Lyrics,1992
Back Stage Pacin',Brother Ali,Hip-Hop / Rap / R&B,Multiple Elements,2003
Heute Nacht,Torch,Hip-Hop / Rap / R&B,Vocals / Lyrics,2000
Heute Nacht,Boulevard Bou,Hip-Hop / Rap / R&B,Vocals / Lyrics,2000
The Chase,Royal House,Electronic / Dance,Vocals / Lyrics,1988
Rapping With Dr. Wruth,Positive Phorce,Hip-Hop / Rap / R&B,Vocals / Lyrics,1987
Rapping With Dr. Wruth,Lisa Carroll,Hip-Hop / Rap / R&B,Vocals / Lyrics,1987
(I Commenti Su) YouTube,Fritz Da Cat,Hip-Hop / Rap / R&B,Vocals / Lyrics,2013
(I Commenti Su) YouTube,Dargen D'Amico,Hip-Hop / Rap / R&B,Vocals / Lyrics,2013
He Is DJ Crash,Gigolo Tony,Hip-Hop / Rap / R&B,Vocals / Lyrics,1989
Oldie but Goodie (Remix),Rodney O and Joe Cooley,Hip-Hop / Rap / R&B,Vocals / Lyrics,1991
Slamjam,Fred & Ginger,Electronic / Dance,Vocals / Lyrics,1998
Breaking Point,A.Y.B Force,Hip-Hop / Rap / R&B,Vocals / Lyrics,2006
12 Inches the Hard Way,Mr. Wax Master Torey,Hip-Hop / Rap / R&B,Vocals / Lyrics,1987
12 Inches the Hard Way,DJ Sound Machine,Hip-Hop / Rap / R&B,Vocals / Lyrics,1987
Najwyraźniej,Deemz,Hip-Hop / Rap / R&B,Vocals / Lyrics,2016
Najwyraźniej,ReTo,Hip-Hop / Rap / R&B,Vocals / Lyrics,2016
"Funky, Funky Rhymes",Little Shawn,Hip-Hop / Rap / R&B,Vocals / Lyrics,1992
Scratch Weapons & Tools Vol 1,X-Change,Hip-Hop / Rap / R&B,Vocals / Lyrics,2011
Back to Life (Ultimix),Soul II Soul,Rock / Pop,Vocals / Lyrics,1990
Rat Bastard,Prime Minister Pete Nice,Hip-Hop / Rap / R&B,Vocals / Lyrics,1993
Rat Bastard,Daddy Rich,Hip-Hop / Rap / R&B,Vocals / Lyrics,1993
"Are You Free (12"" Peppermint Mix)",Mint Condition,Hip-Hop / Rap / R&B,Vocals / Lyrics,1991
King De Boulogne,Zoxea,Hip-Hop / Rap / R&B,Vocals / Lyrics,2005
Dale Huevo,M.C. Ninja,Hip-Hop / Rap / R&B,Vocals / Lyrics,1991
Black Hole Niggas (Don't Give a Fuck),Black Hole Posse,Hip-Hop / Rap / R&B,Vocals / Lyrics,1993
Give It a Rest (Why Club Rhythm Mix),She Rockers,Hip-Hop / Rap / R&B,Vocals / Lyrics,1990
Give It a Rest (Why Club Rhythm Mix),Betty Boo,Hip-Hop / Rap / R&B,Vocals / Lyrics,1990
Roadrunner,Chi-Ali,Hip-Hop / Rap / R&B,Vocals / Lyrics,1992
Roadrunner,Trugoy the Dove,Hip-Hop / Rap / R&B,Vocals / Lyrics,1992
Let Me Hear You Scream,Kooley C,Hip-Hop / Rap / R&B,Vocals / Lyrics,1988
Oxford House,Juan Ramos,Electronic / Dance,Vocals / Lyrics,2019
Here Comes That Sound,Simon Harris,Electronic / Dance,Vocals / Lyrics,1988
Trippin' With Dick Vitale,Kid Rock,Hip-Hop / Rap / R&B,Vocals / Lyrics,1993
The Basics,Epik High,Hip-Hop / Rap / R&B,Vocals / Lyrics,2004
The Basics,UnknownDJs,Hip-Hop / Rap / R&B,Vocals / Lyrics,2004
Hot Damn I'm Great,Poor Righteous Teachers,Hip-Hop / Rap / R&B,Vocals / Lyrics,1991
No Joke,Harmony,Hip-Hop / Rap / R&B,Vocals / Lyrics,1987
How Not to Get Jerked,Boogie Down Productions,Hip-Hop / Rap / R&B,Vocals / Lyrics,1992
Shake It Up and Dance,Masterboy,Electronic / Dance,Vocals / Lyrics,1991
Beats to the Rhyme (Video Version),Run-DMC,Hip-Hop / Rap / R&B,Multiple Elements,1988
Hit List,Ganksta Hank Productions,Hip-Hop / Rap / R&B,Vocals / Lyrics,1992
Hit List,Tha R.A.N.,Hip-Hop / Rap / R&B,Vocals / Lyrics,1992
Mira Niñita,DJ Bitman,Electronic / Dance,Vocals / Lyrics,2006
Dope Mix,Rob Base,Hip-Hop / Rap / R&B,Vocals / Lyrics,1989
No More Mister Nice Guy,Kool G Rap & DJ Polo,Hip-Hop / Rap / R&B,Vocals / Lyrics,1996
ブラザーズ,Rhymester,Hip-Hop / Rap / R&B,Vocals / Lyrics,1999
Scratch Weapons & Tools Vol 2,X-Change,Hip-Hop / Rap / R&B,Vocals / Lyrics,2012
Deputy Willie's One Tough Chap!,Riyou Kinugasa,Soundtrack / Library,Vocals / Lyrics,2010
Deputy Willie's One Tough Chap!,Takuya Kobayashi,Soundtrack / Library,Vocals / Lyrics,2010
Deputy Willie's One Tough Chap!,Hiromi Mizutani,Soundtrack / Library,Vocals / Lyrics,2010
Gift to Be Swift,Southpaw (Rap Duo),Hip-Hop / Rap / R&B,Vocals / Lyrics,1993
Metal Plant,Vibe Avenue,Soundtrack / Library,Vocals / Lyrics,2016
C Sample Mix,Confetti's,Electronic / Dance,Vocals / Lyrics,1989
The People Love It,Scott Brown,Electronic / Dance,Vocals / Lyrics,1996
The People Love It,Bass-D & King Matthew,Electronic / Dance,Vocals / Lyrics,1996
Can't Stop the Bumrush,Masta Ace,Hip-Hop / Rap / R&B,Multiple Elements,1990
Here We Go,Phat Doug,Hip-Hop / Rap / R&B,Vocals / Lyrics,1995
C'est La Même Histoire,Sté Strausz,Hip-Hop / Rap / R&B,Multiple Elements,1995
Are U Wid Me,Raw Soul,Hip-Hop / Rap / R&B,Vocals / Lyrics,1996
Sympin Ain't Easy,Boyz II Men,Hip-Hop / Rap / R&B,Vocals / Lyrics,1992
Sympin Ain't Easy,Michael Bivins,Hip-Hop / Rap / R&B,Vocals / Lyrics,1992
Mentally Stable,F.S. Effect,Hip-Hop / Rap / R&B,Vocals / Lyrics,1991
On the Real Tip,Def Jef,Hip-Hop / Rap / R&B,Vocals / Lyrics,1989
Pela Internet,Gilberto Gil,World / Latin,Vocals / Lyrics,1997
Hat 2 Da Back (Remix),TLC,Hip-Hop / Rap / R&B,Multiple Elements,1993
Rebirth,Public Enemy,Hip-Hop / Rap / R&B,Vocals / Lyrics,1991
Some Motherfucking Breakbeat,Hardsequencer,Electronic / Dance,Vocals / Lyrics,1993
TBM Mix (Acid House Mix),Sample Syndicate,Electronic / Dance,Vocals / Lyrics,1988
Zaterdag,KIA,Hip-Hop / Rap / R&B,Vocals / Lyrics,1996
Duck Sick,Compton's Most Wanted,Hip-Hop / Rap / R&B,Vocals / Lyrics,1990
Nobody's Bizness,3rd Degree (3),Hip-Hop / Rap / R&B,Vocals / Lyrics,1998
Jayou,Jurassic 5,Hip-Hop / Rap / R&B,Vocals / Lyrics,1997
Doo Woo You,Digital Underground,Hip-Hop / Rap / R&B,Multiple Elements,1993
Feel One,Luke Vibert,Electronic / Dance,Vocals / Lyrics,2020
Interludio Pt. 2,Movimiento Original,Hip-Hop / Rap / R&B,Vocals / Lyrics,2008
Interludio Pt. 2,DJ Acres,Hip-Hop / Rap / R&B,Vocals / Lyrics,2008
We're All Beautiful (Foxsky Remix),ABSRDST,Electronic / Dance,Vocals / Lyrics,2016
We're All Beautiful (Foxsky Remix),Diveo,Electronic / Dance,Vocals / Lyrics,2016
Bass (Original),King Tee,Hip-Hop / Rap / R&B,Vocals / Lyrics,1987
Don't Stop,M.C. Sar & the Real McCoy,Electronic / Dance,Vocals / Lyrics,1990
Bass Shaker,DJ Defkline,Electronic / Dance,Vocals / Lyrics,2014
Rap De La Mili,Codigo Mortal,Hip-Hop / Rap / R&B,Vocals / Lyrics,1989
Mistakes of a Woman in Love With Other Men,Slick Rick,Hip-Hop / Rap / R&B,Vocals / Lyrics,1991
Order in the House,Asrock L0T0B7D,Hip-Hop / Rap / R&B,Vocals / Lyrics,1986
Le Dealer,Rayer,Hip-Hop / Rap / R&B,Vocals / Lyrics,1990
Feelin',Gloria Estefan,Soul / Funk / Disco,Vocals / Lyrics,1998
Cypher #3,PlanBe,Hip-Hop / Rap / R&B,Vocals / Lyrics,2017
Cypher #3,Anatom,Hip-Hop / Rap / R&B,Vocals / Lyrics,2017
Cypher #3,Bedoes,Hip-Hop / Rap / R&B,Vocals / Lyrics,2017
Cypher #3,Smolasty,Hip-Hop / Rap / R&B,Vocals / Lyrics,2017
Window Peeper,Phonic Boy on Dope,Electronic / Dance,Vocals / Lyrics,2014
The People Want More,Darrien Kelly,Electronic / Dance,Vocals / Lyrics,1998
The People Want More,The Unknown MC,Electronic / Dance,Vocals / Lyrics,1998
Love's Got Me,Loose Ends,Hip-Hop / Rap / R&B,Vocals / Lyrics,1990
Long Dick Chinese,Fresh Kid Ice,Hip-Hop / Rap / R&B,Vocals / Lyrics,1992
Ice M.F. T,Ice-T,Hip-Hop / Rap / R&B,Vocals / Lyrics,1993
Drop,Ying Yang Twins,Hip-Hop / Rap / R&B,Vocals / Lyrics,2008
Puyat,Rjay Ty,Hip-Hop / Rap / R&B,Vocals / Lyrics,2017
Puyat,Ron Henley,Hip-Hop / Rap / R&B,Vocals / Lyrics,2017
Pass the Shovel,Gravediggaz,Hip-Hop / Rap / R&B,Vocals / Lyrics,1994
Stuck,Limp Bizkit,Rock / Pop,Vocals / Lyrics,1997
Mega-Mixx II,2 Live Crew,Hip-Hop / Rap / R&B,Vocals / Lyrics,1988
Bikini a Lunares Amarillos,The Sacados,Electronic / Dance,Vocals / Lyrics,1990
Cocaine,Dino Lenny,Electronic / Dance,Vocals / Lyrics,1991
Grand Canyon Suite,DJ Icey,Electronic / Dance,Vocals / Lyrics,1997
The Spy Who Loved Me (Theme),Matt Furniss,Soundtrack / Library,Vocals / Lyrics,1990
It Don't Stop (Hip Hop Classic),Kris Kross,Hip-Hop / Rap / R&B,Vocals / Lyrics,1993
Fx & Scratches (Vol. 2),Simon Harris,Other,Vocals / Lyrics,1988
Sad and Blue,Funkmaster Flex,Hip-Hop / Rap / R&B,Vocals / Lyrics,1993
If You Knew,Lil Bibby,Hip-Hop / Rap / R&B,Vocals / Lyrics,2013
Feedback,Adoonga,Hip-Hop / Rap / R&B,Vocals / Lyrics,2015
Feedback,Bora,Hip-Hop / Rap / R&B,Vocals / Lyrics,2015
Feedback,KISUM,Hip-Hop / Rap / R&B,Vocals / Lyrics,2015
Feedback,Lil' Cham,Hip-Hop / Rap / R&B,Vocals / Lyrics,2015
Feedback,Jace (Korean Rapper),Hip-Hop / Rap / R&B,Vocals / Lyrics,2015
Dum Dum Cry,Masters at Work,Electronic / Dance,Vocals / Lyrics,1987
Three Little Indians,Run-DMC,Hip-Hop / Rap / R&B,Vocals / Lyrics,1993
Rock the Spot,Boom Bap Project,Hip-Hop / Rap / R&B,Vocals / Lyrics,2005
This Changes Everything,Robert Glasper,Hip-Hop / Rap / R&B,Vocals / Lyrics,2019
This Changes Everything,Buddy,Hip-Hop / Rap / R&B,Vocals / Lyrics,2019
This Changes Everything,Denzel Curry,Hip-Hop / Rap / R&B,Vocals / Lyrics,2019
This Changes Everything,Terrace Martin,Hip-Hop / Rap / R&B,Vocals / Lyrics,2019
This Changes Everything,James Poyser,Hip-Hop / Rap / R&B,Vocals / Lyrics,2019
Here We Go Again,Danger Mouse,Hip-Hop / Rap / R&B,Vocals / Lyrics,2003
Here We Go Again,Jemini,Hip-Hop / Rap / R&B,Vocals / Lyrics,2003
Indul a Menet,Dopeman,Hip-Hop / Rap / R&B,Vocals / Lyrics,1997
Indul a Menet,Ganxsta Zolee,Hip-Hop / Rap / R&B,Vocals / Lyrics,1997
Unified Rebelution,Jurassic 5,Hip-Hop / Rap / R&B,Vocals / Lyrics,1995
Get Down,Derek B,Hip-Hop / Rap / R&B,Vocals / Lyrics,1987
Don't Stop Till You Get Enough (Ultimix),Michael Jackson,Rock / Pop,Vocals / Lyrics,2009
No B.S. Allowed,Stetsasonic,Hip-Hop / Rap / R&B,Vocals / Lyrics,1991
Widdit,Lava La Rue,Hip-Hop / Rap / R&B,Vocals / Lyrics,2018
Mister Cee's Master Plan,Big Daddy Kane,Hip-Hop / Rap / R&B,Vocals / Lyrics,1988
White Boy Wasted,Your Favorite Martian,Hip-Hop / Rap / R&B,Vocals / Lyrics,2012
White Boy Wasted,Dumbfoundead,Hip-Hop / Rap / R&B,Vocals / Lyrics,2012
Dance All Nite,Poison Clan,Hip-Hop / Rap / R&B,Vocals / Lyrics,1990
Pump Up the Bass,DJ Jazzy Jeff & the Fresh Prince,Hip-Hop / Rap / R&B,Vocals / Lyrics,1988
Bust a Move (Funkymix),Young MC,Hip-Hop / Rap / R&B,Vocals / Lyrics,1994
We're in Da House,Kris Kross,Hip-Hop / Rap / R&B,Vocals / Lyrics,1992
We're in Da House,Jermaine Dupri,Hip-Hop / Rap / R&B,Vocals / Lyrics,1992
We're in Da House,Terrance Shelton,Hip-Hop / Rap / R&B,Vocals / Lyrics,1992
We're in Da House,X-Man,Hip-Hop / Rap / R&B,Vocals / Lyrics,1992
Award Show Life,Prodigy,Hip-Hop / Rap / R&B,Vocals / Lyrics,2012
Perfection,Run-DMC,Hip-Hop / Rap / R&B,Vocals / Lyrics,1986
Playback,Playback (K-Pop),Hip-Hop / Rap / R&B,Vocals / Lyrics,2015
Springfield,Martin Tungevaag,Electronic / Dance,Vocals / Lyrics,2015
Springfield,Italobrothers,Electronic / Dance,Vocals / Lyrics,2015
Hey Here We Go,UMC's,Hip-Hop / Rap / R&B,Vocals / Lyrics,1991
Shake That!,Scooter,Electronic / Dance,Vocals / Lyrics,2004
The Beginning (No Further Delay),Run-DMC,Hip-Hop / Rap / R&B,Vocals / Lyrics,1998
The Beginning (No Further Delay),Method Man,Hip-Hop / Rap / R&B,Vocals / Lyrics,1998
40 & Hiero,E-40,Hip-Hop / Rap / R&B,Vocals / Lyrics,2012
40 & Hiero,Hieroglyphics,Hip-Hop / Rap / R&B,Vocals / Lyrics,2012
Sweet Misery (Rush/Stretch Remix),Amel Larrieux,Hip-Hop / Rap / R&B,Vocals / Lyrics,2000
Immortality,Maniac of Noize,Electronic / Dance,Vocals / Lyrics,1994
Hip Hop Is Dead,Nas,Hip-Hop / Rap / R&B,Multiple Elements,2006
Hip Hop Is Dead,will.i.am,Hip-Hop / Rap / R&B,Multiple Elements,2006
1 Contra 20 MC's,ToteKing,Hip-Hop / Rap / R&B,Vocals / Lyrics,2004
Dirtchamber Track 1,The Prodigy,Electronic / Dance,Vocals / Lyrics,1999
Run for Cover,Eric B. & Rakim,Hip-Hop / Rap / R&B,Vocals / Lyrics,1990
Hardstreet Shit,Radical 2 React,Electronic / Dance,Vocals / Lyrics,1997
몸만와 [Let's Play House],HOBBY,Hip-Hop / Rap / R&B,Vocals / Lyrics,2016
몸만와 [Let's Play House],Crush (Korean),Hip-Hop / Rap / R&B,Vocals / Lyrics,2016
"Make Some Noise (Julian ""Jumpin"" Perez Mix)",Fast Eddie,Electronic / Dance,Vocals / Lyrics,1990
Moments in Soul,J.T. And the Big Family,Electronic / Dance,Vocals / Lyrics,1989
Pie Fighters,DJ Q-Bert,Hip-Hop / Rap / R&B,Vocals / Lyrics,2014
Pie Fighters,DZK,Hip-Hop / Rap / R&B,Vocals / Lyrics,2014
Pie Fighters,Madchild,Hip-Hop / Rap / R&B,Vocals / Lyrics,2014
Pie Fighters,Sicknature,Hip-Hop / Rap / R&B,Vocals / Lyrics,2014
The Phantom (Turntable Scratch),Renegade Soundwave,Electronic / Dance,Multiple Elements,1989
Get Busy,Mr. Lee (Chicago House),Electronic / Dance,Vocals / Lyrics,1989
Rock and Roll (Could Never Hip Hop Like This) Part 2/Knockers,Handsome Boy Modeling School,Hip-Hop / Rap / R&B,Vocals / Lyrics,2004
Rock and Roll (Could Never Hip Hop Like This) Part 2/Knockers,DJ Grand Wizard Theodore,Hip-Hop / Rap / R&B,Vocals / Lyrics,2004
Rock and Roll (Could Never Hip Hop Like This) Part 2/Knockers,Jazzy Jay,Hip-Hop / Rap / R&B,Vocals / Lyrics,2004
Rock and Roll (Could Never Hip Hop Like This) Part 2/Knockers,Lord Finesse,Hip-Hop / Rap / R&B,Vocals / Lyrics,2004
Rock and Roll (Could Never Hip Hop Like This) Part 2/Knockers,Rahzel,Hip-Hop / Rap / R&B,Vocals / Lyrics,2004
Rock and Roll (Could Never Hip Hop Like This) Part 2/Knockers,Linkin Park,Hip-Hop / Rap / R&B,Vocals / Lyrics,2004
Rock and Roll (Could Never Hip Hop Like This) Part 2/Knockers,Tim Meadows,Hip-Hop / Rap / R&B,Vocals / Lyrics,2004
Things'll Never Change,E-40,Hip-Hop / Rap / R&B,Vocals / Lyrics,1996
Things'll Never Change,Bo Roc,Hip-Hop / Rap / R&B,Vocals / Lyrics,1996
Adesso Lo So,DJ Shocca,Hip-Hop / Rap / R&B,Vocals / Lyrics,2004
Adesso Lo So,Mistaman,Hip-Hop / Rap / R&B,Vocals / Lyrics,2004
On the Prowl,MC Skat Kat and the Stray Mob,Hip-Hop / Rap / R&B,Vocals / Lyrics,1991
How Y'All Feel,Junki Munki,Electronic / Dance,Vocals / Lyrics,2007
Failbait,deadmau5,Electronic / Dance,Vocals / Lyrics,2012
Failbait,Cypress Hill,Electronic / Dance,Vocals / Lyrics,2012
Bass,King Tee,Hip-Hop / Rap / R&B,Vocals / Lyrics,1988
DJ Business,Mystery Man,Electronic / Dance,Vocals / Lyrics,1992
Disappear,Bubba Sparxxx,Hip-Hop / Rap / R&B,Vocals / Lyrics,2003
Stupido,Marracash,Hip-Hop / Rap / R&B,Vocals / Lyrics,2010
DamDaDi,Golden Child (K-Pop Group),Rock / Pop,Vocals / Lyrics,2017
Young Playah',Mac Dre,Hip-Hop / Rap / R&B,Vocals / Lyrics,1992
Confusion on the Inside,44 Max,Hip-Hop / Rap / R&B,Vocals / Lyrics,1991
Romantic,Karyn White,Electronic / Dance,Vocals / Lyrics,1991
Techno Medley (Pettibone Mix),Technotronic,Electronic / Dance,Vocals / Lyrics,1990
Homey Don't Play Dat,Terminator X,Hip-Hop / Rap / R&B,Vocals / Lyrics,1991
Homey Don't Play Dat,Bonnie 'N' Clyde,Hip-Hop / Rap / R&B,Vocals / Lyrics,1991
Cruise Beast,The Quick Brown Fox,Electronic / Dance,Vocals / Lyrics,2012
My DJ (Pump It Up Some),Richie Rich,Hip-Hop / Rap / R&B,Vocals / Lyrics,1988
Hip Hop Music,Braille,Hip-Hop / Rap / R&B,Vocals / Lyrics,2004
Pourquoi Je Suis Là,IAM,Hip-Hop / Rap / R&B,Vocals / Lyrics,1998
Glazed Donuts (One 4 Dilla),J-Dubble,Hip-Hop / Rap / R&B,Vocals / Lyrics,2006
Quik Is the Name,DJ Quik,Hip-Hop / Rap / R&B,Vocals / Lyrics,1991
Blow the Party (Original),Groove Assassin,Electronic / Dance,Vocals / Lyrics,2016
It's All About You,Cut King,Hip-Hop / Rap / R&B,Vocals / Lyrics,1987
I Want It All,Transplants,Rock / Pop,Vocals / Lyrics,2005
Hip Hop,Donya,Hip-Hop / Rap / R&B,Vocals / Lyrics,2007
Another Day in Paradise,Jam Tronik,Electronic / Dance,Vocals / Lyrics,1989
Some Shit @ 78 BPM (The Scratch Opera),Buckshot LeFonque,Jazz / Blues,Vocals / Lyrics,1994
Pump Up Da' Jam,DJ Funk,Electronic / Dance,Vocals / Lyrics,1999
Funky 2 Listen 2,Large Professor,Hip-Hop / Rap / R&B,Multiple Elements,1996
When DC Talks,DC Talk,Gospel,Vocals / Lyrics,1990
Let's Go,Boot Camp Clik,Hip-Hop / Rap / R&B,Vocals / Lyrics,2006
Quadra Y Discos,Wagon Christ,Electronic / Dance,Vocals / Lyrics,2004
Ain't Got No Class,Da Lench Mob,Hip-Hop / Rap / R&B,Vocals / Lyrics,1992
Ain't Got No Class,Cypress Hill,Hip-Hop / Rap / R&B,Vocals / Lyrics,1992
Gettin‘ Jiggy With It,Maeckes,Hip-Hop / Rap / R&B,Vocals / Lyrics,2016
Stay Humble,Flamingosis,Hip-Hop / Rap / R&B,Vocals / Lyrics,2015
Andrew Ford Medina,Andrew E.,Hip-Hop / Rap / R&B,Vocals / Lyrics,1990
Hooray,PSY,Hip-Hop / Rap / R&B,Vocals / Lyrics,2002
Jump Around (Ultimix),House of Pain,Hip-Hop / Rap / R&B,Vocals / Lyrics,1996
Access Granted,The Algorithm,Electronic / Dance,Vocals / Lyrics,2012
Me and Joe,Rodney O and Joe Cooley,Hip-Hop / Rap / R&B,Vocals / Lyrics,1988
Tale of Five Cities,Peanut Butter Wolf,Hip-Hop / Rap / R&B,Vocals / Lyrics,1998
Stompin' to Tha 90's,Yo-Yo,Hip-Hop / Rap / R&B,Vocals / Lyrics,1991
In Tha Place to Be,Jakes,Electronic / Dance,Vocals / Lyrics,2009
Too Damn Hype,DJ Jazzy Jeff & the Fresh Prince,Hip-Hop / Rap / R&B,Vocals / Lyrics,1989
Hip Hop Tiekar (Remix),Gino (French Rapper),Hip-Hop / Rap / R&B,Vocals / Lyrics,2014
"Red Light, Green Light",Diamond D,Hip-Hop / Rap / R&B,Vocals / Lyrics,1992
"Red Light, Green Light",The Psychotic Neurotics,Hip-Hop / Rap / R&B,Vocals / Lyrics,1992
BunWatcher (Da Phat Hip Hop Mix),Baaad Influence,Hip-Hop / Rap / R&B,Vocals / Lyrics,1995
Missing,P Money,Hip-Hop / Rap / R&B,Vocals / Lyrics,2013
Yo,EPMD,Hip-Hop / Rap / R&B,Vocals / Lyrics,2008
Da Pump,Da Tekno Warriors,Electronic / Dance,Vocals / Lyrics,1998
Ill-Legal,C.I.A.,Hip-Hop / Rap / R&B,Vocals / Lyrics,1987
Banana-Na-Na (Phreestyle Radio Mix),Technohead,Electronic / Dance,Vocals / Lyrics,1996
Banana-Na-Na (Phreestyle Radio Mix),Whoops,Electronic / Dance,Vocals / Lyrics,1996
Dog Beats,Insane Clown Posse,Hip-Hop / Rap / R&B,Vocals / Lyrics,1992
King of the Jungle,Da Lench Mob,Hip-Hop / Rap / R&B,Vocals / Lyrics,1994
Tutto Inedito (Cappuccino Reprise),MC Giaime,Hip-Hop / Rap / R&B,Vocals / Lyrics,2002
Countdown,Consequence,Hip-Hop / Rap / R&B,Vocals / Lyrics,2015
Countdown,Lupe Fiasco,Hip-Hop / Rap / R&B,Vocals / Lyrics,2015
Countdown,Chris Turner,Hip-Hop / Rap / R&B,Vocals / Lyrics,2015
I'm Going Straight to Heaven,MC 900 Ft. Jesus,Hip-Hop / Rap / R&B,Vocals / Lyrics,1989
I'm Going Straight to Heaven,DJ Zero,Hip-Hop / Rap / R&B,Vocals / Lyrics,1989
Free,Bronko Yotte,Hip-Hop / Rap / R&B,Vocals / Lyrics,2015
Free,Camileazy,Hip-Hop / Rap / R&B,Vocals / Lyrics,2015
Come Baby Come (Ultimix Version),K7,Hip-Hop / Rap / R&B,Vocals / Lyrics,1993
Dreamin',G. Love & Special Sauce,Rock / Pop,Vocals / Lyrics,1999
Escondido,Kelly Key,Hip-Hop / Rap / R&B,Vocals / Lyrics,2001
My Name Is Young,Young MC,Hip-Hop / Rap / R&B,Vocals / Lyrics,1989
Puercos (Single Version),7 Notas 7 Colores,Hip-Hop / Rap / R&B,Vocals / Lyrics,1996
Moses,Slick Rick,Hip-Hop / Rap / R&B,Vocals / Lyrics,1991
The Vinyl Athletes (Original Version),Lord Finesse,Hip-Hop / Rap / R&B,Vocals / Lyrics,2008
The Vinyl Athletes (Original Version),Muro,Hip-Hop / Rap / R&B,Vocals / Lyrics,2008
The Vinyl Athletes (Original Version),A.G.,Hip-Hop / Rap / R&B,Vocals / Lyrics,2008
How Philly Use to Sound,STS,Hip-Hop / Rap / R&B,Vocals / Lyrics,2014
How Philly Use to Sound,DJ Jazzy Jeff,Hip-Hop / Rap / R&B,Vocals / Lyrics,2014
Ang Huling El Bimbo (Tunog Kalye Mix),Eraserheads,Electronic / Dance,Vocals / Lyrics,2008
"Sensi, Cheeba Come From (Hip Hop Mix)",Burro Banton,Reggae / Dub,Vocals / Lyrics,1995
Do That Dance,M.I.C. Fresh,Hip-Hop / Rap / R&B,Vocals / Lyrics,1988
Retire,Dynamic Duo,Hip-Hop / Rap / R&B,Vocals / Lyrics,2005
Retire,Massive Töne,Hip-Hop / Rap / R&B,Vocals / Lyrics,2005
Retire,DJ Friz,Hip-Hop / Rap / R&B,Vocals / Lyrics,2005
Freddie's Back,Gregory D,Hip-Hop / Rap / R&B,Vocals / Lyrics,1987
Freddie's Back,Mannie Fresh,Hip-Hop / Rap / R&B,Vocals / Lyrics,1987
Dose of Dope,Rodney O and Joe Cooley,Hip-Hop / Rap / R&B,Vocals / Lyrics,1991
House Legend (Rap Mix),Sharada House Gang,Electronic / Dance,Vocals / Lyrics,1989
"It's So Good, It's Bad",True Culture,Hip-Hop / Rap / R&B,Vocals / Lyrics,1991
Microphone Master (Dome Cracker Remix),Das EFX,Hip-Hop / Rap / R&B,Vocals / Lyrics,1995
Perfect Balance,M.A.E.,Hip-Hop / Rap / R&B,Vocals / Lyrics,2011
My Flows Is Tight,Lord Digga,Hip-Hop / Rap / R&B,Vocals / Lyrics,1998
Air Miles,Me & My Toothbrush,Electronic / Dance,Vocals / Lyrics,2016
Anak Ayam (Freak to the Beat),Too Phat,Hip-Hop / Rap / R&B,Vocals / Lyrics,2001
Back Up Off Me!,Doctor Dré,Hip-Hop / Rap / R&B,Vocals / Lyrics,1994
Back Up Off Me!,Ed Lover,Hip-Hop / Rap / R&B,Vocals / Lyrics,1994
Back Up Off Me!,T-Money,Hip-Hop / Rap / R&B,Vocals / Lyrics,1994
Time Tah Get Stupid,J.J. Fad,Hip-Hop / Rap / R&B,Multiple Elements,1988
Don't Sleep!,Harleckinz,Hip-Hop / Rap / R&B,Vocals / Lyrics,1995
Tekno Bam (Seismic Overload),D-Shake,Electronic / Dance,Vocals / Lyrics,1991
First Aid Kit,Poldoore,Hip-Hop / Rap / R&B,Vocals / Lyrics,2012
Bitch Stop Lyin',NATAS,Hip-Hop / Rap / R&B,Vocals / Lyrics,1992
Tutorial a.k.a Casino,Kase.O,Hip-Hop / Rap / R&B,Vocals / Lyrics,2015
Something Like This,Green Tea,Hip-Hop / Rap / R&B,Vocals / Lyrics,2009
Dilated Junkies,Dilated Peoples,Hip-Hop / Rap / R&B,Multiple Elements,2001
Dilated Junkies,J Rocc,Hip-Hop / Rap / R&B,Multiple Elements,2001
Dilated Junkies,DJ Rhettmatic,Hip-Hop / Rap / R&B,Multiple Elements,2001
Battle Breaks (Side A),Psychedelic Skratch Bastards,Hip-Hop / Rap / R&B,Vocals / Lyrics,1992
Moe Love on the 1 and 2,Ultramagnetic MC's,Hip-Hop / Rap / R&B,Vocals / Lyrics,1992
Boombastic Hip House Band,Karia Nomoto,Electronic / Dance,Vocals / Lyrics,2007
100% Pure Butt Scratching,Structure,Hip-Hop / Rap / R&B,Vocals / Lyrics,2001
"Check 1, 1, 1",Fonky Family,Hip-Hop / Rap / R&B,Vocals / Lyrics,2001
Rock the Discotheques,The Dynamic Guv'nors,Electronic / Dance,Vocals / Lyrics,1988
Casio,Peanut Butter Wolf,Hip-Hop / Rap / R&B,Vocals / Lyrics,1998
Garvey,Reks,Hip-Hop / Rap / R&B,Vocals / Lyrics,2014
Garvey,Saigon,Hip-Hop / Rap / R&B,Vocals / Lyrics,2014
Garvey,Noreaga,Hip-Hop / Rap / R&B,Vocals / Lyrics,2014
So Funkay,Biz Markie,Hip-Hop / Rap / R&B,Vocals / Lyrics,2003
Enter Ralph Wiggum,A-Trak,Hip-Hop / Rap / R&B,Vocals / Lyrics,1999
Nuthin Eva Worries Me,Figgkidd,Hip-Hop / Rap / R&B,Vocals / Lyrics,2005
Nuthin Eva Worries Me,Proof,Hip-Hop / Rap / R&B,Vocals / Lyrics,2005
Video Dames,MC Zappa,Hip-Hop / Rap / R&B,Vocals / Lyrics,2018
We Got It,DJ Dan,Electronic / Dance,Vocals / Lyrics,2013
We Got It,Charles Feelgood,Electronic / Dance,Vocals / Lyrics,2013
I Wanna Go Back,Kid Rock,Hip-Hop / Rap / R&B,Multiple Elements,1996
Let Em In,Talib Kweli,Hip-Hop / Rap / R&B,Vocals / Lyrics,2012
Let Em In,Z-Trip,Hip-Hop / Rap / R&B,Vocals / Lyrics,2012
Let Em In,Ace Hood,Hip-Hop / Rap / R&B,Vocals / Lyrics,2012
Too Funky,3-2 Get Funky,Hip-Hop / Rap / R&B,Vocals / Lyrics,1993
The Lyrics Are High,PFP,Hip-Hop / Rap / R&B,Vocals / Lyrics,1990
"T's Revenge It Takes a Thief (Julian ""Jumpin"" Perez)",Tyree,Electronic / Dance,Vocals / Lyrics,1988
Movin' on Up,Rated X,Hip-Hop / Rap / R&B,Vocals / Lyrics,1990
Here We Go,Kindred the Family Soul,Hip-Hop / Rap / R&B,Vocals / Lyrics,2014
Here We Go,Chill Moody,Hip-Hop / Rap / R&B,Vocals / Lyrics,2014
Bare Necessities Megamix,UK Mixmasters,Electronic / Dance,Vocals / Lyrics,1991
Inside Out,Eric B.,Hip-Hop / Rap / R&B,Vocals / Lyrics,1995
I Got the Bass,DJ Bass Boy,Electronic / Dance,Vocals / Lyrics,1990
And I'm Ron C,Ron C,Hip-Hop / Rap / R&B,Vocals / Lyrics,1992
Jump (Funkymix),Kris Kross,Hip-Hop / Rap / R&B,Vocals / Lyrics,1992
Pop Ya Trunks,Ace C Ducey,Hip-Hop / Rap / R&B,Vocals / Lyrics,1994
Car Wash,Jay Ski,Electronic / Dance,Vocals / Lyrics,1991
Look at You Now,EPMD,Hip-Hop / Rap / R&B,Vocals / Lyrics,2001
Rap to You,Kid Sensation,Hip-Hop / Rap / R&B,Vocals / Lyrics,1992
Music From Hyperspace,C2C,Electronic / Dance,Vocals / Lyrics,2003
On Da Flex,DJ Godfather,Hip-Hop / Rap / R&B,Vocals / Lyrics,1997
Live for You,LL Cool J,Hip-Hop / Rap / R&B,Vocals / Lyrics,2013
Live for You,Brad Paisley,Hip-Hop / Rap / R&B,Vocals / Lyrics,2013
No Justice No Peace,Smuv-Radicals,Hip-Hop / Rap / R&B,Vocals / Lyrics,1993
That's Bad,Mr. Lee (Chicago House),Hip-Hop / Rap / R&B,Vocals / Lyrics,1990
The Warehouse Acid Groove,The Warehouse Party Boys,Electronic / Dance,Vocals / Lyrics,1989
K-ZMB Special Bulletin,Sid Roams,Hip-Hop / Rap / R&B,Vocals / Lyrics,2009
Watcha Gonna Do,Playhouse-X,Electronic / Dance,Vocals / Lyrics,1990
Rapper Sagen Yo,Samy Deluxe,Hip-Hop / Rap / R&B,Vocals / Lyrics,2014
Beat Bytes,Drop (2),Hip-Hop / Rap / R&B,Vocals / Lyrics,1987
ROTDJ Radio,DJ Shortfuse,Hip-Hop / Rap / R&B,Vocals / Lyrics,2003
Intro 2,Lou X,Hip-Hop / Rap / R&B,Vocals / Lyrics,1994
Intro 2,Disastro,Hip-Hop / Rap / R&B,Vocals / Lyrics,1994
S.P.E.N. (The Confusion),Numarx,Hip-Hop / Rap / R&B,Vocals / Lyrics,1988
"Why It Gotta Be You, Doug?",Cold Heart Crew,Hip-Hop / Rap / R&B,Vocals / Lyrics,1988
Vie,Yes Mccan,Hip-Hop / Rap / R&B,Vocals / Lyrics,2018
Terminators,Steve Wetherill,Soundtrack / Library,Vocals / Lyrics,1990
Good Girl (Long Beach Family Remix),The Mad Capsule Markets,Hip-Hop / Rap / R&B,Vocals / Lyrics,2000
Mic Beat Kut,Invisibl Skratch Piklz,Electronic / Dance,Vocals / Lyrics,1999
Weekends,Latino Party,Electronic / Dance,Vocals / Lyrics,1990
Backyard (Outta the Hood Version),Pebbles,Hip-Hop / Rap / R&B,Vocals / Lyrics,1991
Backyard (Outta the Hood Version),Salt-N-Pepa,Hip-Hop / Rap / R&B,Vocals / Lyrics,1991
PENISLAND MEGAMASHUP,Penisland,Electronic / Dance,Vocals / Lyrics,2021
What Is a DJ?,DJ Laz,Hip-Hop / Rap / R&B,Vocals / Lyrics,2000
What Is a DJ?,Exotic E,Hip-Hop / Rap / R&B,Vocals / Lyrics,2000
What Is a DJ?,Swaye-Z,Hip-Hop / Rap / R&B,Vocals / Lyrics,2000
Superstar DJ's Part II,DJ Friction,Hip-Hop / Rap / R&B,Vocals / Lyrics,2002
Superstar DJ's Part II,Thomilla,Hip-Hop / Rap / R&B,Vocals / Lyrics,2002
Say the Words,DC Talk,Hip-Hop / Rap / R&B,Vocals / Lyrics,1992
It Takes Two (X-Mix),Rob Base & DJ E-Z Rock,Hip-Hop / Rap / R&B,Multiple Elements,1997
Puerto Rico,Ruben DJ,Hip-Hop / Rap / R&B,Vocals / Lyrics,1989
Razowy,Kaliber 44,Hip-Hop / Rap / R&B,Vocals / Lyrics,2016
Razowy,Gutek,Hip-Hop / Rap / R&B,Vocals / Lyrics,2016
Un Bon Son Ne Meurt Jamais,Princess Aniès,Hip-Hop / Rap / R&B,Vocals / Lyrics,2006
Full Contact,K.A.S.T.A. Squad,Hip-Hop / Rap / R&B,Vocals / Lyrics,2003
Full Contact,Questablist,Hip-Hop / Rap / R&B,Vocals / Lyrics,2003
Vieni Con Noi,Frank Siciliano,Hip-Hop / Rap / R&B,Vocals / Lyrics,2015
Anton Aus Tirol,Anton Aus Tirol,Electronic / Dance,Vocals / Lyrics,2000
Anton Aus Tirol,DJ Ötzi,Electronic / Dance,Vocals / Lyrics,2000
Panirani Skrech Odrezak,DJ Doobie,Hip-Hop / Rap / R&B,Vocals / Lyrics,2011
The Rebel,To Kool Chris,Electronic / Dance,Vocals / Lyrics,1995
Mr. Universe,Max Tannone,Hip-Hop / Rap / R&B,Vocals / Lyrics,2010
Who Said Our Dee Jay Couldn't Cut?! / He's Ruthless,I.R.M. Crew,Hip-Hop / Rap / R&B,Vocals / Lyrics,1988
Rock This World,Drivin' Force,Electronic / Dance,Vocals / Lyrics,1988
Jackin' Chevys,Stalley,Hip-Hop / Rap / R&B,Vocals / Lyrics,2014
Gemstones,Mod Sun,Hip-Hop / Rap / R&B,Vocals / Lyrics,2014
Big Apple Production Vol. IV,Genius at Work,Electronic / Dance,Vocals / Lyrics,1989
Fiebre,Telephunken,Electronic / Dance,Vocals / Lyrics,2001
Spin to the Groove Line,Detroit Boxx & Step 2,Hip-Hop / Rap / R&B,Vocals / Lyrics,1990
Feel Tha Funk,The Funky Products,Hip-Hop / Rap / R&B,Vocals / Lyrics,1996
Panther Power,Paris,Hip-Hop / Rap / R&B,Vocals / Lyrics,1989
She Taught Me How to Yodel,Bombalurina,Rock / Pop,Vocals / Lyrics,1990
Old Skool Fool,Freestylers,Hip-Hop / Rap / R&B,Vocals / Lyrics,2006
Mixmasterpiece (Muzik's Worst Nightmare),Mix Master Mike,Hip-Hop / Rap / R&B,Vocals / Lyrics,1996
Killa Sound,M-Project,Electronic / Dance,Vocals / Lyrics,2022
Apart,Urbandub,Rock / Pop,Vocals / Lyrics,2001
Little Girl,Fallen Angel,Electronic / Dance,Vocals / Lyrics,1998
Make a Move,Joe Kickass,Hip-Hop / Rap / R&B,Vocals / Lyrics,2014
Back to Center,DJ Maj,Hip-Hop / Rap / R&B,Vocals / Lyrics,2007
Back to Center,John Katina,Hip-Hop / Rap / R&B,Vocals / Lyrics,2007
"Iesha (Stupid Club 12"" Mix)",Another Bad Creation,Hip-Hop / Rap / R&B,Vocals / Lyrics,1990
More Than You Know (Mixbusted Mix),Martika,Rock / Pop,Vocals / Lyrics,1988
Black Sheep (Yung Lupe),Kidd,Hip-Hop / Rap / R&B,Vocals / Lyrics,2014
Black Sheep (Yung Lupe),DJ Aktual,Hip-Hop / Rap / R&B,Vocals / Lyrics,2014
Dweeb,Bonnie 'N' Clyde,Hip-Hop / Rap / R&B,Vocals / Lyrics,1995
Forsure,Shawn Chrystopher,Hip-Hop / Rap / R&B,Vocals / Lyrics,2013
Kiss Me Honey Honey Kiss Me,Bombalurina,Rock / Pop,Vocals / Lyrics,1990
El Alcohol,Ruben DJ,Hip-Hop / Rap / R&B,Vocals / Lyrics,1989
Once Again,Taiyamo Denku,Hip-Hop / Rap / R&B,Vocals / Lyrics,2018
So Damn Funky,Rhythm Mode:D,Hip-Hop / Rap / R&B,Vocals / Lyrics,1989
This Is Hip Hop,Sheek Louch,Hip-Hop / Rap / R&B,Vocals / Lyrics,2010
This Is Hip Hop,Termanology,Hip-Hop / Rap / R&B,Vocals / Lyrics,2010
This Is Hip Hop,Joell Ortiz,Hip-Hop / Rap / R&B,Vocals / Lyrics,2010
Cartoons,Da Youngsta's,Hip-Hop / Rap / R&B,Vocals / Lyrics,1992
Nature of a Sista',Queen Latifah,Hip-Hop / Rap / R&B,Vocals / Lyrics,1991
Hi-DJ!,Gagle,Hip-Hop / Rap / R&B,Vocals / Lyrics,2007
Boris,Pitman,Other,Vocals / Lyrics,2004
1994,Bustin' Melonz,Hip-Hop / Rap / R&B,Vocals / Lyrics,1994
Bass in Yo Face,Direct Assault,Hip-Hop / Rap / R&B,Vocals / Lyrics,1991
Kill Bill Collectors,JGivens,Hip-Hop / Rap / R&B,Vocals / Lyrics,2012
B-Boy Dope,Professor Angel Dust,Electronic / Dance,Vocals / Lyrics,2000
B-Boy Dope,Da PH Force,Electronic / Dance,Vocals / Lyrics,2000
Freestyle 101,Project Oasis,Hip-Hop / Rap / R&B,Vocals / Lyrics,1997
Sucka's Brevity,Beneficence,Hip-Hop / Rap / R&B,Vocals / Lyrics,1994
Bedtime Stories,Chilla Frauste,Hip-Hop / Rap / R&B,Vocals / Lyrics,1989
Bedtime Stories,The Ice Cold Crew,Hip-Hop / Rap / R&B,Vocals / Lyrics,1989
Bobo Meets Rhettmatic,Eric Bobo,Hip-Hop / Rap / R&B,Vocals / Lyrics,2008
Bobo Meets Rhettmatic,DJ Rhettmatic,Hip-Hop / Rap / R&B,Vocals / Lyrics,2008
Dostosowany,Trzeci Wymiar,Hip-Hop / Rap / R&B,Vocals / Lyrics,2003
Bigga Nigga,Sporty-T,Hip-Hop / Rap / R&B,Vocals / Lyrics,1994
Listen to the Rhythm (Of the Drum and the Bass),Allstar Fresh,Hip-Hop / Rap / R&B,Vocals / Lyrics,1988
Listen to the Rhythm (Of the Drum and the Bass),B.C. Boy,Hip-Hop / Rap / R&B,Vocals / Lyrics,1988
Be Real With It,Awon,Hip-Hop / Rap / R&B,Vocals / Lyrics,2015
Be Real With It,Phoniks,Hip-Hop / Rap / R&B,Vocals / Lyrics,2015
Be Real With It,Ivan Ave,Hip-Hop / Rap / R&B,Vocals / Lyrics,2015
Bad Bass Mix,Techmaster P.E.B.,Electronic / Dance,Vocals / Lyrics,1991
Dann Bist Du Still,Äi-Tiem,Hip-Hop / Rap / R&B,Vocals / Lyrics,1993
Dann Bist Du Still,Daddy Roach,Hip-Hop / Rap / R&B,Vocals / Lyrics,1993
C'House (Caos),Wilfred Y La Ganga,Hip-Hop / Rap / R&B,Vocals / Lyrics,1990
Good to the Last Drop,Ladi Luv,Hip-Hop / Rap / R&B,Vocals / Lyrics,1989
Ain't Nothing Like Kilo,Kilo,Hip-Hop / Rap / R&B,Vocals / Lyrics,1992
My Boomerang Won't Come Back,Bombalurina,Rock / Pop,Vocals / Lyrics,1990
Half Cut,Blendoffendaz,Hip-Hop / Rap / R&B,Vocals / Lyrics,2009
T.D.S. Scratch Reaction (Jorun Bombay's '86 Pop Art Mix),T.D.S. Mob,Hip-Hop / Rap / R&B,Vocals / Lyrics,2012
Genius Jazzy Moon,Ash N' Soul,Hip-Hop / Rap / R&B,Vocals / Lyrics,2017
Wackass,Crazibiza,Electronic / Dance,Vocals / Lyrics,2016
Do It Properly,Thommy Davis,Electronic / Dance,Vocals / Lyrics,2020
Do It Properly,Brutha Basil,Electronic / Dance,Vocals / Lyrics,2020
Do It Properly,Tasha LaRae,Electronic / Dance,Vocals / Lyrics,2020
Je Pars,DJ Dee Nasty,Hip-Hop / Rap / R&B,Drums,1998
Je Pars,Big Brother Hakim,Hip-Hop / Rap / R&B,Drums,1998
Escribire,Fenbeatz,Hip-Hop / Rap / R&B,Vocals / Lyrics,2008
Escribire,Soul N Solitario,Hip-Hop / Rap / R&B,Vocals / Lyrics,2008
Escribire,Frainstrumentos,Hip-Hop / Rap / R&B,Vocals / Lyrics,2008
Hawaiian Dinosaur Side,Invisibl Skratch Piklz,Hip-Hop / Rap / R&B,Vocals / Lyrics,1999
Mental Problems,Mad Deep & Mental,Hip-Hop / Rap / R&B,Vocals / Lyrics,1996
It's All Right,Ceaese,Hip-Hop / Rap / R&B,Vocals / Lyrics,2011
It's All Right,Yaero,Hip-Hop / Rap / R&B,Vocals / Lyrics,2011
It's All Right,DJ Sta,Hip-Hop / Rap / R&B,Vocals / Lyrics,2011
Disco Queen,Ronnette,Electronic / Dance,Vocals / Lyrics,1988
Disco Queen,Anquannette,Electronic / Dance,Vocals / Lyrics,1988
Reckeh,Snowy,Hip-Hop / Rap / R&B,Vocals / Lyrics,2021
Strange Piano,Quasimoto,Hip-Hop / Rap / R&B,Vocals / Lyrics,2005
C'est La Vie,Zuna,Hip-Hop / Rap / R&B,Vocals / Lyrics,2015
Танцы,Мальчишник,Hip-Hop / Rap / R&B,Vocals / Lyrics,1992
Dum Dums,Das EFX,Hip-Hop / Rap / R&B,Vocals / Lyrics,1992
Chillin' With Santa,Derek B,Hip-Hop / Rap / R&B,Vocals / Lyrics,1987
Back in Black (Feel the Bass Mix),Techmaster P.E.B.,Hip-Hop / Rap / R&B,Vocals / Lyrics,1996
Back in Black (Feel the Bass Mix),DJ Magic Mike,Hip-Hop / Rap / R&B,Vocals / Lyrics,1996
Dzieci Kwiaty,Tabasko,Hip-Hop / Rap / R&B,Vocals / Lyrics,2012
"Grand Puba, Positive and L.G.",Brand Nubian,Hip-Hop / Rap / R&B,Vocals / Lyrics,1990
"Grand Puba, Positive and L.G.",Positive K,Hip-Hop / Rap / R&B,Vocals / Lyrics,1990
"Grand Puba, Positive and L.G.",Easy L.G.,Hip-Hop / Rap / R&B,Vocals / Lyrics,1990
Zoom,Dr. Dre,Hip-Hop / Rap / R&B,Vocals / Lyrics,1998
Zoom,LL Cool J,Hip-Hop / Rap / R&B,Vocals / Lyrics,1998
P.E. 2000 (Rock Mix),P. Diddy,Hip-Hop / Rap / R&B,Vocals / Lyrics,1999
P.E. 2000 (Rock Mix),Chuck D,Hip-Hop / Rap / R&B,Vocals / Lyrics,1999
Raw,Technotronic,Electronic / Dance,Vocals / Lyrics,1989
Speed,Bran Van 3000,Rock / Pop,Vocals / Lyrics,2001
Goes Like,Skepsis,Electronic / Dance,Vocals / Lyrics,2017
The Look (Head-Drum-Mix),Roxette,Electronic / Dance,Vocals / Lyrics,1989
...Nur Musik Ist Schöner,SDP,Hip-Hop / Rap / R&B,Vocals / Lyrics,2006
...Nur Musik Ist Schöner,Maliq,Hip-Hop / Rap / R&B,Vocals / Lyrics,2006
Funky Fresh Dressed,Missy Elliott,Hip-Hop / Rap / R&B,Vocals / Lyrics,2002
Funky Fresh Dressed,Ms. Jade,Hip-Hop / Rap / R&B,Vocals / Lyrics,2002
That's How I'm Living,Tony Scott,Electronic / Dance,Vocals / Lyrics,1989
Pooh Butt Day,Soul Intent,Hip-Hop / Rap / R&B,Vocals / Lyrics,1988
Funky Fresh,DJ Stew,Electronic / Dance,Vocals / Lyrics,1996
Funky Fresh,The Buddha Monks,Electronic / Dance,Vocals / Lyrics,1996
Straight Up (Ultimix Mix),Paula Abdul,Electronic / Dance,Vocals / Lyrics,1990
Coast to Coast,Word of Mouth,Hip-Hop / Rap / R&B,Vocals / Lyrics,1986
Coast to Coast,DJ Cheese,Hip-Hop / Rap / R&B,Vocals / Lyrics,1986
Agression Animée,The Alchemist,Hip-Hop / Rap / R&B,Vocals / Lyrics,2017
Here We Go,Southpaw Chop,Hip-Hop / Rap / R&B,Multiple Elements,2010
Here We Go,Large Professor,Hip-Hop / Rap / R&B,Multiple Elements,2010
Check Dis Out,Serious,Electronic / Dance,Vocals / Lyrics,1996
Rockin' Over the Beat (Remix),Technotronic,Electronic / Dance,Vocals / Lyrics,1990
8 Ball,DJ Quik,Hip-Hop / Rap / R&B,Vocals / Lyrics,1991
Manic Stampede,Krome & Time,Electronic / Dance,Vocals / Lyrics,1992
School Days,Big L,Hip-Hop / Rap / R&B,Vocals / Lyrics,2010
The Comfort Zone,Vanessa Williams,Hip-Hop / Rap / R&B,Vocals / Lyrics,1991
Alright Alright,Masters at Work,Electronic / Dance,Vocals / Lyrics,1987
Fastest Rhyme,Young MC,Hip-Hop / Rap / R&B,Vocals / Lyrics,1988
He Is My DJ,Da Tekno Warriors,Electronic / Dance,Vocals / Lyrics,1998
Tha Game,Pete Rock,Hip-Hop / Rap / R&B,Vocals / Lyrics,1998
Tha Game,Raekwon,Hip-Hop / Rap / R&B,Vocals / Lyrics,1998
Tha Game,Prodigy,Hip-Hop / Rap / R&B,Vocals / Lyrics,1998
Tha Game,Ghostface Killah,Hip-Hop / Rap / R&B,Vocals / Lyrics,1998
Security,The Beat Club,Electronic / Dance,Vocals / Lyrics,1988
The Magnificent Jazzy Jeff,DJ Jazzy Jeff & the Fresh Prince,Hip-Hop / Rap / R&B,Vocals / Lyrics,1987
#1 Soul Brother,Pete Rock,Hip-Hop / Rap / R&B,Vocals / Lyrics,1998
Check It Out,Das EFX,Hip-Hop / Rap / R&B,Vocals / Lyrics,1993
Per Averti Qui,Fabri Fibra,Hip-Hop / Rap / R&B,Vocals / Lyrics,2002
Keep on Movin' (Teddy Riley Remix),Soul II Soul,Hip-Hop / Rap / R&B,Vocals / Lyrics,1989
Microphone Master,Das EFX,Hip-Hop / Rap / R&B,Vocals / Lyrics,1995
J'adore Hardcore,Scooter,Electronic / Dance,Vocals / Lyrics,2009
I Said Hey,Macklemore,Hip-Hop / Rap / R&B,Vocals / Lyrics,2005
Nothing to Worry About (The Kickdrums Remix),Peter Bjorn and John,Hip-Hop / Rap / R&B,Multiple Elements,2009
Nothing to Worry About (The Kickdrums Remix),Wale,Hip-Hop / Rap / R&B,Multiple Elements,2009
Nothing to Worry About (The Kickdrums Remix),Rhymefest,Hip-Hop / Rap / R&B,Multiple Elements,2009
Nothing to Worry About (The Kickdrums Remix),Young Chris,Hip-Hop / Rap / R&B,Multiple Elements,2009
Double Trouble,The Roots,Hip-Hop / Rap / R&B,Vocals / Lyrics,1999
Double Trouble,Mos Def,Hip-Hop / Rap / R&B,Vocals / Lyrics,1999
Into the Groove 2008,Madonna,Rock / Pop,Vocals / Lyrics,2010
The Garden of Eden,The Garden of Eden,Electronic / Dance,Vocals / Lyrics,1988
The Ghost of Christopher Wallace,Jay Electronica,Hip-Hop / Rap / R&B,Vocals / Lyrics,2010
The Ghost of Christopher Wallace,Diddy,Hip-Hop / Rap / R&B,Vocals / Lyrics,2010
Wassup Wassup,Diplo,Electronic / Dance,Vocals / Lyrics,2007
Wassup Wassup,Rye Rye,Electronic / Dance,Vocals / Lyrics,2007
Louder Than a Bomb,Public Enemy,Hip-Hop / Rap / R&B,Vocals / Lyrics,1988
Lyin' King,Nine,Hip-Hop / Rap / R&B,Vocals / Lyrics,1996
Folsom Prison Blues,Everlast,Hip-Hop / Rap / R&B,Vocals / Lyrics,2008
Player's Anthem,Junior M.A.F.I.A.,Hip-Hop / Rap / R&B,Vocals / Lyrics,1995
Player's Anthem,The Notorious B.I.G.,Hip-Hop / Rap / R&B,Vocals / Lyrics,1995
Feel It,Erick Sermon,Hip-Hop / Rap / R&B,Vocals / Lyrics,2004
Feel It,Sy Scott,Hip-Hop / Rap / R&B,Vocals / Lyrics,2004
Feel It,Sean Paul,Hip-Hop / Rap / R&B,Vocals / Lyrics,2004
Заколебал ты,Дискотека Авария,Hip-Hop / Rap / R&B,Vocals / Lyrics,2001
Big Brother Beat,De La Soul,Hip-Hop / Rap / R&B,Vocals / Lyrics,1996
Big Brother Beat,Mos Def,Hip-Hop / Rap / R&B,Vocals / Lyrics,1996
Just Keep Rockin' (Robin Albers Mix),Double Trouble,Electronic / Dance,Vocals / Lyrics,1989
Just Keep Rockin' (Robin Albers Mix),Rebel MC,Electronic / Dance,Vocals / Lyrics,1989
Anfield Rap,Liverpool F.C,Hip-Hop / Rap / R&B,Vocals / Lyrics,1988
Cold Lampin' With Flavor,Public Enemy,Hip-Hop / Rap / R&B,Vocals / Lyrics,1988
Hat 2 Da Back,TLC,Hip-Hop / Rap / R&B,Vocals / Lyrics,1992
Party People,Royal House,Electronic / Dance,Multiple Elements,1987
Comin' for Datazz,Gang Starr,Hip-Hop / Rap / R&B,Vocals / Lyrics,1994
Aww Yeah!,MUMA.,Hip-Hop / Rap / R&B,Vocals / Lyrics,2014
Get Down,LL Cool J,Hip-Hop / Rap / R&B,Vocals / Lyrics,1987
Milk Money,J Dilla,Hip-Hop / Rap / R&B,Vocals / Lyrics,2009
Raise 2 the Top,DJ DBC,Electronic / Dance,Vocals / Lyrics,2005
Got to Be a Love (Paul Nice Remix),Greyboy,Hip-Hop / Rap / R&B,Vocals / Lyrics,2004
Got to Be a Love (Paul Nice Remix),Quantic,Hip-Hop / Rap / R&B,Vocals / Lyrics,2004
Got to Be a Love (Paul Nice Remix),Sharon Jones,Hip-Hop / Rap / R&B,Vocals / Lyrics,2004
Troubleneck Wreck,The Troubleneck Brothers,Hip-Hop / Rap / R&B,Vocals / Lyrics,1993
House Energy Revenge,Cappella,Electronic / Dance,Vocals / Lyrics,1989
Flight Risk,Boldy James,Hip-Hop / Rap / R&B,Vocals / Lyrics,2021
Flight Risk,The Alchemist,Hip-Hop / Rap / R&B,Vocals / Lyrics,2021
"Megablast (Hip Hop on Precinct 13) (7"" Mix)",Bomb the Bass,Hip-Hop / Rap / R&B,Vocals / Lyrics,1988
Voodoo Child (Brainstorm Mix),Voodoo Child,Electronic / Dance,Vocals / Lyrics,1991
What Would We Do,DSK,Electronic / Dance,Vocals / Lyrics,1991
The Roof Is on Fire,The Orb,Electronic / Dance,Vocals / Lyrics,1989
Check This Out,Rob Base & DJ E-Z Rock,Hip-Hop / Rap / R&B,Vocals / Lyrics,1988
Let's Rock,Chrisette Michele,Hip-Hop / Rap / R&B,Vocals / Lyrics,2007
1999 She,Deaton Chris Anthony,Electronic / Dance,Vocals / Lyrics,2019
Hit It Run,Run-DMC,Hip-Hop / Rap / R&B,Vocals / Lyrics,1986
Here We Go,Freestylers,Electronic / Dance,Vocals / Lyrics,1998
Here We Go,Definition of Sound,Electronic / Dance,Vocals / Lyrics,1998
Let's All Get Down,Mac Dre,Hip-Hop / Rap / R&B,Vocals / Lyrics,1998
Get That Money,Glorilla,Hip-Hop / Rap / R&B,Vocals / Lyrics,2022
Get That Money,Niki Pooh,Hip-Hop / Rap / R&B,Vocals / Lyrics,2022
Can You Party,Royal House,Electronic / Dance,Vocals / Lyrics,1988
G.O.A.T.,Princess Nokia,Hip-Hop / Rap / R&B,Vocals / Lyrics,2017
Wind in My Sails,Earl Sweatshirt,Hip-Hop / Rap / R&B,Vocals / Lyrics,2016
1990,Orelsan,Hip-Hop / Rap / R&B,Vocals / Lyrics,2011
Welcome to INNANET,Vic Mensa,Hip-Hop / Rap / R&B,Vocals / Lyrics,2013
Travellin' Man (Remix),DJ Honda,Hip-Hop / Rap / R&B,Vocals / Lyrics,1998
Travellin' Man (Remix),Mos Def,Hip-Hop / Rap / R&B,Vocals / Lyrics,1998
Just Kickin' It (Remix),Xscape,Hip-Hop / Rap / R&B,Vocals / Lyrics,1993
Do the Right Thing,Redhead Kingpin and the FBI,Hip-Hop / Rap / R&B,Vocals / Lyrics,1989
The Way U Make Me Feel,Black Eyed Peas,Hip-Hop / Rap / R&B,Vocals / Lyrics,1998
Lions and Lambs,Big K.R.I.T.,Hip-Hop / Rap / R&B,Vocals / Lyrics,2011
Here We Go Again,Def Jef,Hip-Hop / Rap / R&B,Vocals / Lyrics,1991
Buck Em Down (Da Beatminerz Remix),Black Moon,Hip-Hop / Rap / R&B,Vocals / Lyrics,1994
Bring Me Edelweiss,Edelweiss,Electronic / Dance,Vocals / Lyrics,1988
Na Audiencji,PRO8L3M,Hip-Hop / Rap / R&B,Vocals / Lyrics,2018
Dennis Rodman,Mansionz,Rock / Pop,Vocals / Lyrics,2017
Dennis Rodman,Dennis Rodman,Rock / Pop,Vocals / Lyrics,2017
Back to the Beat,Todd Terry,Hip-Hop / Rap / R&B,Vocals / Lyrics,1988
Curb Ya Dog,Prodigy,Hip-Hop / Rap / R&B,Vocals / Lyrics,2013
Curb Ya Dog,The Alchemist,Hip-Hop / Rap / R&B,Vocals / Lyrics,2013
The Plc,Autechre,Electronic / Dance,Vocals / Lyrics,2008
We Run Things (It's Like Dat),Da Bush Babees,Hip-Hop / Rap / R&B,Vocals / Lyrics,1994
Jam Master Jay,Run-DMC,Hip-Hop / Rap / R&B,Vocals / Lyrics,1984
Come Back Home,Seo Taiji and Boys,Hip-Hop / Rap / R&B,Vocals / Lyrics,1995
Itsy Bitsy Teeny Weeny Yellow Polka Dot Bikini,Bombalurina,Rock / Pop,Vocals / Lyrics,1990
B-Boy Bouillabaisse,Beastie Boys,Hip-Hop / Rap / R&B,Vocals / Lyrics,1989
Go Stetsa I,Stetsasonic,Hip-Hop / Rap / R&B,Vocals / Lyrics,1986
The Riddle (Instrumental Mix),Gigi D'Agostino,Electronic / Dance,Vocals / Lyrics,1999
We Are the Greatest,Scooter,Electronic / Dance,Vocals / Lyrics,1998
Bass (How Low Can You Go?) (Bomb the House Mix),Simon Harris,Electronic / Dance,Vocals / Lyrics,1988
Lil' Hipster Girl,LMFAO,Electronic / Dance,Vocals / Lyrics,2009
Defective Trip (Trippin'),Gravediggaz,Hip-Hop / Rap / R&B,Vocals / Lyrics,1994
Rightstarter (Message to a Black Man),Public Enemy,Hip-Hop / Rap / R&B,Vocals / Lyrics,1987
Walking,Mary Mary,Hip-Hop / Rap / R&B,Vocals / Lyrics,2010
Somebody Scream,The Director,Electronic / Dance,Vocals / Lyrics,1995
