Deep Cover,Dr. Dre,Hip-Hop / Rap / R&B,Drums,1992
Deep Cover,Snoop Dogg,Hip-Hop / Rap / R&B,Drums,1992
Temptations,2Pac,Hip-Hop / Rap / R&B,Drums,1995
Sound of Da Police,KRS-One,Hip-Hop / Rap / R&B,Drums,1993
The Humpty Dance,Digital Underground,Hip-Hop / Rap / R&B,Drums,1989
Eazy-Duz-It,Eazy-E,Hip-Hop / Rap / R&B,Hook / Riff,1988
Fight the Power,Public Enemy,Hip-Hop / Rap / R&B,Vocals / Lyrics,1989
Eye Know,De La Soul,Hip-Hop / Rap / R&B,Drums,1989
Mr. Wendal,Arrested Development,Hip-Hop / Rap / R&B,Vocals / Lyrics,1992
They Don't Care About Us (Dallas Austin Main Mix),Michael Jackson,Hip-Hop / Rap / R&B,Hook / Riff,1996
Freak Like Me,Adina Howard,Hip-Hop / Rap / R&B,Drums,1995
Getto Jam,Domino,Hip-Hop / Rap / R&B,Multiple Elements,1993
Jazz (We've Got) (Re-Recording),A Tribe Called Quest,Hip-Hop / Rap / R&B,Hook / Riff,1991
Can't Truss It,Public Enemy,Hip-Hop / Rap / R&B,Drums,1991
Thank U,Alanis Morissette,Rock / Pop,Drums,1998
I'm That Type of Nigga,The Pharcyde,Hip-Hop / Rap / R&B,Drums,1992
Hey Hey Hey Heyyyy,J Dilla,Hip-Hop / Rap / R&B,Vocals / Lyrics,2005
Deep Cover,Dr. Dre,Hip-Hop / Rap / R&B,Drums,1992
Deep Cover,Snoop Dogg,Hip-Hop / Rap / R&B,Drums,1992
Temptations,2Pac,Hip-Hop / Rap / R&B,Drums,1995
Sound of Da Police,KRS-One,Hip-Hop / Rap / R&B,Drums,1993
The Humpty Dance,Digital Underground,Hip-Hop / Rap / R&B,Drums,1989
Eazy-Duz-It,Eazy-E,Hip-Hop / Rap / R&B,Hook / Riff,1988
Fight the Power,Public Enemy,Hip-Hop / Rap / R&B,Vocals / Lyrics,1989
Eye Know,De La Soul,Hip-Hop / Rap / R&B,Drums,1989
Mr. Wendal,Arrested Development,Hip-Hop / Rap / R&B,Vocals / Lyrics,1992
They Don't Care About Us (Dallas Austin Main Mix),Michael Jackson,Hip-Hop / Rap / R&B,Hook / Riff,1996
Freak Like Me,Adina Howard,Hip-Hop / Rap / R&B,Drums,1995
Getto Jam,Domino,Hip-Hop / Rap / R&B,Multiple Elements,1993
Jazz (We've Got) (Re-Recording),A Tribe Called Quest,Hip-Hop / Rap / R&B,Hook / Riff,1991
Can't Truss It,Public Enemy,Hip-Hop / Rap / R&B,Drums,1991
Thank U,Alanis Morissette,Rock / Pop,Drums,1998
I'm That Type of Nigga,The Pharcyde,Hip-Hop / Rap / R&B,Drums,1992
Hey Hey Hey Heyyyy,J Dilla,Hip-Hop / Rap / R&B,Vocals / Lyrics,2005
School Days,Cuties in Affect,Hip-Hop / Rap / R&B,Drums,1993
You a Bad Boy,Junior Demus,Reggae / Dub,Drums,1993
I'm Not Candy,TY Wizah,Hip-Hop / Rap / R&B,Multiple Elements,1993
Jõulud,Cool D,Hip-Hop / Rap / R&B,Drums,1995
Jibberish,Bama & the Family,World / Latin,Vocals / Lyrics,2009
America's Living in a War Zone,Gamilah Shabazz,Hip-Hop / Rap / R&B,Drums,1992
Tudo Azul,Lino Krizz,Hip-Hop / Rap / R&B,Vocals / Lyrics,2009
Children of Night,Perry Farrell,Rock / Pop,Drums,2000
Children of Night,Exene,Rock / Pop,Drums,2000
Bop Scuchie,Reverend Baddo,Reggae / Dub,Drums,1993
Let It Smoke (Remix),J-Bad,Hip-Hop / Rap / R&B,Drums,1993
F*ck W*rk,Undaworld,Hip-Hop / Rap / R&B,Drums,1993
Gotta Love a Playa Mass Ave Mix),Fly Chase,Hip-Hop / Rap / R&B,Drums,1996
Mulah $$$,Da Rezawrektaz!,Hip-Hop / Rap / R&B,Drums,1995
Hoods From Tha Woods,Northern Exposure,Hip-Hop / Rap / R&B,Drums,1994
Splittin Wigz,Madd Syco,Hip-Hop / Rap / R&B,Drums,1995
Lil Dude's Addicted,Lil' Dude and NTD,Hip-Hop / Rap / R&B,Vocals / Lyrics,1992
Illegal Activity,B-Chill,Hip-Hop / Rap / R&B,Hook / Riff,1991
Various Muthafuckas,J-Bad,Hip-Hop / Rap / R&B,Multiple Elements,1993
Maak Je Dromen Waar,Osdorp Posse,Hip-Hop / Rap / R&B,Drums,2003
Act Like You Know,Flavor Rap Productions,Hip-Hop / Rap / R&B,Multiple Elements,1992
Act Like You Know,MC Rome,Hip-Hop / Rap / R&B,Multiple Elements,1992
Act Like You Know,Jocko,Hip-Hop / Rap / R&B,Multiple Elements,1992
Grill Session,Moving Target,Hip-Hop / Rap / R&B,Vocals / Lyrics,1992
Dry Spell,Al Dirty,Hip-Hop / Rap / R&B,Hook / Riff,2005
Let It Smoke,J-Bad,Hip-Hop / Rap / R&B,Vocals / Lyrics,1993
Surnuna Sündinud,Cool D,Hip-Hop / Rap / R&B,Multiple Elements,1995
LA A.K.A Vietnam,Prophesy,Hip-Hop / Rap / R&B,Multiple Elements,1992
LA A.K.A Vietnam,Flow-Etic,Hip-Hop / Rap / R&B,Multiple Elements,1992
Too Many Girls,Billy Dee M.C.,Hip-Hop / Rap / R&B,Multiple Elements,1989
Cause Your Rhymes Don't Flow and Your Beats Don't Pump,Kinderzimmer Productions,Hip-Hop / Rap / R&B,Hook / Riff,1996
Rebel in You,The Brother/hood Nation,Hip-Hop / Rap / R&B,Drums,1992
Living on a Lie,Tribal Ink,Rock / Pop,Drums,2003
In the Place to Be,Rasan,Hip-Hop / Rap / R&B,Drums,1992
Undaworld,Unda World,Hip-Hop / Rap / R&B,Drums,1993
Red Wagon (Street Mix),Poison Ladd S.L.R.,Hip-Hop / Rap / R&B,Multiple Elements,2010
How Much Ghetto Can You Take,Too Much Trouble,Hip-Hop / Rap / R&B,Multiple Elements,1993
Stompin' Committee,Ali Dee,Hip-Hop / Rap / R&B,Drums,1993
Blow Out Da Flame,Supa Hoe,Hip-Hop / Rap / R&B,Hook / Riff,1995
Raised Like a Pitbull,AW1,Hip-Hop / Rap / R&B,Multiple Elements,1991
One 2 Da Bootlegga,Da Hoodzmen,Hip-Hop / Rap / R&B,Multiple Elements,1993
Skinz Ain't What They Used to Be,Devious (9),Hip-Hop / Rap / R&B,Drums,1993
Blackout,Villain,Hip-Hop / Rap / R&B,Drums,1994
Silent Rage (Remix),Ill State Assassins,Hip-Hop / Rap / R&B,Multiple Elements,1993
I Wonna Hit the Joint,N.O.T.S.,Hip-Hop / Rap / R&B,Drums,1994
You Fucked Up When You Slammed My Motha,The Click,Hip-Hop / Rap / R&B,Multiple Elements,1993
Warpath,Courageous Chief,Hip-Hop / Rap / R&B,Hook / Riff,1991
Can't Take No More,Jam & DKC,Hip-Hop / Rap / R&B,Drums,1996
Undaworld,Undaworld,Hip-Hop / Rap / R&B,Drums,1993
In the Box (Front Stop Mix),Pure Sinister,Hip-Hop / Rap / R&B,Hook / Riff,1992
Lyve!!!,Mixmaster D,Hip-Hop / Rap / R&B,Drums,1993
Lyve!!!,Flipsyde (2),Hip-Hop / Rap / R&B,Drums,1993
Chumps in a Slump,Illa-Dapted,Hip-Hop / Rap / R&B,Drums,1994
Advertisement,King Tee,Hip-Hop / Rap / R&B,Drums,1994
Don't Try to Step to This,Brothers in Charge,Hip-Hop / Rap / R&B,Multiple Elements,1993
Take Care Ya Bizness (Remix),Lez Moné,Hip-Hop / Rap / R&B,Drums,1994
Stylez of Uh Razzer,Halrazzers,Hip-Hop / Rap / R&B,Drums,1994
Freestyle,Cooly Live,Hip-Hop / Rap / R&B,Multiple Elements,1992
Place Aux Nouveaux Heros,Timide Et Sans Complexe,Hip-Hop / Rap / R&B,Drums,1993
Seu Futuro,Comando DMC,Hip-Hop / Rap / R&B,Drums,1995
What I Came 2 Do,MC Twist,Hip-Hop / Rap / R&B,Hook / Riff,1990
Let the Words Do the Talking,Real II Reel,Hip-Hop / Rap / R&B,Drums,1993
For My Mum,Katch 22,Hip-Hop / Rap / R&B,Drums,1993
Code Red,The K-Otic Family,Hip-Hop / Rap / R&B,Drums,1995
Earlin',K-Supreme,Hip-Hop / Rap / R&B,Drums,1994
Sky.,Purpan.,Hip-Hop / Rap / R&B,Multiple Elements,2017
Intro,Osdorp Posse,Hip-Hop / Rap / R&B,Drums,1992
Thank U,Captain Sky,Hip-Hop / Rap / R&B,Vocals / Lyrics,1990
"Easy Come, Easy Go (12"" Remix)",Joe Public,Hip-Hop / Rap / R&B,Drums,1994
I Got Tossed,Strugglin Souls,Hip-Hop / Rap / R&B,Vocals / Lyrics,1992
When I Enter His Mind,May-May Ali,Hip-Hop / Rap / R&B,Drums,1992
Put Your Ear in Da Flava,Kaotic Style,Hip-Hop / Rap / R&B,Drums,1994
Ripping Up the Industry (Re-Haul),Black Radical MKII,Hip-Hop / Rap / R&B,Vocals / Lyrics,1991
Rue Caraman,Beigels Daisy Toasts,Jazz / Blues,Drums,1995
The Trip (Evil Needle),Alex Rosén,Hip-Hop / Rap / R&B,Drums,1999
Graffiti Rhymes,Home Team,Hip-Hop / Rap / R&B,Drums,1994
Posse Jam,Def Dames,Hip-Hop / Rap / R&B,Hook / Riff,1991
Masterful Orator,Bolaji,Hip-Hop / Rap / R&B,Multiple Elements,1989
Comin' Up,Deuce Mob (Ohio Duo),Hip-Hop / Rap / R&B,Drums,1993
Dog N' Me,Art N' Soul,Hip-Hop / Rap / R&B,Drums,1996
Rising Son,Sons of Sam,Hip-Hop / Rap / R&B,Multiple Elements,2010
On Your Ass,A.M. Dre,Hip-Hop / Rap / R&B,Drums,1994
Come Get 'Em (Remix),Faede,Hip-Hop / Rap / R&B,Drums,1995
Lost (Mixxmadness),Overdose,Hip-Hop / Rap / R&B,Drums,1994
The Funky Individual,3 Grand,Hip-Hop / Rap / R&B,Vocals / Lyrics,1991
Hip-Hopcracy,D-Boy Rodriguez,Hip-Hop / Rap / R&B,Multiple Elements,1990
Hurt Me,Chop Shop,Hip-Hop / Rap / R&B,Drums,1996
Comin' Harder,Oaktown's 3-5-7,Hip-Hop / Rap / R&B,Hook / Riff,1991
Pig Skinnas 2,House of Krazees,Hip-Hop / Rap / R&B,Multiple Elements,1994
He Had a Dream,E.L-B.E,Hip-Hop / Rap / R&B,Drums,1994
Ieri Come Adesso Rmx,The Next Diffusion,Hip-Hop / Rap / R&B,Multiple Elements,2005
Ieri Come Adesso Rmx,Esa,Hip-Hop / Rap / R&B,Multiple Elements,2005
The Jewel,Def Rhythm Productions,Hip-Hop / Rap / R&B,Hook / Riff,1990
Real Wax for Your Ears,Kev-Wev,Hip-Hop / Rap / R&B,Multiple Elements,1989
Niks Te Maken (Blijdorp Posse Mix),Rotterdam Terror Corps,Electronic / Dance,Drums,1998
Noche Es-P-Cial,Siete-7 Black,Hip-Hop / Rap / R&B,Drums,1994
Gangster Original (Remix),Kid Power Posse,Hip-Hop / Rap / R&B,Drums,1993
"Come On, Just Do It",Platinum (2),Hip-Hop / Rap / R&B,Vocals / Lyrics,1992
Top of the Head,Prince Ikey C,Hip-Hop / Rap / R&B,Drums,1992
Hardcore,MC Zappa,Hip-Hop / Rap / R&B,Drums,2018
Deja Me Nacer,Gerardo,Hip-Hop / Rap / R&B,Drums,1992
Murder Capitol,Smoke (Rapper),Hip-Hop / Rap / R&B,Drums,1994
Funkadelico,Ice One,Hip-Hop / Rap / R&B,Vocals / Lyrics,1994
Funkadelico,Julie P.,Hip-Hop / Rap / R&B,Vocals / Lyrics,1994
Funkadelico,Piotta,Hip-Hop / Rap / R&B,Vocals / Lyrics,1994
Death of a Salesman,Money Boss Players,Hip-Hop / Rap / R&B,Drums,1994
Bring Dat Booty On,U Know Who,Hip-Hop / Rap / R&B,Vocals / Lyrics,1994
Jackin for Transpo,Tweedy Bird Loc,Hip-Hop / Rap / R&B,Hook / Riff,1992
Act Like U Know,Black Is Black (2),Hip-Hop / Rap / R&B,Hook / Riff,1992
O Som,Posse Mente Zulu,Hip-Hop / Rap / R&B,Multiple Elements,1998
I Got Style,Trauma Center,Hip-Hop / Rap / R&B,Drums,2013
Closer to Your Love,Kaotic Stylin,Hip-Hop / Rap / R&B,Drums,1991
Luv 2 Bag Ya,Major Stress,Hip-Hop / Rap / R&B,Drums,1997
All Live,Micranots,Hip-Hop / Rap / R&B,Drums,1999
Rolling Samurai,M-Team,Hip-Hop / Rap / R&B,Hook / Riff,1989
Roughead,Monk & Canatella,Other,Drums,1996
This Is How We Roll (Enjoy the Ride),Marco Marinangeli,Hip-Hop / Rap / R&B,Multiple Elements,1999
This Is How We Roll (Enjoy the Ride),Darius Farrelly,Hip-Hop / Rap / R&B,Multiple Elements,1999
Gardez L'Écoute,Mellowman,Hip-Hop / Rap / R&B,Drums,1995
Best Little Whorehouse in Texas,Too Much Trouble,Hip-Hop / Rap / R&B,Vocals / Lyrics,1993
Life at the BBQ,The Nutsons,Hip-Hop / Rap / R&B,Drums,2002
Life at the BBQ,Tony Infamous,Hip-Hop / Rap / R&B,Drums,2002
Swing Sump'n Ruff,Ruff -N- Rugged,Hip-Hop / Rap / R&B,Drums,1994
I'm Not a Pup,HQH Posse,Hip-Hop / Rap / R&B,Hook / Riff,1994
Black Men United,Shut Up and Dance,Hip-Hop / Rap / R&B,Multiple Elements,1995
Shelter,The Revolution,Hip-Hop / Rap / R&B,Drums,2009
Shelter,Norman Cook,Hip-Hop / Rap / R&B,Drums,2009
Shelter,Lateef the Truth Speaker,Hip-Hop / Rap / R&B,Drums,2009
Who's the Master?,Barsha,Hip-Hop / Rap / R&B,Hook / Riff,1990
Daddiez Home,Kwest Tha Madd Lad,Hip-Hop / Rap / R&B,Drums,1996
Let a Nigga Flow,Kaotic Style,Hip-Hop / Rap / R&B,Drums,1994
All Night Long,Shello,Hip-Hop / Rap / R&B,Drums,1994
Return of a Simple Song,X-Men (2),Electronic / Dance,Multiple Elements,1992
Get Right-Intro,A.M. Dre,Hip-Hop / Rap / R&B,Drums,1994
Do I Come Off,The Posse NFX,Hip-Hop / Rap / R&B,Multiple Elements,1991
Tie Goes to the Runner,Public Enemy,Hip-Hop / Rap / R&B,Vocals / Lyrics,1992
I Devistate,Desire & the Ville Posse,Hip-Hop / Rap / R&B,Vocals / Lyrics,1987
Lazy Woman,The Cenobites,Hip-Hop / Rap / R&B,Drums,2015
Because You Are So Funny,Ultramagnetic MC's,Hip-Hop / Rap / R&B,Drums,1998
Die Flucht,State of Departmentz,Hip-Hop / Rap / R&B,Vocals / Lyrics,1994
Who's in Da House (Classic Extended Mix),Flip Da Scrip,Electronic / Dance,Multiple Elements,1994
Azataki,100°C,Rock / Pop,Drums,2004
You Can't Swing This (Radio Mix),Lyrical Prophecy,Hip-Hop / Rap / R&B,Multiple Elements,1990
Burning Bridges,Rukus (3),Hip-Hop / Rap / R&B,Drums,2015
We Got the Flavor,Kaotic Stylin,Hip-Hop / Rap / R&B,Multiple Elements,1992
Thing Called Love (Alotta Love Mix),The Boys,Hip-Hop / Rap / R&B,Drums,1990
Rulin Schoolin & Coolin,Royal Flush (Rap Group),Hip-Hop / Rap / R&B,Multiple Elements,1988
I'm Servin',Disco Beave,Hip-Hop / Rap / R&B,Multiple Elements,1987
Dis Beat Is Stankin',Sylk Smoov,Hip-Hop / Rap / R&B,Vocals / Lyrics,1991
Dead Presidents (Ace of Spades Mix),Phace,Hip-Hop / Rap / R&B,Hook / Riff,1995
Ain't 2 Proud 2 Beg (Left Eye's 3 Minutes and Counting),TLC,Hip-Hop / Rap / R&B,Drums,1991
The Bomb Drops,Jeep Beat Collective,Hip-Hop / Rap / R&B,Drums,1995
On the Dope Side,3-D,Hip-Hop / Rap / R&B,Vocals / Lyrics,1987
Underground Blues,College Boyz,Hip-Hop / Rap / R&B,Drums,1992
Keep a Handle,J.V.C. F.O.R.C.E.,Hip-Hop / Rap / R&B,Multiple Elements,1990
It's Like That,Supreme NYborn,Hip-Hop / Rap / R&B,Drums,1991
Mother Fuckin' Thugs,Too Much Trouble,Hip-Hop / Rap / R&B,Vocals / Lyrics,1992
Too Funky,3-2 Get Funky,Hip-Hop / Rap / R&B,Vocals / Lyrics,1993
No Frontin' Allowed (Down Groove Mix),MC Breed,Hip-Hop / Rap / R&B,Hook / Riff,1992
Niggarz in a State of Emergency,E.L. Me and the Street Products,Hip-Hop / Rap / R&B,Drums,1992
Six in the Chamber,Insane Poetry,Hip-Hop / Rap / R&B,Multiple Elements,1992
Check Us Out,Tymz Up,Hip-Hop / Rap / R&B,Multiple Elements,1993
Close the Crackhouse,Professor X the Overseer,Hip-Hop / Rap / R&B,Hook / Riff,1993
Close the Crackhouse,Big Daddy Kane,Hip-Hop / Rap / R&B,Hook / Riff,1993
Close the Crackhouse,Chuck D,Hip-Hop / Rap / R&B,Hook / Riff,1993
Close the Crackhouse,Wise Intelligent,Hip-Hop / Rap / R&B,Hook / Riff,1993
Dopemix Vol. 1,DJ Prince Ice,Hip-Hop / Rap / R&B,Vocals / Lyrics,1988
One a We Two a Wi,Mykal Rose,Reggae / Dub,Vocals / Lyrics,1995
9 Minut Poezie,Chaozz,Hip-Hop / Rap / R&B,Multiple Elements,1997
9 Minut Poezie,Afro,Hip-Hop / Rap / R&B,Multiple Elements,1997
9 Minut Poezie,Kosa,Hip-Hop / Rap / R&B,Multiple Elements,1997
9 Minut Poezie,Mike T.,Hip-Hop / Rap / R&B,Multiple Elements,1997
9 Minut Poezie,Hafi,Hip-Hop / Rap / R&B,Multiple Elements,1997
9 Minut Poezie,Cak-P,Hip-Hop / Rap / R&B,Multiple Elements,1997
9 Minut Poezie,Bizzy B,Hip-Hop / Rap / R&B,Multiple Elements,1997
The Fucking Masters,Tankeone,Hip-Hop / Rap / R&B,Multiple Elements,2006
The Fucking Masters,JK47,Hip-Hop / Rap / R&B,Multiple Elements,2006
The Fucking Masters,Winnie,Hip-Hop / Rap / R&B,Multiple Elements,2006
They Don't Know,Dred Scott,Hip-Hop / Rap / R&B,Drums,1994
No Mr. Nice Guy,Pauly & the DP Boyz,Hip-Hop / Rap / R&B,Drums,1993
Funk the Beat,The Megatons,Reggae / Dub,Hook / Riff,1970
Untouchable,Mobstyle,Hip-Hop / Rap / R&B,Hook / Riff,1990
Pull the Trigger and Step,The Cenobites,Hip-Hop / Rap / R&B,Drums,2015
For Real Tho',LeVert,Hip-Hop / Rap / R&B,Drums,1992
Wreckognize,Omniscience,Hip-Hop / Rap / R&B,Drums,1993
Pu' Sho Hands 2 Getha (Fist N Yo' Face Mix),Me Phi Me,Hip-Hop / Rap / R&B,Drums,1992
Hold 'Em Back (What's the Meaning?),Yaggfu Front,Hip-Hop / Rap / R&B,Drums,1993
What U Saying,Money Boss Players,Hip-Hop / Rap / R&B,Drums,1994
Born Suspect,The Original Point Blank,Hip-Hop / Rap / R&B,Hook / Riff,1993
1000 Watts,E.L. Me and the Street Products,Hip-Hop / Rap / R&B,Drums,1992
Cold Young Niggaz,Havoc & Prodeje,Hip-Hop / Rap / R&B,Vocals / Lyrics,1993
Definitely On,Radikal Doodz,Hip-Hop / Rap / R&B,Drums,1993
Here I Come (Radio Version),Gotham Kidz,Hip-Hop / Rap / R&B,Drums,1996
Skinny Dip (Got It Goin' On),Ed O.G. & Da Bulldogs,Hip-Hop / Rap / R&B,Drums,1993
The Bossman,Brick Flava,Hip-Hop / Rap / R&B,Drums,1993
Twoya Coorka ?!,Liroy,Hip-Hop / Rap / R&B,Drums,1996
East Coast (Remix),Das EFX,Hip-Hop / Rap / R&B,Drums,1992
6 A.M.,Reuben Vincent,Hip-Hop / Rap / R&B,Drums,2017
Сокол / Falcon,Би-2,Rock / Pop,Drums,2001
Rien D'Plus,Demi Portion,Hip-Hop / Rap / R&B,Drums,2013
Rockin' on the Go-Go Scene,Richie Rich,Hip-Hop / Rap / R&B,Hook / Riff,1989
They Still Gafflin,Compton's Most Wanted,Hip-Hop / Rap / R&B,Drums,1991
On Veut D'la Thune,Malka Family,Soul / Funk / Disco,Hook / Riff,1997
I'm So Into You (Teddy's Radio Mix),SWV,Hip-Hop / Rap / R&B,Multiple Elements,1993
Playing for Keeps,Po Broke Souls,Hip-Hop / Rap / R&B,Multiple Elements,1992
30's -N- Lows,Bass Patrol,Hip-Hop / Rap / R&B,Vocals / Lyrics,1992
Hit Da Road Jack,Public Enemy,Hip-Hop / Rap / R&B,Vocals / Lyrics,1992
Casha's Demo,Hi-C,Hip-Hop / Rap / R&B,Drums,1993
Casha's Demo,Casha (Rapper),Hip-Hop / Rap / R&B,Drums,1993
Trunk of Funk,Papa Chuk,Hip-Hop / Rap / R&B,Multiple Elements,1994
We Run N.Y.,French Montana,Hip-Hop / Rap / R&B,Multiple Elements,2010
We Run N.Y.,Fat Joe,Hip-Hop / Rap / R&B,Multiple Elements,2010
The Mind Is a Terrible Thing to Waste,KC Work,Hip-Hop / Rap / R&B,Vocals / Lyrics,1988
The Other Side,Stereo MC's,Hip-Hop / Rap / R&B,Multiple Elements,1990
It Ain't What It Used to Be,Trinity Garden Cartel,Hip-Hop / Rap / R&B,Multiple Elements,1992
On Tour,Donald D,Hip-Hop / Rap / R&B,Multiple Elements,1989
Soulful Football,Willie Henderson,Soul / Funk / Disco,Vocals / Lyrics,1970
Smiling Faces Sometimes (Baka Boyz Remix),G.A.T.,Hip-Hop / Rap / R&B,Drums,1995
Smiling Faces Sometimes (Baka Boyz Remix),Coolio,Hip-Hop / Rap / R&B,Drums,1995
Made in Japan,You the Rock,Hip-Hop / Rap / R&B,Drums,1993
Made in Japan,DJ Ben,Hip-Hop / Rap / R&B,Drums,1993
Ain't It Funky,2 Damn,Hip-Hop / Rap / R&B,Multiple Elements,1990
Notorious the Dictator,Notoriou$ Nate,Hip-Hop / Rap / R&B,Vocals / Lyrics,1992
Gotz Da Flow Ta This,Mad Flava,Hip-Hop / Rap / R&B,Drums,1994
The Return of the Holy One,YZ,Hip-Hop / Rap / R&B,Hook / Riff,1993
It's All Good (Club Mix),MC Hammer,Hip-Hop / Rap / R&B,Drums,1994
Thinka 'Bout It,Paris,Hip-Hop / Rap / R&B,Vocals / Lyrics,1992
Shade Tree Gangsta,Raheem,Hip-Hop / Rap / R&B,Drums,1992
Track the Groove,DJ Shadow,Electronic / Dance,Multiple Elements,2008
Can U Dig IT,Hardwe're,Hip-Hop / Rap / R&B,Drums,1993
I Devistate,M C DeSire,Hip-Hop / Rap / R&B,Vocals / Lyrics,1987
Jail Sale,Professor Griff,Hip-Hop / Rap / R&B,Vocals / Lyrics,1991
Bring It Down to Earth,Ultramagnetic MC's,Hip-Hop / Rap / R&B,Drums,1993
Outside,Jared Evan,Hip-Hop / Rap / R&B,Drums,2014
Outside,Statik Selektah,Hip-Hop / Rap / R&B,Drums,2014
Outside,Ransom,Hip-Hop / Rap / R&B,Drums,2014
I Don't Dance,Compton's Most Wanted,Hip-Hop / Rap / R&B,Drums,1991
Flavor Man,Busy Bee,Hip-Hop / Rap / R&B,Drums,1992
Social Psychotics,Gunshot,Hip-Hop / Rap / R&B,Drums,1993
Dis Groove Is Bad,Schoolly D,Hip-Hop / Rap / R&B,Hook / Riff,1987
Cinematic Soul,Barry Adamson,Electronic / Dance,Hook / Riff,2002
Mr. Flamboyant,The Click,Hip-Hop / Rap / R&B,Vocals / Lyrics,1992
Big Trax,J.V.C. F.O.R.C.E.,Hip-Hop / Rap / R&B,Drums,1992
Mr. Flamboyant (RAP),E-40,Hip-Hop / Rap / R&B,Vocals / Lyrics,1991
Get It 2 Win It,Hideki Naganuma,Soundtrack / Library,Drums,2004
Gettin' Stupid,Mellow Man Ace,Hip-Hop / Rap / R&B,Hook / Riff,1989
3 Strikes Ya Out,King Tee,Hip-Hop / Rap / R&B,Drums,1994
Day 2 Day,A.D.O.R.,Hip-Hop / Rap / R&B,Drums,1994
That's How I'm Livin',"Black, Rock & Ron",Hip-Hop / Rap / R&B,Hook / Riff,1989
The Edge,RBX,Hip-Hop / Rap / R&B,Multiple Elements,1995
K.P.,Krush Posse,Hip-Hop / Rap / R&B,Multiple Elements,1990
Theramixx,Rumpletilskinz,Hip-Hop / Rap / R&B,Drums,1993
A Simple Song,Mc Bomber,Hip-Hop / Rap / R&B,Multiple Elements,2019
Head Banger (Remix Radio Edit),EPMD,Hip-Hop / Rap / R&B,Drums,1992
Head Banger (Remix Radio Edit),K-Solo,Hip-Hop / Rap / R&B,Drums,1992
Head Banger (Remix Radio Edit),Redman,Hip-Hop / Rap / R&B,Drums,1992
Kanata Kara No Tegami (Pete Rock Remix),Scha Dara Parr,Hip-Hop / Rap / R&B,Drums,1995
187 4 Life,Mass 187,Hip-Hop / Rap / R&B,Drums,1995
MIB2 Remix (Album Version),Will Smith,Hip-Hop / Rap / R&B,Drums,2002
MIB2 Remix (Album Version),Tra-Knox,Hip-Hop / Rap / R&B,Drums,2002
Your Life's a Cartoon,Digital Underground,Hip-Hop / Rap / R&B,Drums,1988
Perla,C.R.O,Hip-Hop / Rap / R&B,Drums,2016
Dogfight,Bad Company UK,Electronic / Dance,Drums,2001
Kick the Bobo (Beatnuts Remix),Prime Minister Pete Nice,Hip-Hop / Rap / R&B,Hook / Riff,1993
Kick the Bobo (Beatnuts Remix),Daddy Rich,Hip-Hop / Rap / R&B,Hook / Riff,1993
Daddy,ADL,Hip-Hop / Rap / R&B,Drums,1993
Belly of the Beast,Lifers Group,Hip-Hop / Rap / R&B,Vocals / Lyrics,1991
Get Stupid... Again,Original Concept,Hip-Hop / Rap / R&B,Multiple Elements,1988
Funky Westside,Tone Loc,Hip-Hop / Rap / R&B,Vocals / Lyrics,1991
That's How It Is (Disseshowedo Mix),Casual,Hip-Hop / Rap / R&B,Drums,1993
Descent,Godflesh,Rock / Pop,Drums,1999
"Right Here/Human Nature (""Remix by David Meyer"")",SWV,Hip-Hop / Rap / R&B,Vocals / Lyrics,1993
Mr. Autumn,Scha Dara Parr,Hip-Hop / Rap / R&B,Drums,1996
This Is It (Off Da Head Remix),Lin Que,Hip-Hop / Rap / R&B,Drums,1993
About Nothing (For the Love of Destiny),P.M. Dawn,Hip-Hop / Rap / R&B,Drums,1993
Guillotine Rap Technika,Funktasztikus,Hip-Hop / Rap / R&B,Drums,2011
Let It Go,Lisa Lisa & Cult Jam,Hip-Hop / Rap / R&B,Drums,1991
Harder Dan Te Hard,Osdorp Posse,Hip-Hop / Rap / R&B,Drums,1995
The Track,ASAP Productions,Hip-Hop / Rap / R&B,Drums,1995
Chocolate Sugar,Six Feet Under (Le Cam Records),Soul / Funk / Disco,Hook / Riff,1969
Frankenstar,Public Enemy,Hip-Hop / Rap / R&B,Drums,2007
Bionic,Camp Lo,Hip-Hop / Rap / R&B,Drums,2009
No Place to Go,1st Down,Hip-Hop / Rap / R&B,Hook / Riff,1992
First 2 Bomb (Remix),Yaki Kadafi,Hip-Hop / Rap / R&B,Drums,2004
First 2 Bomb (Remix),2Pac,Hip-Hop / Rap / R&B,Drums,2004
First 2 Bomb (Remix),Fatalveli,Hip-Hop / Rap / R&B,Drums,2004
Holiday Madness,Kam,Hip-Hop / Rap / R&B,Drums,1993
Scream,Rappinstine,Hip-Hop / Rap / R&B,Multiple Elements,1987
Introduction 2 Dance,J.V.C. F.O.R.C.E.,Hip-Hop / Rap / R&B,Drums,1990
Ain't That a Bitch,DJ Shadow,Electronic / Dance,Multiple Elements,2008
Hold Up Your Hands,Freestylers,Electronic / Dance,Vocals / Lyrics,1998
Danse,Suprême NTM,Hip-Hop / Rap / R&B,Hook / Riff,1991
Me La Pelas,Mellow Man Ace,Hip-Hop / Rap / R&B,Multiple Elements,1992
Don't Get Me Started,Big Lady K,Hip-Hop / Rap / R&B,Hook / Riff,1988
Funky Music Sho Nuff Turns Me On,The Temptations,Soul / Funk / Disco,Vocals / Lyrics,1972
Charizma What,Charizma,Hip-Hop / Rap / R&B,Drums,2003
Charizma What,Peanut Butter Wolf,Hip-Hop / Rap / R&B,Drums,2003
Did You See Her Eyes,The Illusion,Rock / Pop,Multiple Elements,1969
Torture,Moda Et Dan,Hip-Hop / Rap / R&B,Drums,1995
Can't Be Touched,Sean T,Hip-Hop / Rap / R&B,Hook / Riff,1993
Unity,N.R.G.,Electronic / Dance,Vocals / Lyrics,1992
They Want Money,Kool Moe Dee,Hip-Hop / Rap / R&B,Hook / Riff,1989
Love Enuff,Soul II Soul,Soul / Funk / Disco,Drums,1995
Crack Da Weasel (Dat Other Shit),Da King & I,Hip-Hop / Rap / R&B,Drums,1993
Walk With Me,Deejay Element,Hip-Hop / Rap / R&B,Multiple Elements,2013
Walk With Me,Soul Khan,Hip-Hop / Rap / R&B,Multiple Elements,2013
Walk With Me,J Swiss,Hip-Hop / Rap / R&B,Multiple Elements,2013
Walk With Me,Gorilla Tao,Hip-Hop / Rap / R&B,Multiple Elements,2013
It's All About You,Cut King,Hip-Hop / Rap / R&B,Hook / Riff,1987
Simple Song,DJ Adlib,Hip-Hop / Rap / R&B,Vocals / Lyrics,2006
Nuttin Ass Nigga,E-40,Hip-Hop / Rap / R&B,Vocals / Lyrics,1993
My Technology,Worthy D and the Boys,Hip-Hop / Rap / R&B,Drums,1988
Old School Flava,The Treacherous Three,Hip-Hop / Rap / R&B,Multiple Elements,1994
Rap Symfonia,Wzgórze Ya-Pa 3,Hip-Hop / Rap / R&B,Drums,2002
Cray-Z,Fu-Schnickens,Hip-Hop / Rap / R&B,Drums,1994
Video Dames,MC Zappa,Hip-Hop / Rap / R&B,Drums,2018
Mackstress,Yo-Yo,Hip-Hop / Rap / R&B,Vocals / Lyrics,1993
Beastman,RAM Trilogy,Electronic / Dance,Drums,2001
It Just Don't Faze Me,Black Poets,Hip-Hop / Rap / R&B,Drums,1993
Dope on Plastic,Funkmaster Flex,Hip-Hop / Rap / R&B,Drums,1993
Live & Direct,Live & Direct,Hip-Hop / Rap / R&B,Vocals / Lyrics,1988
40G's and a 9,Blackstract,Hip-Hop / Rap / R&B,Hook / Riff,1994
Hide 'N Seek,E-40,Hip-Hop / Rap / R&B,Hook / Riff,1993
Boombap Zulu,Square Lohkoh,Hip-Hop / Rap / R&B,Drums,2009
Fuck 1 Time,Success - N - Effect,Hip-Hop / Rap / R&B,Multiple Elements,1992
What a Difference,Chubb Rock,Hip-Hop / Rap / R&B,Vocals / Lyrics,1989
What a Difference,Howie Tee,Hip-Hop / Rap / R&B,Vocals / Lyrics,1989
Spirit of the Boogie (Bushwick Boogie Street Mix),Finsta Bundy,Hip-Hop / Rap / R&B,Drums,1993
All We Got Left Is the Beat,LL Cool J,Hip-Hop / Rap / R&B,Drums,1993
Sugar,O.C.,Hip-Hop / Rap / R&B,Drums,2010
Bullets Entering Chest,Gunshot,Hip-Hop / Rap / R&B,Multiple Elements,1993
Top Billin' (Clark Kent Super Mix),Audio Two,Hip-Hop / Rap / R&B,Drums,1992
Straight 98,Double O,Electronic / Dance,Drums,2015
Finsta Baby,Finsta Bundy,Hip-Hop / Rap / R&B,Drums,1992
Rollercoaster Ride,Most High Brotherz,Hip-Hop / Rap / R&B,Multiple Elements,2000
All She Wanted (Remix),Knucklehedz,Hip-Hop / Rap / R&B,Drums,1993
Heartless Mother Fucker,Totally Insane,Hip-Hop / Rap / R&B,Hook / Riff,1992
Everyday It's a Hot Day,Gatekeepaz,Hip-Hop / Rap / R&B,Multiple Elements,1999
Mental Midgets Gotta Go,True Hustlers,Hip-Hop / Rap / R&B,Multiple Elements,1989
The Hatred,Chubb Rock,Hip-Hop / Rap / R&B,Drums,1992
Boxcutters,We Be I,Hip-Hop / Rap / R&B,Vocals / Lyrics,2001
Need I Say More,Lyric Lords,Hip-Hop / Rap / R&B,Multiple Elements,1993
Funky Gripsta,Ice-T,Hip-Hop / Rap / R&B,Drums,1993
Funky Gripsta,Gripsta,Hip-Hop / Rap / R&B,Drums,1993
Just Funky,Boyz Wit Da Bass,Hip-Hop / Rap / R&B,Hook / Riff,1993
"Funk Medley (1,2,3 &..And Four)",Radical Stuff,Hip-Hop / Rap / R&B,Drums,1992
Get Help,MC Paul Barman,Hip-Hop / Rap / R&B,Drums,2009
How Ya Gonna Reason With a Psycho?,Insane Poetry,Hip-Hop / Rap / R&B,Drums,1992
On We Go,Doom (2),Hip-Hop / Rap / R&B,Multiple Elements,1989
Zpomal!,Chaozz,Hip-Hop / Rap / R&B,Drums,1997
Throw Ya Funky Hands Up,Time Zone,Hip-Hop / Rap / R&B,Drums,1995
Throw Ya Funky Hands Up,Queen Asia,Hip-Hop / Rap / R&B,Drums,1995
Go for What You Know,MC Paradise,Hip-Hop / Rap / R&B,Hook / Riff,1987
Ghetto Is a Trap,TRU,Hip-Hop / Rap / R&B,Multiple Elements,1993
Bounce,Zero G,Hip-Hop / Rap / R&B,Drums,2017
Vueltas D,El Puto De,Hip-Hop / Rap / R&B,Multiple Elements,2007
Vueltas D,Vision D,Hip-Hop / Rap / R&B,Multiple Elements,2007
You Can't Bring Me Down,D.J. Johnny Fresh,Hip-Hop / Rap / R&B,Vocals / Lyrics,1992
Listen to Me Brother,A.P.G. Crew,Hip-Hop / Rap / R&B,Multiple Elements,1989
J.B.'s Revenge,Joe Blakk,Hip-Hop / Rap / R&B,Vocals / Lyrics,1994
Bacon & Grits,Rondo & Crazy Rak,Hip-Hop / Rap / R&B,Drums,1994
Terror N Yo Era,Trauma Center,Hip-Hop / Rap / R&B,Drums,1994
Can't Do Nuttin' for Ya Man (Dub Mixx),Public Enemy,Hip-Hop / Rap / R&B,Vocals / Lyrics,1990
Crazy Love (B. Boy Mix),CeCe Peniston,Hip-Hop / Rap / R&B,Drums,1992
2 Much Nigga,N.O.T.S.,Hip-Hop / Rap / R&B,Drums,1992
One Just Ain't Enough,Choice,Hip-Hop / Rap / R&B,Hook / Riff,1992
Anything You Want,Tairrie B.,Hip-Hop / Rap / R&B,Vocals / Lyrics,1990
Anything You Want,Eazy-E,Hip-Hop / Rap / R&B,Vocals / Lyrics,1990
Lettin' Off Steam,Papa Dee,Hip-Hop / Rap / R&B,Hook / Riff,1991
My Kinda Girl (Super Hip Hop Mix),Rude Boys,Hip-Hop / Rap / R&B,Multiple Elements,1992
Brain on Kane,Who Am I?,Hip-Hop / Rap / R&B,Multiple Elements,1991
Two Tears in a Bucket (Intro),Screamin' & Cryin',Hip-Hop / Rap / R&B,Multiple Elements,1992
For All My People Locked Down,Us Plus One,Hip-Hop / Rap / R&B,Drums,1994
Future,The Good Girls,Hip-Hop / Rap / R&B,Drums,1992
Mit Tettél értem Mostanában (Jay Bras '13 Remix),Halott Pénz,Hip-Hop / Rap / R&B,Multiple Elements,2013
Bout Time I Funk You,Marky Mark and the Funky Bunch,Hip-Hop / Rap / R&B,Drums,1991
I'm Vex,J-Crush,Hip-Hop / Rap / R&B,Multiple Elements,1993
Strike Up the Band,Brotherhood From Anotherhood,Hip-Hop / Rap / R&B,Drums,1994
Love Enuff (Maserati New York Mix),Soul II Soul,Soul / Funk / Disco,Drums,1995
Thank-full,Marvelous JC,Hip-Hop / Rap / R&B,Multiple Elements,1989
Thank-full,The Unique Force,Hip-Hop / Rap / R&B,Multiple Elements,1989
Look at Me Now,Kool Moe Dee,Hip-Hop / Rap / R&B,Vocals / Lyrics,1993
Global Vibe,X-Static,Electronic / Dance,Vocals / Lyrics,1993
Black Court in Session,Tweedy Bird Loc,Hip-Hop / Rap / R&B,Drums,1992
Black Court in Session,Nini X,Hip-Hop / Rap / R&B,Drums,1992
Rated P.G.,Da Youngsta's,Hip-Hop / Rap / R&B,Hook / Riff,1992
Gangsta Props,Nini X,Hip-Hop / Rap / R&B,Drums,1994
"Easy Come, Easy Go (Remix Edit)",Joe Public,Hip-Hop / Rap / R&B,Drums,1994
Don't Accept Mass Notion,D.A.M.N.,Hip-Hop / Rap / R&B,Vocals / Lyrics,1989
The Loc,B.O.X.,Hip-Hop / Rap / R&B,Drums,1991
As I Reminisce,Buffalo Soldiers,Hip-Hop / Rap / R&B,Hook / Riff,1990
Phenomenon,Limp Bizkit,Hip-Hop / Rap / R&B,Drums,2003
I Can't Stand a Rat,Mad CJ Mac,Hip-Hop / Rap / R&B,Drums,1995
Ripping Up the Industry (Part 2),Black Radical MKII,Hip-Hop / Rap / R&B,Vocals / Lyrics,1990
Army of Me (Beastie Boys Mix),Björk,Hip-Hop / Rap / R&B,Drums,1995
I Made Love (4 Da Very 1st Time),Little Shawn,Hip-Hop / Rap / R&B,Drums,1992
You Couldnt See Me,Insight the Truncator,Hip-Hop / Rap / R&B,Vocals / Lyrics,2017
You Couldnt See Me,Damu the Fudgemunk,Hip-Hop / Rap / R&B,Vocals / Lyrics,2017
Family Affair,Shabba Ranks,Reggae / Dub,Drums,1993
Family Affair,Patra,Reggae / Dub,Drums,1993
Family Affair,Terri & Monica,Reggae / Dub,Drums,1993
Playground,Another Bad Creation,Hip-Hop / Rap / R&B,Drums,1991
Pussy Ass Kid and Hoe Ass Play (Payback Is a Mutha Fucker),Luke,Hip-Hop / Rap / R&B,Hook / Riff,1992
Pussy Ass Kid and Hoe Ass Play (Payback Is a Mutha Fucker),Bust Down,Hip-Hop / Rap / R&B,Hook / Riff,1992
Pussy Ass Kid and Hoe Ass Play (Payback Is a Mutha Fucker),JT Money,Hip-Hop / Rap / R&B,Hook / Riff,1992
Back to the Scene of the Bass,Terminator X,Hip-Hop / Rap / R&B,Hook / Riff,1991
Check It Out Ch'all,Paris,Hip-Hop / Rap / R&B,Drums,1992
Sweet Therapy,Rumpletilskinz,Hip-Hop / Rap / R&B,Drums,1993
You Know My Style,Pure Sinister,Hip-Hop / Rap / R&B,Drums,2011
Latin Lingo (Prince Paul Mix),Cypress Hill,Hip-Hop / Rap / R&B,Drums,1992
On the Sly,Sweatshop Union,Hip-Hop / Rap / R&B,Multiple Elements,2003
Krak Da Weazel,Da King & I,Hip-Hop / Rap / R&B,Drums,1993
Too Close,Deda,Hip-Hop / Rap / R&B,Drums,2003
Bus Dat Ass,King Tee,Hip-Hop / Rap / R&B,Multiple Elements,1992
Bus Dat Ass,Tha Alkaholiks,Hip-Hop / Rap / R&B,Multiple Elements,1992
Where's Da Party At,Doug E. Fresh,Hip-Hop / Rap / R&B,Drums,1995
Kid Named Flash,Grandmaster Flash,Hip-Hop / Rap / R&B,Multiple Elements,1987
Time 4 Sum Aksion (Remix),Redman,Hip-Hop / Rap / R&B,Drums,1993
Assault on Babylon,Thievery Corporation,Electronic / Dance,Drums,1998
Take Time,Lenny Kravitz,Rock / Pop,Drums,1998
Genuine Article,Kid Rock,Rock / Pop,Hook / Riff,1990
Slap This,Rawmatik,Hip-Hop / Rap / R&B,Drums,2013
Slap This,Edo G,Hip-Hop / Rap / R&B,Drums,2013
Slap This,Bankos,Hip-Hop / Rap / R&B,Drums,2013
Overkooled,Masaki Sakamoto,Soundtrack / Library,Drums,2006
Un Noir Tue Un Noir,Les Sages Poetes De La Rue,Hip-Hop / Rap / R&B,Hook / Riff,1995
Stereotype,Kam,Hip-Hop / Rap / R&B,Multiple Elements,1993
You Got My Back,The Beatnuts,Hip-Hop / Rap / R&B,Drums,2009
Make Some Noise,Double XX Posse,Hip-Hop / Rap / R&B,Drums,1995
On Fout Le Dawa,Driver,Hip-Hop / Rap / R&B,Drums,1998
On Fout Le Dawa,Dany Dan,Hip-Hop / Rap / R&B,Drums,1998
On Fout Le Dawa,Diam's,Hip-Hop / Rap / R&B,Drums,1998
On Fout Le Dawa,KDD,Hip-Hop / Rap / R&B,Drums,1998
Freedom of Soul,Freedom of Soul,Hip-Hop / Rap / R&B,Drums,1991
Lethal,All for One (Rap Group),Hip-Hop / Rap / R&B,Multiple Elements,1992
Blows to the Temple,Common,Hip-Hop / Rap / R&B,Drums,1992
Never Ever Far,Todd Edwards,Electronic / Dance,Vocals / Lyrics,1995
Showcase,Phil Harmonic,Hip-Hop / Rap / R&B,Hook / Riff,2005
Showcase,Sean Price,Hip-Hop / Rap / R&B,Hook / Riff,2005
Silver & Gold,Musiq Soulchild,Hip-Hop / Rap / R&B,Drums,2011
I Wish (Street Mix),Skee-Lo,Hip-Hop / Rap / R&B,Drums,1995
Takin' No Shorts,Witch Doctor,Hip-Hop / Rap / R&B,Multiple Elements,1988
Trouble,Scorpio (Drum & Bass),Electronic / Dance,Drums,1997
There's a DJ in Your Town,Samson and Delilah,Soul / Funk / Disco,Vocals / Lyrics,1969
Rakin' in the Dough (Uptown Bounce Mix),Zhigge,Hip-Hop / Rap / R&B,Drums,1992
Nasty,Wais P,Hip-Hop / Rap / R&B,Drums,2014
Nasty,Statik Selektah,Hip-Hop / Rap / R&B,Drums,2014
Watch Roger Do His Thing,Main Source,Hip-Hop / Rap / R&B,Drums,1991
In the House,Run-DMC,Hip-Hop / Rap / R&B,Drums,1993
It's a Man's World,Ice Cube,Hip-Hop / Rap / R&B,Vocals / Lyrics,1990
It's a Man's World,Yo-Yo,Hip-Hop / Rap / R&B,Vocals / Lyrics,1990
Long Beach Thang,Domino,Hip-Hop / Rap / R&B,Drums,1993
Simple as That,Jungle Brothers,Hip-Hop / Rap / R&B,Drums,1993
Blue Steel,M.O.P.,Hip-Hop / Rap / R&B,Drums,1994
You Got It,Jodeci,Hip-Hop / Rap / R&B,Drums,1993
You Got It,Redman,Hip-Hop / Rap / R&B,Drums,1993
It's in My Song,Stetsasonic,Hip-Hop / Rap / R&B,Multiple Elements,1988
No Return,Canibus,Hip-Hop / Rap / R&B,Drums,2003
"What Go Around Come Around, Kid",Cypress Hill,Hip-Hop / Rap / R&B,Drums,1993
Nouvelle Ecole,Suprême NTM,Hip-Hop / Rap / R&B,Drums,1995
Boys Will Be Boys,Backstreet Boys,Rock / Pop,Vocals / Lyrics,1996
Profile of Juvenile,Mexican Mack,Hip-Hop / Rap / R&B,Multiple Elements,1993
Profile of Juvenile,A.N.T. (Rapper),Hip-Hop / Rap / R&B,Multiple Elements,1993
Profile of Juvenile,M.A.D.,Hip-Hop / Rap / R&B,Multiple Elements,1993
Can't Stop the Bum Rush,Kris Kross,Hip-Hop / Rap / R&B,Multiple Elements,1992
Feel the High,Finsta Bundy,Hip-Hop / Rap / R&B,Drums,1995
Ready for the Winter,Deda,Hip-Hop / Rap / R&B,Multiple Elements,2017
Bags Packed,Akinyele,Hip-Hop / Rap / R&B,Multiple Elements,1993
Success,Jodeci,Hip-Hop / Rap / R&B,Multiple Elements,1993
Tha Anthem,Dredknotz,Hip-Hop / Rap / R&B,Drums,1994
Magnum Opus (Remix),Top Quality,Hip-Hop / Rap / R&B,Drums,1993
Gangsta's Fairytale 2,Ice Cube,Hip-Hop / Rap / R&B,Vocals / Lyrics,1992
Check It Out,Das EFX,Hip-Hop / Rap / R&B,Drums,1993
Super Crip,Snoop Dogg,Hip-Hop / Rap / R&B,Drums,2016
Worldwide,Del the Funky Homosapien,Hip-Hop / Rap / R&B,Drums,1993
Ghetto Red Hot (Hip Hop Mix),Super Cat,Hip-Hop / Rap / R&B,Drums,1992
The Sting,Louie Rankin,Hip-Hop / Rap / R&B,Hook / Riff,1992
The Sting,Red Hot Lover Tone,Hip-Hop / Rap / R&B,Hook / Riff,1992
Hard Like a Criminal,Das EFX,Hip-Hop / Rap / R&B,Multiple Elements,1992
Ready for Dem,Naughty by Nature,Hip-Hop / Rap / R&B,Drums,1993
Ready for Dem,Heavy D,Hip-Hop / Rap / R&B,Drums,1993
B.B.D. (I Thought It Was Me)? (Remix),Bell Biv DeVoe,Hip-Hop / Rap / R&B,Multiple Elements,1991
Hey Brother,Adriana Evans,Hip-Hop / Rap / R&B,Drums,1997
Revolution,Arrested Development,Hip-Hop / Rap / R&B,Multiple Elements,1992
Ricochet,Ice-T,Hip-Hop / Rap / R&B,Multiple Elements,1991
The Return of the Crazy One,Digital Underground,Hip-Hop / Rap / R&B,Drums,1993
1-900-Dial-A-Crook,Convicts,Hip-Hop / Rap / R&B,Vocals / Lyrics,1991
1-900-Dial-A-Crook,Geto Boys,Hip-Hop / Rap / R&B,Vocals / Lyrics,1991
We in There,Boogie Down Productions,Hip-Hop / Rap / R&B,Drums,1992
Gets Into His Move,Stezo,Hip-Hop / Rap / R&B,Multiple Elements,1989
Blast if I Have To,E-A-Ski,Hip-Hop / Rap / R&B,Drums,1995
Walk Don't Walk,Prince,Rock / Pop,Drums,1991
Early,Freeway,Hip-Hop / Rap / R&B,Multiple Elements,2012
Stay Real,Erick Sermon,Hip-Hop / Rap / R&B,Drums,1993
Represent,Showbiz & A.G.,Hip-Hop / Rap / R&B,Drums,1992
Represent,Big L,Hip-Hop / Rap / R&B,Drums,1992
Represent,Lord Finesse,Hip-Hop / Rap / R&B,Drums,1992
Soldiers Gone Psyco,Heltah Skeltah,Hip-Hop / Rap / R&B,Multiple Elements,1996
Brothers Gonna Work It Out,Public Enemy,Hip-Hop / Rap / R&B,Vocals / Lyrics,1990
Your Honor,Fat Joe,Hip-Hop / Rap / R&B,Hook / Riff,2013
Your Honor,Action Bronson,Hip-Hop / Rap / R&B,Hook / Riff,2013
Peep Game,2Pac,Hip-Hop / Rap / R&B,Multiple Elements,1993
Peep Game,Deadly Threat,Hip-Hop / Rap / R&B,Multiple Elements,1993
A Gritty Nitty,The Pazant Brothers,Soul / Funk / Disco,Vocals / Lyrics,1975
A Gritty Nitty,The Beaufort Express,Soul / Funk / Disco,Vocals / Lyrics,1975
Anger in the Nation,Pete Rock & C.L. Smooth,Hip-Hop / Rap / R&B,Drums,1992
The Lounge,Asher Roth,Hip-Hop / Rap / R&B,Drums,2008
Souljah's Revenge,2Pac,Hip-Hop / Rap / R&B,Multiple Elements,1993
Lost in the Storm,Chubb Rock,Hip-Hop / Rap / R&B,Drums,1992
AllDaWayLive,Blabbermouf,Hip-Hop / Rap / R&B,Drums,2015
Ain't My Type of Hype,Full Force,Hip-Hop / Rap / R&B,Multiple Elements,1989
We Gotta Live Together,Band of Gypsys,Rock / Pop,Hook / Riff,1970
On the Street,j-hope,Hip-Hop / Rap / R&B,Drums,2023
On the Street,J. Cole,Hip-Hop / Rap / R&B,Drums,2023
Crooklyn,The Crooklyn Dodgers,Hip-Hop / Rap / R&B,Drums,1994
What About Your Friends,TLC,Hip-Hop / Rap / R&B,Drums,1992
For Pete's Sake,Pete Rock & C.L. Smooth,Hip-Hop / Rap / R&B,Sound Effect / Other,1992
Nouveau Western,MC Solaar,Hip-Hop / Rap / R&B,Drums,1994
Really Doe,Ice Cube,Hip-Hop / Rap / R&B,Drums,1993
J. Beez Comin' Through,Jungle Brothers,Hip-Hop / Rap / R&B,Drums,1989
It's On,Eazy-E,Hip-Hop / Rap / R&B,Drums,1993
It's On,Rhythm D,Hip-Hop / Rap / R&B,Drums,1993
Make Room,Tha Alkaholiks,Hip-Hop / Rap / R&B,Drums,1993
Bold Soul Sister,Ike & Tina Turner,Soul / Funk / Disco,Hook / Riff,1969
Party for Your Right to Fight,Public Enemy,Hip-Hop / Rap / R&B,Vocals / Lyrics,1988
Sordid,Amon Tobin,Electronic / Dance,Drums,1998
Blow Your Mind,Redman,Hip-Hop / Rap / R&B,Drums,1992
Sweet Potato Pie,Domino,Hip-Hop / Rap / R&B,Drums,1993
Lo Straniero,Sangue Misto,Hip-Hop / Rap / R&B,Sound Effect / Other,1994
Get the Fuck Outta Dodge,Public Enemy,Hip-Hop / Rap / R&B,Multiple Elements,1990
