Step Into a World (Rapture's Delight),KRS-One,Hip-Hop / Rap / R&B,Hook / Riff,1997
Nikes,Frank Ocean,Hip-Hop / Rap / R&B,Vocals / Lyrics,2016
Slam,Onyx,Hip-Hop / Rap / R&B,Vocals / Lyrics,1993
Soul Food,Logic,Hip-Hop / Rap / R&B,Vocals / Lyrics,2014
Eric B. Is President (Original Mix),Eric B.,Hip-Hop / Rap / R&B,Multiple Elements,1986
Eric B. Is President (Original Mix),Rakim,Hip-Hop / Rap / R&B,Multiple Elements,1986
Here Comes the Hotstepper,Ini Kamoze,Reggae / Dub,Vocals / Lyrics,1994
Friday,Ice Cube,Hip-Hop / Rap / R&B,Vocals / Lyrics,1995
Chief Rocka,Lords of the Underground,Hip-Hop / Rap / R&B,Hook / Riff,1993
Black SpiderMan,Logic,Hip-Hop / Rap / R&B,Vocals / Lyrics,2017
Black SpiderMan,Damian Lemar Hudson,Hip-Hop / Rap / R&B,Vocals / Lyrics,2017
Turn Me Up,Ab-Soul,Hip-Hop / Rap / R&B,Vocals / Lyrics,2010
Turn Me Up,Kendrick Lamar,Hip-Hop / Rap / R&B,Vocals / Lyrics,2010
Stir Fry,Migos,Hip-Hop / Rap / R&B,Hook / Riff,2017
The Dreamer,Anderson .Paak,Hip-Hop / Rap / R&B,Vocals / Lyrics,2016
The Dreamer,Talib Kweli,Hip-Hop / Rap / R&B,Vocals / Lyrics,2016
The Dreamer,Timan Family Choir,Hip-Hop / Rap / R&B,Vocals / Lyrics,2016
Lesson 4,DJ Shadow,Hip-Hop / Rap / R&B,Vocals / Lyrics,1991
Lookin Ass Nigga,Nicki Minaj,Hip-Hop / Rap / R&B,Vocals / Lyrics,2014
FWU,PARTYNEXTDOOR,Hip-Hop / Rap / R&B,Multiple Elements,2014
Keepin' the Faith,De La Soul,Hip-Hop / Rap / R&B,Vocals / Lyrics,1991
Step Into a World (Rapture's Delight),KRS-One,Hip-Hop / Rap / R&B,Hook / Riff,1997
Nikes,Frank Ocean,Hip-Hop / Rap / R&B,Vocals / Lyrics,2016
Slam,Onyx,Hip-Hop / Rap / R&B,Vocals / Lyrics,1993
Soul Food,Logic,Hip-Hop / Rap / R&B,Vocals / Lyrics,2014
Eric B. Is President (Original Mix),Eric B.,Hip-Hop / Rap / R&B,Multiple Elements,1986
Eric B. Is President (Original Mix),Rakim,Hip-Hop / Rap / R&B,Multiple Elements,1986
Here Comes the Hotstepper,Ini Kamoze,Reggae / Dub,Vocals / Lyrics,1994
Friday,Ice Cube,Hip-Hop / Rap / R&B,Vocals / Lyrics,1995
Chief Rocka,Lords of the Underground,Hip-Hop / Rap / R&B,Hook / Riff,1993
Black SpiderMan,Logic,Hip-Hop / Rap / R&B,Vocals / Lyrics,2017
Black SpiderMan,Damian Lemar Hudson,Hip-Hop / Rap / R&B,Vocals / Lyrics,2017
Turn Me Up,Ab-Soul,Hip-Hop / Rap / R&B,Vocals / Lyrics,2010
Turn Me Up,Kendrick Lamar,Hip-Hop / Rap / R&B,Vocals / Lyrics,2010
Stir Fry,Migos,Hip-Hop / Rap / R&B,Hook / Riff,2017
The Dreamer,Anderson .Paak,Hip-Hop / Rap / R&B,Vocals / Lyrics,2016
The Dreamer,Talib Kweli,Hip-Hop / Rap / R&B,Vocals / Lyrics,2016
The Dreamer,Timan Family Choir,Hip-Hop / Rap / R&B,Vocals / Lyrics,2016
Lesson 4,DJ Shadow,Hip-Hop / Rap / R&B,Vocals / Lyrics,1991
Lookin Ass Nigga,Nicki Minaj,Hip-Hop / Rap / R&B,Vocals / Lyrics,2014
FWU,PARTYNEXTDOOR,Hip-Hop / Rap / R&B,Multiple Elements,2014
Keepin' the Faith,De La Soul,Hip-Hop / Rap / R&B,Vocals / Lyrics,1991
Premier League,Cywil,Hip-Hop / Rap / R&B,Vocals / Lyrics,2016
Premier League,TMK Piekielny,Hip-Hop / Rap / R&B,Vocals / Lyrics,2016
Premier League,Skorek,Hip-Hop / Rap / R&B,Vocals / Lyrics,2016
Betail,Grems,Hip-Hop / Rap / R&B,Vocals / Lyrics,2018
Krotka Opowiesc O Slowie,Siódmy,Hip-Hop / Rap / R&B,Vocals / Lyrics,2011
Krotka Opowiesc O Slowie,Dj Olin,Hip-Hop / Rap / R&B,Vocals / Lyrics,2011
Alliance Technics,DJ Daddy K,Hip-Hop / Rap / R&B,Multiple Elements,1996
Alliance Technics,Cut Killer,Hip-Hop / Rap / R&B,Multiple Elements,1996
Intro (La Force Du Coté Obscur),Cut Killer,Hip-Hop / Rap / R&B,Multiple Elements,1994
Quien Soy,Lo' Pibitos,Hip-Hop / Rap / R&B,Vocals / Lyrics,2018
Quien Soy,DJ Baladi,Hip-Hop / Rap / R&B,Vocals / Lyrics,2018
Quien Soy,ABRE,Hip-Hop / Rap / R&B,Vocals / Lyrics,2018
Restless,Graham Saber,Hip-Hop / Rap / R&B,Vocals / Lyrics,2013
Tego Nic Nie Zatrzyma,IGS,Hip-Hop / Rap / R&B,Vocals / Lyrics,2001
Tego Nic Nie Zatrzyma,Prelekto,Hip-Hop / Rap / R&B,Vocals / Lyrics,2001
Love Games,II Close,Hip-Hop / Rap / R&B,Hook / Riff,1993
Cautiverio,Imaabs,Electronic / Dance,Vocals / Lyrics,2014
R.S. (Hi-Tech Version),Dual Committee,Hip-Hop / Rap / R&B,Vocals / Lyrics,2000
Horny Martian Breaks (Side A),Butchwax,Hip-Hop / Rap / R&B,Vocals / Lyrics,2001
Nice With the Flow,Kao,Hip-Hop / Rap / R&B,Hook / Riff,2020
Order in the Court,Brothers About Sight & Sound,Hip-Hop / Rap / R&B,Hook / Riff,1992
Magical Digital,Rude Ass Tinker,Electronic / Dance,Hook / Riff,2003
Late Night,Cousin Fik,Hip-Hop / Rap / R&B,Vocals / Lyrics,2015
Master Plan,Doz Funky Baztardz,Hip-Hop / Rap / R&B,Sound Effect / Other,2014
Men at Work 2020,Kool G Rap,Hip-Hop / Rap / R&B,Multiple Elements,2012
Men at Work 2020,Action Bronson,Hip-Hop / Rap / R&B,Multiple Elements,2012
Men at Work 2020,F.T.,Hip-Hop / Rap / R&B,Multiple Elements,2012
Men at Work 2020,Marley Marl,Hip-Hop / Rap / R&B,Multiple Elements,2012
Men at Work 2020,Nutso,Hip-Hop / Rap / R&B,Multiple Elements,2012
Men at Work 2020,Ras Kass,Hip-Hop / Rap / R&B,Multiple Elements,2012
Men at Work 2020,Rugged Intellect,Hip-Hop / Rap / R&B,Multiple Elements,2012
Idols / Wild,Don Cephas,Hip-Hop / Rap / R&B,Vocals / Lyrics,2018
Quick Eleven,Live Human,Electronic / Dance,Multiple Elements,2000
Myself,Yaves,Hip-Hop / Rap / R&B,Vocals / Lyrics,2012
Movin' Up (Happy Mix),Firefax & Firebird,Electronic / Dance,Hook / Riff,1996
Voodoo,Cool D,Hip-Hop / Rap / R&B,Vocals / Lyrics,1995
My in Sense Is Burning,Cash Crew,Hip-Hop / Rap / R&B,Multiple Elements,1992
My in Sense Is Burning,Auza Tribe,Hip-Hop / Rap / R&B,Multiple Elements,1992
I'm a Real One,Dee Cisneros,Hip-Hop / Rap / R&B,Vocals / Lyrics,2019
Kill Me,Jared Evan,Rock / Pop,Vocals / Lyrics,2012
My Go-Go Got Soul,Black Is Black,Hip-Hop / Rap / R&B,Hook / Riff,1992
6:00 AM,Caleb James,Hip-Hop / Rap / R&B,Multiple Elements,2013
Seraphim,Loxy,Electronic / Dance,Vocals / Lyrics,2011
Seraphim,Resound,Electronic / Dance,Vocals / Lyrics,2011
We Ain't Always Nice,A.P.G. Crew,Hip-Hop / Rap / R&B,Vocals / Lyrics,1991
R U Conscious,MC Eric,Hip-Hop / Rap / R&B,Hook / Riff,1991
Put Your Hands Up,El Chojin,Hip-Hop / Rap / R&B,Vocals / Lyrics,2007
Put Your Hands Up,María Valverde,Hip-Hop / Rap / R&B,Vocals / Lyrics,2007
Mr. Trap Hwang,Don Mills,Hip-Hop / Rap / R&B,Vocals / Lyrics,2017
"No Future Ring, No Future Wife",E-Play Smooth,Hip-Hop / Rap / R&B,Hook / Riff,1993
Sempre Fuori Per Il Cash,DJ Zeta,Hip-Hop / Rap / R&B,Multiple Elements,2000
Class X,DJ Maca,Hip-Hop / Rap / R&B,Multiple Elements,1999
Class X,DJ Illegal,Hip-Hop / Rap / R&B,Multiple Elements,1999
Rough as They Come,Sir Rock T,Hip-Hop / Rap / R&B,Hook / Riff,1991
Pwn Monkey,The Evolution Control Committee,Rock / Pop,Multiple Elements,2011
Hypercolor Emulsion,Sir Stephen,Electronic / Dance,Multiple Elements,2012
Pushin Thru the Door,3's Company,Hip-Hop / Rap / R&B,Multiple Elements,2006
So What,Black Knight (Producer),Hip-Hop / Rap / R&B,Vocals / Lyrics,2014
So What,JG,Hip-Hop / Rap / R&B,Vocals / Lyrics,2014
So What,Mission,Hip-Hop / Rap / R&B,Vocals / Lyrics,2014
So What,X-Ellentz,Hip-Hop / Rap / R&B,Vocals / Lyrics,2014
So What,K.Agee,Hip-Hop / Rap / R&B,Vocals / Lyrics,2014
Caught in the Flow,Homicide (2),Hip-Hop / Rap / R&B,Hook / Riff,1993
Oh! U Don't Know,Lil Italy,Hip-Hop / Rap / R&B,Vocals / Lyrics,1999
Oh! U Don't Know,Buddah Mack,Hip-Hop / Rap / R&B,Vocals / Lyrics,1999
Hawaiian Dinosaur Side,Invisibl Skratch Piklz,Hip-Hop / Rap / R&B,Vocals / Lyrics,1999
Pork Chop Cash,Chrome Republic,Electronic / Dance,Vocals / Lyrics,2017
Work It Out (Platinum Vocal Extended),Monie Love,Hip-Hop / Rap / R&B,Vocals / Lyrics,1991
Superstar DJ's Part II,DJ Friction,Hip-Hop / Rap / R&B,Multiple Elements,2002
Superstar DJ's Part II,Thomilla,Hip-Hop / Rap / R&B,Multiple Elements,2002
Servin Em Well,Sweet Talking J,Hip-Hop / Rap / R&B,Vocals / Lyrics,1987
Cops Stop Me (Mad Flavor Mix),Boz (US Rapper),Hip-Hop / Rap / R&B,Hook / Riff,1992
Kui Neid Asju Poleks,Cool D,Hip-Hop / Rap / R&B,Vocals / Lyrics,2004
"Yesterday, Tonight & Tomorrow",Jared Evan,Rock / Pop,Vocals / Lyrics,2012
Yoshi's Island,Yung Brownie,Hip-Hop / Rap / R&B,Vocals / Lyrics,2019
Yoshi's Island,Xerpy,Hip-Hop / Rap / R&B,Vocals / Lyrics,2019
Shit Ain't Real,Big Drawz,Hip-Hop / Rap / R&B,Sound Effect / Other,2005
Side A,Butchwax,Hip-Hop / Rap / R&B,Multiple Elements,1999
Milli,Vice Vic,World / Latin,Multiple Elements,2021
7/11 Drone,Dylan Brady,Electronic / Dance,Vocals / Lyrics,2018
7/11 Drone,Daisy,Electronic / Dance,Vocals / Lyrics,2018
Free,L.O.L.,Hip-Hop / Rap / R&B,Vocals / Lyrics,1996
Let Go,Jordan Camolli,Hip-Hop / Rap / R&B,Vocals / Lyrics,2015
Les Amants De M.J. (Part II),Schkoonk!,Hip-Hop / Rap / R&B,Hook / Riff,1996
Come Down (House Dacrowd),The Wizzard,Electronic / Dance,Multiple Elements,1991
Strapped,Don Juan (Rapper),Hip-Hop / Rap / R&B,Multiple Elements,1988
Top Billin' (Clark Kent Butter Mix),Audio Two,Hip-Hop / Rap / R&B,Multiple Elements,1992
GERTRUDE,ILLFIGHTYOU,Hip-Hop / Rap / R&B,Vocals / Lyrics,2013
The Future,Prison City Productions,Hip-Hop / Rap / R&B,Vocals / Lyrics,1992
Gangsta at Heart,1st Amendment,Hip-Hop / Rap / R&B,Hook / Riff,1992
That Girl (Hip Hop Version),2 Hard Ta Handle,Hip-Hop / Rap / R&B,Multiple Elements,1992
Be Around,Priesthood,Hip-Hop / Rap / R&B,Multiple Elements,2009
Outchea,K-Beta,Hip-Hop / Rap / R&B,Hook / Riff,2010
Outchea,Midian,Hip-Hop / Rap / R&B,Hook / Riff,2010
Get a Piece of the Rock,B.K.A. Rock,Hip-Hop / Rap / R&B,Hook / Riff,1990
Life,June,Hip-Hop / Rap / R&B,Vocals / Lyrics,2014
Total Chaos,Priority One,Hip-Hop / Rap / R&B,Vocals / Lyrics,1989
Tongue Tied,Tony Terry,Hip-Hop / Rap / R&B,Hook / Riff,1990
My Wisdom,X-Tra Bass,Hip-Hop / Rap / R&B,Hook / Riff,1990
Traffic Light,Jared Evan,Rock / Pop,Vocals / Lyrics,2012
10-Oct,Jared Evan,Rock / Pop,Vocals / Lyrics,2012
Puttin My Thang Down,Legion of Doom (3),Hip-Hop / Rap / R&B,Hook / Riff,1993
Cypher,FYÜTCH,Hip-Hop / Rap / R&B,Vocals / Lyrics,2014
Cypher,Justus Peace,Hip-Hop / Rap / R&B,Vocals / Lyrics,2014
Cypher,The King 615,Hip-Hop / Rap / R&B,Vocals / Lyrics,2014
Cypher,Canon,Hip-Hop / Rap / R&B,Vocals / Lyrics,2014
Cypher,Scrap,Hip-Hop / Rap / R&B,Vocals / Lyrics,2014
G&B,Jayy Grams,Hip-Hop / Rap / R&B,Vocals / Lyrics,2017
Taken Total Control,D-Smooth,Hip-Hop / Rap / R&B,Hook / Riff,1988
Taken Total Control,TRS,Hip-Hop / Rap / R&B,Hook / Riff,1988
Plastic,HeeSun Lee,Hip-Hop / Rap / R&B,Vocals / Lyrics,2014
Y.O.U.T.H.,Mhisani,Hip-Hop / Rap / R&B,Vocals / Lyrics,1991
Closer to Your Love,Kaotic Stylin,Hip-Hop / Rap / R&B,Vocals / Lyrics,1991
Just Dance,Too Much Productions,Hip-Hop / Rap / R&B,Vocals / Lyrics,1990
Ma Planète,Sam's,Hip-Hop / Rap / R&B,Vocals / Lyrics,2018
Ma Planète,Demi Portion,Hip-Hop / Rap / R&B,Vocals / Lyrics,2018
Kingdom-Come,Sonny Shotz,Hip-Hop / Rap / R&B,Vocals / Lyrics,2014
Homie Don't,Dice (Rapper),Hip-Hop / Rap / R&B,Vocals / Lyrics,1992
Fill Your Head With Knowledge,Notoriou$ Nate,Hip-Hop / Rap / R&B,Vocals / Lyrics,1993
On the Run,Lunchbox,Hip-Hop / Rap / R&B,Hook / Riff,1993
Livin' Like a Troopa,Greyson & Jasun,Hip-Hop / Rap / R&B,Hook / Riff,1991
4th Chapter,Jared Evan,Rock / Pop,Vocals / Lyrics,2012
KLK,Villano Antinallo,Hip-Hop / Rap / R&B,Vocals / Lyrics,2022
Nadie,El Meswy,Hip-Hop / Rap / R&B,Sound Effect / Other,2000
The Rhyme Goes On,Silk Tymes Leather,Hip-Hop / Rap / R&B,Hook / Riff,1990
Африка,Bad Balance,Hip-Hop / Rap / R&B,Hook / Riff,1993
Straight Servin',The C.O.D.,Hip-Hop / Rap / R&B,Multiple Elements,1991
Straight Servin',B-Boy Mac,Hip-Hop / Rap / R&B,Multiple Elements,1991
Straight Servin',Hugh E. MC,Hip-Hop / Rap / R&B,Multiple Elements,1991
Straight Servin',Cougnut,Hip-Hop / Rap / R&B,Multiple Elements,1991
Cool,D.O.A. (2),Hip-Hop / Rap / R&B,Hook / Riff,1991
Shake It for Me,Underground Posse (3),Hip-Hop / Rap / R&B,Hook / Riff,1990
What's on Your Mind,Sheek Louch,Hip-Hop / Rap / R&B,Vocals / Lyrics,2015
What's on Your Mind,Jadakiss,Hip-Hop / Rap / R&B,Vocals / Lyrics,2015
What's on Your Mind,A$AP Ferg,Hip-Hop / Rap / R&B,Vocals / Lyrics,2015
Waxadelica,Wax Assassins,Electronic / Dance,Vocals / Lyrics,1998
Oh My... Focus With Your Eyes,Renaissance Union,Hip-Hop / Rap / R&B,Hook / Riff,1997
Frekazoid,Aesthetic,Hip-Hop / Rap / R&B,Vocals / Lyrics,2012
I'm the Remainder,D' Love,Hip-Hop / Rap / R&B,Hook / Riff,1990
That One Beat,N-Effect,Hip-Hop / Rap / R&B,Vocals / Lyrics,1990
WTH,BeatKing,Hip-Hop / Rap / R&B,Vocals / Lyrics,2015
WTH,DJ Chose,Hip-Hop / Rap / R&B,Vocals / Lyrics,2015
Hunger Strike,Mr. Live,Hip-Hop / Rap / R&B,Vocals / Lyrics,1996
Hunger Strike,Tony Bones,Hip-Hop / Rap / R&B,Vocals / Lyrics,1996
Mamma Mia,Maruego,Hip-Hop / Rap / R&B,Vocals / Lyrics,2015
Saucin,Shawn Chrystopher,Hip-Hop / Rap / R&B,Vocals / Lyrics,2015
Mesa Para Cuatro,Mala Juntera,Hip-Hop / Rap / R&B,Hook / Riff,2013
Funk Dance,DJ Cuca,Soul / Funk / Disco,Vocals / Lyrics,1991
D.J. Keep Playin' (Crooklyn Clan Reggae Remix),Yvette Michele,Hip-Hop / Rap / R&B,Vocals / Lyrics,1997
"O, Ti Ki an Simvi",Nevma,Hip-Hop / Rap / R&B,Hook / Riff,2015
Dany Drumz Gra Funk,Eldo,Hip-Hop / Rap / R&B,Hook / Riff,2007
On Tonight,Meaku,Hip-Hop / Rap / R&B,Vocals / Lyrics,2015
On Tonight,Ben J,Hip-Hop / Rap / R&B,Vocals / Lyrics,2015
On Tonight,Inkmonstarr,Hip-Hop / Rap / R&B,Vocals / Lyrics,2015
Def Programma,Tootskee & Czar MC,Hip-Hop / Rap / R&B,Multiple Elements,1989
Scratch Sentence Two,The Turntablist,Hip-Hop / Rap / R&B,Vocals / Lyrics,1996
Still Housin',Ultimate Sounds,Hip-Hop / Rap / R&B,Hook / Riff,1990
Still Housin',Angelique,Hip-Hop / Rap / R&B,Hook / Riff,1990
Share the Funk,M-Team,Hip-Hop / Rap / R&B,Vocals / Lyrics,1991
Ends,rAHHH,Electronic / Dance,Vocals / Lyrics,2017
All N Her Feelins,Shawn Chrystopher,Hip-Hop / Rap / R&B,Vocals / Lyrics,2015
Freeway,Pries,Hip-Hop / Rap / R&B,Vocals / Lyrics,2014
He's Playing Hard to Get,Solid HarmoniE,Rock / Pop,Hook / Riff,1997
Aashiq Banaya Aapne,Tanishk Bagchi,Rock / Pop,Vocals / Lyrics,2018
Aashiq Banaya Aapne,Neha Kakkar,Rock / Pop,Vocals / Lyrics,2018
Aashiq Banaya Aapne,Himesh Reshammiya,Rock / Pop,Vocals / Lyrics,2018
Stretch,Audio Push,Hip-Hop / Rap / R&B,Vocals / Lyrics,2011
Have My Back,Vee Tha Rula,Hip-Hop / Rap / R&B,Vocals / Lyrics,2014
Have My Back,Abrina,Hip-Hop / Rap / R&B,Vocals / Lyrics,2014
Three the Hard Way,The Def Boyz,Hip-Hop / Rap / R&B,Hook / Riff,1990
Con Latin Fresh,Latin Fresh,Other,Vocals / Lyrics,1996
She Like It,Kurupt,Hip-Hop / Rap / R&B,Vocals / Lyrics,2014
Jon Snow,Bedoes,Hip-Hop / Rap / R&B,Vocals / Lyrics,2017
Jon Snow,Kubi Producent,Hip-Hop / Rap / R&B,Vocals / Lyrics,2017
Jon Snow,White 2115,Hip-Hop / Rap / R&B,Vocals / Lyrics,2017
Pay Back,DJ Mr. SM,Hip-Hop / Rap / R&B,Multiple Elements,1988
Jak Nie My to Kto?,Obywatel MC,Hip-Hop / Rap / R&B,Vocals / Lyrics,2013
Jak Nie My to Kto?,RDW,Hip-Hop / Rap / R&B,Vocals / Lyrics,2013
Jak Nie My to Kto?,Rybson,Hip-Hop / Rap / R&B,Vocals / Lyrics,2013
Do I Come Off,The Posse NFX,Hip-Hop / Rap / R&B,Multiple Elements,1991
Got What It Takes to Make It,39 Posse,Hip-Hop / Rap / R&B,Vocals / Lyrics,1991
Beti Berdin,BAD Sound System,Reggae / Dub,Hook / Riff,2012
Les Vrais,Les Little,Hip-Hop / Rap / R&B,Multiple Elements,1992
Logika Gry - Intro,Diox,Hip-Hop / Rap / R&B,Vocals / Lyrics,2011
Logika Gry - Intro,The Returners,Hip-Hop / Rap / R&B,Vocals / Lyrics,2011
Yr Love,oOoOO,Electronic / Dance,Vocals / Lyrics,2018
Yr Love,Islamiq Grrrls,Electronic / Dance,Vocals / Lyrics,2018
We,Sareem Poems,Hip-Hop / Rap / R&B,Vocals / Lyrics,2015
We,Ess Be,Hip-Hop / Rap / R&B,Vocals / Lyrics,2015
Who Got It,Dorrough,Hip-Hop / Rap / R&B,Vocals / Lyrics,2015
Who Got It,Problem,Hip-Hop / Rap / R&B,Vocals / Lyrics,2015
Like It,Sadat X,Hip-Hop / Rap / R&B,Vocals / Lyrics,2018
Like It,El Da Sensei,Hip-Hop / Rap / R&B,Vocals / Lyrics,2018
No Bones Remix,Nice & Smooth,Hip-Hop / Rap / R&B,Hook / Riff,1994
Loretta (Club Mix),Sockie & Kato,Hip-Hop / Rap / R&B,Vocals / Lyrics,1988
The Merc,Def Dee,Hip-Hop / Rap / R&B,Sound Effect / Other,2015
Been Thru,Slimmy B,Hip-Hop / Rap / R&B,Vocals / Lyrics,2017
Been Thru,Mozzy,Hip-Hop / Rap / R&B,Vocals / Lyrics,2017
Been Thru,Lil Yee,Hip-Hop / Rap / R&B,Vocals / Lyrics,2017
Love 3X (R3hab Remix),ZZ Ward,Electronic / Dance,Vocals / Lyrics,2015
Las Vas a Pagar,Tiro De Gracia,Hip-Hop / Rap / R&B,Vocals / Lyrics,2004
Gangsta Shit,Double J,Hip-Hop / Rap / R&B,Multiple Elements,1991
One Moment,High Society Collective,Hip-Hop / Rap / R&B,Vocals / Lyrics,2011
Move Yo Body,Los Rakas,Hip-Hop / Rap / R&B,Vocals / Lyrics,2016
Move Yo Body,IamSu!,Hip-Hop / Rap / R&B,Vocals / Lyrics,2016
Move Yo Body,HBK Skipper,Hip-Hop / Rap / R&B,Vocals / Lyrics,2016
Backstabbers,Detroit's Most Wanted,Hip-Hop / Rap / R&B,Vocals / Lyrics,1994
Niepewny Grunt,Małach,Hip-Hop / Rap / R&B,Vocals / Lyrics,2014
Niepewny Grunt,Rufuz,Hip-Hop / Rap / R&B,Vocals / Lyrics,2014
Southmatic,B.o.B,Hip-Hop / Rap / R&B,Multiple Elements,2019
Get It Together (Million Family March Anthem),The Lady of Rage,Hip-Hop / Rap / R&B,Vocals / Lyrics,2000
Get It Together (Million Family March Anthem),Fat Joe,Hip-Hop / Rap / R&B,Vocals / Lyrics,2000
Get It Together (Million Family March Anthem),Mack 10,Hip-Hop / Rap / R&B,Vocals / Lyrics,2000
Get It Together (Million Family March Anthem),Caviar (Rapper),Hip-Hop / Rap / R&B,Vocals / Lyrics,2000
Get It Together (Million Family March Anthem),Drag-On,Hip-Hop / Rap / R&B,Vocals / Lyrics,2000
Get It Together (Million Family March Anthem),Kam,Hip-Hop / Rap / R&B,Vocals / Lyrics,2000
Get It Together (Million Family March Anthem),Snoop Dogg,Hip-Hop / Rap / R&B,Vocals / Lyrics,2000
My Eyes Burn,Social Club,Hip-Hop / Rap / R&B,Vocals / Lyrics,2014
My Eyes Burn,Marz Ferrer,Hip-Hop / Rap / R&B,Vocals / Lyrics,2014
Bilet W Jedną Stronę,DJ Soina,Hip-Hop / Rap / R&B,Vocals / Lyrics,2013
Bilet W Jedną Stronę,Shellerini,Hip-Hop / Rap / R&B,Vocals / Lyrics,2013
Bilet W Jedną Stronę,Kaczor,Hip-Hop / Rap / R&B,Vocals / Lyrics,2013
Bounce (DJ Format's Ultimate Breaks Remix),T.D.S. Mob,Hip-Hop / Rap / R&B,Multiple Elements,2012
Death Sentence,Big Daddy Kane,Hip-Hop / Rap / R&B,Multiple Elements,1991
She Gon' Roll,Dubb,Hip-Hop / Rap / R&B,Multiple Elements,2014
She Gon' Roll,IamSu!,Hip-Hop / Rap / R&B,Multiple Elements,2014
She Gon' Roll,Rayven Justice,Hip-Hop / Rap / R&B,Multiple Elements,2014
Now You Know,Kooley C,Hip-Hop / Rap / R&B,Multiple Elements,1988
Twardy Sport,Gruby Mielzky,Hip-Hop / Rap / R&B,Vocals / Lyrics,2013
Git Wit This,Jeff Ski,Hip-Hop / Rap / R&B,Hook / Riff,1991
Good to Go,Ron C,Hip-Hop / Rap / R&B,Vocals / Lyrics,1989
Scratchbox,Midrange,Hip-Hop / Rap / R&B,Multiple Elements,1987
Return of B-Mack & Soul Man,A.W.O.L. (Hip-Hop),Hip-Hop / Rap / R&B,Hook / Riff,1994
Bez Zasięgu,O.S.T.R.,Hip-Hop / Rap / R&B,Vocals / Lyrics,2009
T.U.N.A,Bbyafricka,Hip-Hop / Rap / R&B,Vocals / Lyrics,2021
Crazie Handel,Know Frills,Hip-Hop / Rap / R&B,Multiple Elements,1992
Knowing.,B. Slade,Hip-Hop / Rap / R&B,Hook / Riff,2012
Track 11,DJ Q-Bert,Hip-Hop / Rap / R&B,Vocals / Lyrics,1994
Lyrical Dippin',Prose and Concepts,Hip-Hop / Rap / R&B,Hook / Riff,1994
Friday Night,Audio Push,Hip-Hop / Rap / R&B,Vocals / Lyrics,2012
Sweet Dreams,Derek Minor,Hip-Hop / Rap / R&B,Vocals / Lyrics,2013
Dick Got Sic,1-5ive Posse,Hip-Hop / Rap / R&B,Hook / Riff,1992
Go for What U Know,Wreckx-N-Effect,Hip-Hop / Rap / R&B,Hook / Riff,1988
Dew Drops in the Garden,Green Tea,Hip-Hop / Rap / R&B,Vocals / Lyrics,2009
Komplicated,Wit,Hip-Hop / Rap / R&B,Vocals / Lyrics,2011
Komplicated,Dre Murray,Hip-Hop / Rap / R&B,Vocals / Lyrics,2011
Komplicated,Sean C. Johnson,Hip-Hop / Rap / R&B,Vocals / Lyrics,2011
Style (The d.j. Is on the Cut),D.J. Style,Hip-Hop / Rap / R&B,Vocals / Lyrics,1992
Rei Do Microfone,Big Flea,Hip-Hop / Rap / R&B,Multiple Elements,1990
Prince Paul vs the World,Prince Paul,Hip-Hop / Rap / R&B,Vocals / Lyrics,2005
"Bo, Move Your Car!",TYPE 4,Hip-Hop / Rap / R&B,Hook / Riff,1997
Outstanding,Bad Boys,Hip-Hop / Rap / R&B,Multiple Elements,1988
"Bla, Bla",Too Phat,Hip-Hop / Rap / R&B,Hook / Riff,1999
"Bla, Bla",Reefa (Malaysian Rapper),Hip-Hop / Rap / R&B,Hook / Riff,1999
Let Me See,Taelor Gray,Hip-Hop / Rap / R&B,Multiple Elements,2015
I.S.O.L.A.,Nappy Nephew,Hip-Hop / Rap / R&B,Hook / Riff,1994
All I Wear Is Nikes,One Def Clan,Hip-Hop / Rap / R&B,Vocals / Lyrics,1989
Ill Blunt Story (Sparked Up Vocal),Da Cheeba Hawks,Hip-Hop / Rap / R&B,Hook / Riff,1993
Ill Blunt Story (Sparked Up Vocal),Tone (2),Hip-Hop / Rap / R&B,Hook / Riff,1993
Da Ringers Off,Sudden Def,Hip-Hop / Rap / R&B,Hook / Riff,1992
Smiling Faces Sometimes (Baka Boyz Remix),G.A.T.,Hip-Hop / Rap / R&B,Vocals / Lyrics,1995
Smiling Faces Sometimes (Baka Boyz Remix),Coolio,Hip-Hop / Rap / R&B,Vocals / Lyrics,1995
Grasshopper Meets the Master,**Super Star** A-Mar*,Hip-Hop / Rap / R&B,Vocals / Lyrics,1987
Grasshopper Meets the Master,Jay Bee Rock,Hip-Hop / Rap / R&B,Vocals / Lyrics,1987
Fresh 101,DJ Hype (Hip Hop),Hip-Hop / Rap / R&B,Vocals / Lyrics,1999
Pretty Brown Eyes,Da Internz,Hip-Hop / Rap / R&B,Multiple Elements,2015
Pretty Brown Eyes,Anthony Lewis,Hip-Hop / Rap / R&B,Multiple Elements,2015
Mein Kleiderschrank,Eko Fresh,Hip-Hop / Rap / R&B,Vocals / Lyrics,2013
Mein Kleiderschrank,Cassidy,Hip-Hop / Rap / R&B,Vocals / Lyrics,2013
Mein Kleiderschrank,Pillath,Hip-Hop / Rap / R&B,Vocals / Lyrics,2013
"What Is It, Yo?!",Unity 2,Hip-Hop / Rap / R&B,Vocals / Lyrics,1989
Beauty Queen,Serge (Rapper),Hip-Hop / Rap / R&B,Vocals / Lyrics,2014
Beauty Queen,Braille,Hip-Hop / Rap / R&B,Vocals / Lyrics,2014
Chcę Dojść Do Mety,Green,Hip-Hop / Rap / R&B,Multiple Elements,2010
Passion,Blacksmith (Rapper),Hip-Hop / Rap / R&B,Vocals / Lyrics,2018
Art of War,Scotty ATL,Hip-Hop / Rap / R&B,Multiple Elements,2015
Dopemix Vol. 2,DJ Prince Ice,Hip-Hop / Rap / R&B,Multiple Elements,1989
Got 2 Have It,DBoyz,Hip-Hop / Rap / R&B,Vocals / Lyrics,2008
Got 2 Have It,Juvenile,Hip-Hop / Rap / R&B,Vocals / Lyrics,2008
Got 2 Have It,Mannie Fresh,Hip-Hop / Rap / R&B,Vocals / Lyrics,2008
Dance Kraze,DJ Maestro,Hip-Hop / Rap / R&B,Hook / Riff,1988
Around the World,Da Pump,Hip-Hop / Rap / R&B,Vocals / Lyrics,1999
Just Right,Raheem DeVaughn,Hip-Hop / Rap / R&B,Vocals / Lyrics,2019
Too Bad,MC 900 Ft. Jesus,Hip-Hop / Rap / R&B,Vocals / Lyrics,1988
Too Bad,DJ Zero,Hip-Hop / Rap / R&B,Vocals / Lyrics,1988
Clique,Keys N Krates,Hip-Hop / Rap / R&B,Vocals / Lyrics,2013
Quiet Killer,Theory Hazit,Hip-Hop / Rap / R&B,Multiple Elements,2017
Groovy,L'Trimm,Hip-Hop / Rap / R&B,Hook / Riff,1991
13th Amendment,Kash Doll,Hip-Hop / Rap / R&B,Vocals / Lyrics,2018
13th Amendment,Ant Clemons,Hip-Hop / Rap / R&B,Vocals / Lyrics,2018
Do It Again,Smooth Ice,Hip-Hop / Rap / R&B,Vocals / Lyrics,1990
Here We Go,Phat Doug,Hip-Hop / Rap / R&B,Hook / Riff,1995
Catch My Drift,Breezy Beat MC,Hip-Hop / Rap / R&B,Vocals / Lyrics,1988
Cross-Trainers,Pac Div,Hip-Hop / Rap / R&B,Vocals / Lyrics,2012
Rub and Kill,Dog House Posse,Hip-Hop / Rap / R&B,Vocals / Lyrics,1994
Authority,116,Hip-Hop / Rap / R&B,Multiple Elements,2011
Klap Tu Dis,Tymz Up,Hip-Hop / Rap / R&B,Hook / Riff,1993
Desde Que El Mundo Es Mundo,DJ Raff,Hip-Hop / Rap / R&B,Multiple Elements,2001
Desde Que El Mundo Es Mundo,Solo Di Medina,Hip-Hop / Rap / R&B,Multiple Elements,2001
Desde Que El Mundo Es Mundo,Sonido Acido,Hip-Hop / Rap / R&B,Multiple Elements,2001
Sneak,Shawn May,Hip-Hop / Rap / R&B,Vocals / Lyrics,2017
Sneak,Kota the Friend,Hip-Hop / Rap / R&B,Vocals / Lyrics,2017
Nothing Personal,Dust Junkys,Hip-Hop / Rap / R&B,Vocals / Lyrics,1998
Kostka,WSRH,Hip-Hop / Rap / R&B,Vocals / Lyrics,2016
Pad Thai,TJANI,Electronic / Dance,Multiple Elements,2017
Pad Thai,Gracie,Electronic / Dance,Multiple Elements,2017
I Feel It (Remix),L.O.D.,Hip-Hop / Rap / R&B,Vocals / Lyrics,1996
Hemp Rally (Special Funkmaster Flex Remix),Total Devastation,Hip-Hop / Rap / R&B,Multiple Elements,1994
Money Green,Too Smooth,Hip-Hop / Rap / R&B,Hook / Riff,1992
Gagner Pour,Tout Simplement Noir,Hip-Hop / Rap / R&B,Vocals / Lyrics,2009
Intro,Princess Aniès,Hip-Hop / Rap / R&B,Vocals / Lyrics,2006
Mongrel Strut,Lack of Afro,Hip-Hop / Rap / R&B,Hook / Riff,2007
Bentley Bump Musiq,Errol Barnes,Hip-Hop / Rap / R&B,Vocals / Lyrics,2011
39 Automatic,39 Posse,Hip-Hop / Rap / R&B,Multiple Elements,1993
Dig This (K.A. After Hours Mix),K-Alexi,Electronic / Dance,Vocals / Lyrics,1989
Dig This (K.A. After Hours Mix),MCD Tay,Electronic / Dance,Vocals / Lyrics,1989
Z Czego Słyniemy,MyNieMy,Hip-Hop / Rap / R&B,Vocals / Lyrics,2006
Taxin',The Whoridas,Hip-Hop / Rap / R&B,Vocals / Lyrics,1997
Volte / Face (Volte / Flow),Disiz La Peste,Hip-Hop / Rap / R&B,Vocals / Lyrics,2001
Tonight,Audio Push,Hip-Hop / Rap / R&B,Vocals / Lyrics,2011
Tonight,Eric B.,Hip-Hop / Rap / R&B,Vocals / Lyrics,2011
Inhale,Red Martina,Hip-Hop / Rap / R&B,Vocals / Lyrics,2013
Power,Point Point,Electronic / Dance,Vocals / Lyrics,2016
Real Mcees,Soulbrotha,Hip-Hop / Rap / R&B,Vocals / Lyrics,2011
Real Mcees,Blaq Poet,Hip-Hop / Rap / R&B,Vocals / Lyrics,2011
Real Mcees,NYG'z,Hip-Hop / Rap / R&B,Vocals / Lyrics,2011
Real Mcees,Krumb Snatcha,Hip-Hop / Rap / R&B,Vocals / Lyrics,2011
A Different Story,Connection,Electronic / Dance,Vocals / Lyrics,1992
Da Money,Blood Type,Hip-Hop / Rap / R&B,Vocals / Lyrics,2011
Show Me Some Luv,Point Blank,Hip-Hop / Rap / R&B,Hook / Riff,1994
Into the Deep,Young Ax,Electronic / Dance,Vocals / Lyrics,2008
Brakin' Army Beat,Alien Army,Hip-Hop / Rap / R&B,Multiple Elements,1996
Nutt'in Can Save Ya,Bad N-Flewenz,Hip-Hop / Rap / R&B,Hook / Riff,1993
Tati,DJ Noiz,Rock / Pop,Vocals / Lyrics,2019
Tati,Donell Lewis,Rock / Pop,Vocals / Lyrics,2019
Tati,Kennyon Brown,Rock / Pop,Vocals / Lyrics,2019
Already,Jeremih,Hip-Hop / Rap / R&B,Vocals / Lyrics,2014
Cold,The-Dream,Hip-Hop / Rap / R&B,Vocals / Lyrics,2014
Klientel,Road Dawgs,Hip-Hop / Rap / R&B,Multiple Elements,1999
All Night Long (오늘밤새),PSY,Electronic / Dance,Vocals / Lyrics,2010
Top Speed,Nbhd Nick,Hip-Hop / Rap / R&B,Vocals / Lyrics,2019
Loco,Pachanga,Other,Vocals / Lyrics,2005
BX by Night,Zwangere Guy,Hip-Hop / Rap / R&B,Vocals / Lyrics,2019
BX by Night,Peet,Hip-Hop / Rap / R&B,Vocals / Lyrics,2019
Aila Re Aillaa,Tanishk Bagchi,World / Latin,Vocals / Lyrics,2021
Aila Re Aillaa,Pritam,World / Latin,Vocals / Lyrics,2021
Aila Re Aillaa,Daler Mehndi,World / Latin,Vocals / Lyrics,2021
Sheesh,King Louie,Hip-Hop / Rap / R&B,Vocals / Lyrics,2014
Sheesh,Chi Hoover,Hip-Hop / Rap / R&B,Vocals / Lyrics,2014
Diego Town,Aztec Tribe,Hip-Hop / Rap / R&B,Hook / Riff,1992
Steinbrenner,Social Club,Hip-Hop / Rap / R&B,Multiple Elements,2013
Steinbrenner,Judah Smith,Hip-Hop / Rap / R&B,Multiple Elements,2013
Whole Wide World,Berhana,Hip-Hop / Rap / R&B,Vocals / Lyrics,2018
Outlaw,Donald D,Hip-Hop / Rap / R&B,Vocals / Lyrics,1987
Outlaw,DJ Chilly-D,Hip-Hop / Rap / R&B,Vocals / Lyrics,1987
Jack Move,DJ Aladdin,Hip-Hop / Rap / R&B,Vocals / Lyrics,1993
I Can't Wait,Immature,Hip-Hop / Rap / R&B,Multiple Elements,1997
Jay Z,Goodbye Tomorrow,Hip-Hop / Rap / R&B,Vocals / Lyrics,2015
Stay Real (Remix),Erick Sermon,Hip-Hop / Rap / R&B,Vocals / Lyrics,1993
Keep the Flavor,Who Am I?,Hip-Hop / Rap / R&B,Hook / Riff,1991
Zmierzch,WSRH,Hip-Hop / Rap / R&B,Vocals / Lyrics,2017
Dis Beat Is Stankin',Sylk Smoov,Hip-Hop / Rap / R&B,Vocals / Lyrics,1991
The Breaks,Pitman,Hip-Hop / Rap / R&B,Multiple Elements,2009
The Bells,Jonny L,Electronic / Dance,Vocals / Lyrics,1999
Narkosis,Hablando en Plata,Hip-Hop / Rap / R&B,Vocals / Lyrics,2001
Troubled Times,Torae,Hip-Hop / Rap / R&B,Vocals / Lyrics,2016
Troubled Times,Mack Wilds,Hip-Hop / Rap / R&B,Vocals / Lyrics,2016
11:55 (Bee Boys Club),Hardhouse,Electronic / Dance,Hook / Riff,1988
Throw Ya Funky Hands Up,Time Zone,Hip-Hop / Rap / R&B,Vocals / Lyrics,1995
Throw Ya Funky Hands Up,Queen Asia,Hip-Hop / Rap / R&B,Vocals / Lyrics,1995
"Larry, That's What They Call Me",Larry Larr,Hip-Hop / Rap / R&B,Vocals / Lyrics,1991
After Shock (Chaos Never Died),Praxis,Rock / Pop,Hook / Riff,1992
Streets of Greenspoint,Fesu,Hip-Hop / Rap / R&B,Hook / Riff,1998
The Champ,Theory Hazit,Hip-Hop / Rap / R&B,Multiple Elements,2011
The Champ,Wonder Brown,Hip-Hop / Rap / R&B,Multiple Elements,2011
Global Dynamics,Dilated Peoples,Hip-Hop / Rap / R&B,Vocals / Lyrics,1997
Bust a Move,T.L.I.,Hip-Hop / Rap / R&B,Hook / Riff,1989
Give a Little Extra,Jaz,Hip-Hop / Rap / R&B,Vocals / Lyrics,1989
Do That Shit (Pimp),Full Pack,Hip-Hop / Rap / R&B,Vocals / Lyrics,1991
Cause I Can Do It Right (Remix),Big Daddy Kane,Hip-Hop / Rap / R&B,Hook / Riff,1990
I Need,Rockie Fresh,Hip-Hop / Rap / R&B,Multiple Elements,2014
Ray Charles,Slim Thug,Hip-Hop / Rap / R&B,Multiple Elements,2015
Ray Charles,BeatKing,Hip-Hop / Rap / R&B,Multiple Elements,2015
Koszmary,Sarius,Hip-Hop / Rap / R&B,Vocals / Lyrics,2016
Koszmary,SoulPete,Hip-Hop / Rap / R&B,Vocals / Lyrics,2016
Cutastrofa,The Returners,Hip-Hop / Rap / R&B,Vocals / Lyrics,2016
Cutastrofa,DJ Flip,Hip-Hop / Rap / R&B,Vocals / Lyrics,2016
Cutastrofa,DJ Kebs,Hip-Hop / Rap / R&B,Vocals / Lyrics,2016
Cutastrofa,DJ Tort,Hip-Hop / Rap / R&B,Vocals / Lyrics,2016
Cutastrofa,DJ Twister,Hip-Hop / Rap / R&B,Vocals / Lyrics,2016
Cutastrofa,Dj Krug,Hip-Hop / Rap / R&B,Vocals / Lyrics,2016
Cutastrofa,DJ Falcon1,Hip-Hop / Rap / R&B,Vocals / Lyrics,2016
"Hello, It's Me",Spark 950,Hip-Hop / Rap / R&B,Hook / Riff,1993
"Hello, It's Me",Timbo King,Hip-Hop / Rap / R&B,Hook / Riff,1993
Breaktionary Vol.1 Side A,DJ Q-Bert,Soul / Funk / Disco,Multiple Elements,2006
Ya Know My Rucka,Steady B,Hip-Hop / Rap / R&B,Vocals / Lyrics,1988
Keep It Sick,Słoń,Hip-Hop / Rap / R&B,Vocals / Lyrics,2015
Keep It Sick,Blaze Ya Dead Homie,Hip-Hop / Rap / R&B,Vocals / Lyrics,2015
Hypergroove,The Mistress and DJ Madame E,Hip-Hop / Rap / R&B,Vocals / Lyrics,1989
I Ain't the One,T.C.F. Crew,Hip-Hop / Rap / R&B,Hook / Riff,1993
"Jazz, El Descerebrador",El Club De Los Poetas Violentos,Hip-Hop / Rap / R&B,Vocals / Lyrics,1994
Sittin' on Chrome (Rockaway Ave Mix),Masta Ace Incorporated,Hip-Hop / Rap / R&B,Hook / Riff,1995
Feather,Citylights,Electronic / Dance,Vocals / Lyrics,2016
Ana Bola,Secret Cinema,Electronic / Dance,Vocals / Lyrics,2012
Ana Bola,Peter Horrevorts,Electronic / Dance,Vocals / Lyrics,2012
Den Nye Stil,MC Einar,Hip-Hop / Rap / R&B,Hook / Riff,1988
The Ville,Desire & the Ville Posse,Hip-Hop / Rap / R&B,Hook / Riff,1987
Pillz (Rome Fortune Remix),Gucci Mane,Hip-Hop / Rap / R&B,Vocals / Lyrics,2015
It Ain't Nothing Nice,Dba Flip,Hip-Hop / Rap / R&B,Vocals / Lyrics,1996
It Ain't Nothing Nice,Ras Kass,Hip-Hop / Rap / R&B,Vocals / Lyrics,1996
Compton's N the House (Live),N.W.A,Hip-Hop / Rap / R&B,Vocals / Lyrics,1996
Maria,TKA,Electronic / Dance,Hook / Riff,1992
On With the Show,LMNO,Hip-Hop / Rap / R&B,Vocals / Lyrics,2013
On With the Show,DJ Babu,Hip-Hop / Rap / R&B,Vocals / Lyrics,2013
All I Wanna Do,Jordan Fisher,Hip-Hop / Rap / R&B,Vocals / Lyrics,2016
Big Apple Production Vol. III,Ser & Duff,Hip-Hop / Rap / R&B,Multiple Elements,1987
Takin' All Bets,Kamakazee,Hip-Hop / Rap / R&B,Vocals / Lyrics,2002
Takin' All Bets,OffDaMental,Hip-Hop / Rap / R&B,Vocals / Lyrics,2002
Reeboks,Mozzy,Hip-Hop / Rap / R&B,Vocals / Lyrics,2021
Reeboks,E Mozzy,Hip-Hop / Rap / R&B,Vocals / Lyrics,2021
Hole in Ya Head,Ini Kamoze,Reggae / Dub,Vocals / Lyrics,1995
Hole in Ya Head,Nine,Reggae / Dub,Vocals / Lyrics,1995
We Live Hip-Hop (No Doubt),Soulkast,Hip-Hop / Rap / R&B,Vocals / Lyrics,2011
We Live Hip-Hop (No Doubt),Das EFX,Hip-Hop / Rap / R&B,Vocals / Lyrics,2011
We Live Hip-Hop (No Doubt),Brahi,Hip-Hop / Rap / R&B,Vocals / Lyrics,2011
Baddest DJ,The Dream Team,Electronic / Dance,Multiple Elements,1999
Back to the Hip-Hop (Classic Mix),The Troubleneck Brothers,Hip-Hop / Rap / R&B,Hook / Riff,1994
Willie Dee,Willie D,Hip-Hop / Rap / R&B,Hook / Riff,1988
Whatcha Got a Gun For?,U Know Who,Hip-Hop / Rap / R&B,Vocals / Lyrics,1991
The Void,Vinnie Paz,Hip-Hop / Rap / R&B,Vocals / Lyrics,2016
The Void,Eamon,Hip-Hop / Rap / R&B,Vocals / Lyrics,2016
F.A.L.L.I.N. (And You Can't Get Up),Funkmaster Flex,Hip-Hop / Rap / R&B,Hook / Riff,1991
F.A.L.L.I.N. (And You Can't Get Up),Nine,Hip-Hop / Rap / R&B,Hook / Riff,1991
Y?N-Vee,Y?N-Vee,Hip-Hop / Rap / R&B,Vocals / Lyrics,1994
Y?N-Vee,Abstract Rude,Hip-Hop / Rap / R&B,Vocals / Lyrics,1994
I'm a MF Pimp,Suga Free,Hip-Hop / Rap / R&B,Vocals / Lyrics,2016
I'm a MF Pimp,Snoop Dogg,Hip-Hop / Rap / R&B,Vocals / Lyrics,2016
I'm a MF Pimp,Sin Dodie,Hip-Hop / Rap / R&B,Vocals / Lyrics,2016
Aishiteru,Soichi Terada,Electronic / Dance,Hook / Riff,1991
Aishiteru,Shinichiro Yokota,Electronic / Dance,Hook / Riff,1991
West Side Highway,Grap Luva,Hip-Hop / Rap / R&B,Vocals / Lyrics,2011
Drip,BC Raff,Hip-Hop / Rap / R&B,Vocals / Lyrics,2018
Tramp,Foxy Brown,Hip-Hop / Rap / R&B,Multiple Elements,1999
Senza Un Posto Nel Mondo,Marracash,Hip-Hop / Rap / R&B,Vocals / Lyrics,2015
Senza Un Posto Nel Mondo,Tiziano Ferro,Hip-Hop / Rap / R&B,Vocals / Lyrics,2015
4Ever,Perservere,Hip-Hop / Rap / R&B,Vocals / Lyrics,1995
Doubts,Soudiere,Hip-Hop / Rap / R&B,Vocals / Lyrics,2016
Rosewood,Sunz of Man,Hip-Hop / Rap / R&B,Sound Effect / Other,1999
Rosewood,Ghetto Government,Hip-Hop / Rap / R&B,Sound Effect / Other,1999
Soumis,KeBlack,Hip-Hop / Rap / R&B,Vocals / Lyrics,2016
Soumis,Naza,Hip-Hop / Rap / R&B,Vocals / Lyrics,2016
Soumis,Mister You,Hip-Hop / Rap / R&B,Vocals / Lyrics,2016
Jam Jam (If You Can) (Hip Hop Version),The Gyrlz,Hip-Hop / Rap / R&B,Vocals / Lyrics,1988
On a Mission,Double XX Posse,Hip-Hop / Rap / R&B,Sound Effect / Other,1990
Look at Me Now,Private Identity,Hip-Hop / Rap / R&B,Hook / Riff,2017
Mo B's Theme,Mo B. Dick,Hip-Hop / Rap / R&B,Vocals / Lyrics,1999
Mo B's Theme,KLC,Hip-Hop / Rap / R&B,Vocals / Lyrics,1999
Szkoła Karate,Polskie Karate,Hip-Hop / Rap / R&B,Vocals / Lyrics,2013
It Yearns,Mystikal,Hip-Hop / Rap / R&B,Vocals / Lyrics,1997
Mega Mix (House Style),Le Juan Love,Hip-Hop / Rap / R&B,Hook / Riff,1988
Mega Mix (House Style),DJ Man,Hip-Hop / Rap / R&B,Hook / Riff,1988
Bullet Proff Jumper,Genaside II,Electronic / Dance,Vocals / Lyrics,1999
Funk Soul Brother,ILL G,Hip-Hop / Rap / R&B,Vocals / Lyrics,2010
Funk Soul Brother,Skubi,Hip-Hop / Rap / R&B,Vocals / Lyrics,2010
Funk Soul Brother,DJ Rokam,Hip-Hop / Rap / R&B,Vocals / Lyrics,2010
Run Dat Doe,Street Knowledge,Hip-Hop / Rap / R&B,Sound Effect / Other,2018
It's My Live,Białas,Hip-Hop / Rap / R&B,Vocals / Lyrics,2017
It's My Live,Lanek,Hip-Hop / Rap / R&B,Vocals / Lyrics,2017
We're in This Together,Low Profile,Hip-Hop / Rap / R&B,Vocals / Lyrics,1989
The Good Hit,Funkdoobiest,Hip-Hop / Rap / R&B,Vocals / Lyrics,1994
You Need This Music,Nottz,Hip-Hop / Rap / R&B,Vocals / Lyrics,2010
You Need This Music,Dwele,Hip-Hop / Rap / R&B,Vocals / Lyrics,2010
Back and Forth,Fat Boys,Hip-Hop / Rap / R&B,Hook / Riff,1988
Apartman,Kiša Metaka,Hip-Hop / Rap / R&B,Vocals / Lyrics,2014
Apartman,Prti Bee Gee,Hip-Hop / Rap / R&B,Vocals / Lyrics,2014
Dat Lingo,Vee Tha Rula,Hip-Hop / Rap / R&B,Multiple Elements,2015
Dat Lingo,Kid Ink,Hip-Hop / Rap / R&B,Multiple Elements,2015
Dat Lingo,Bricc Baby Shitro,Hip-Hop / Rap / R&B,Multiple Elements,2015
Bass of the Tramp,Aphrodite,Electronic / Dance,Hook / Riff,1997
Bass of the Tramp,Mickey Finn,Electronic / Dance,Hook / Riff,1997
Aneurysms,Mr. Dibbs,Hip-Hop / Rap / R&B,Vocals / Lyrics,1998
Stand by Me,Lemon Ice,Rock / Pop,Vocals / Lyrics,2006
We'd Like to Thank,J.J. Fad,Hip-Hop / Rap / R&B,Vocals / Lyrics,1990
Dady's Great,J.D.T.R.,Hip-Hop / Rap / R&B,Vocals / Lyrics,1987
Say You'll Be There (Linslee's Extended Mix),Spice Girls,Hip-Hop / Rap / R&B,Multiple Elements,1996
"Instrumental 3, 1991-1992",Showbiz & A.G.,Hip-Hop / Rap / R&B,Multiple Elements,1991
Ballad of a Menace (Homicidal Theme Remix),C.P.O.,Hip-Hop / Rap / R&B,Vocals / Lyrics,1990
Ballad of a Menace (Homicidal Theme Remix),MC Ren,Hip-Hop / Rap / R&B,Vocals / Lyrics,1990
Jimmy's Gettin' Funky,Stezo,Hip-Hop / Rap / R&B,Vocals / Lyrics,1989
Never Trust,Styles P,Hip-Hop / Rap / R&B,Vocals / Lyrics,2014
Never Trust,Chris Rivers,Hip-Hop / Rap / R&B,Vocals / Lyrics,2014
K-ZMB Special Bulletin,Sid Roams,Hip-Hop / Rap / R&B,Vocals / Lyrics,2009
Contagious,Haywyre,Electronic / Dance,Vocals / Lyrics,2019
Original Man,Capleton,Reggae / Dub,Vocals / Lyrics,1997
Original Man,Q-Tip,Reggae / Dub,Vocals / Lyrics,1997
Diane (Rated XXX),Hostyle,Hip-Hop / Rap / R&B,Multiple Elements,1988
How We Roll,Chingy,Hip-Hop / Rap / R&B,Vocals / Lyrics,2006
How We Roll,Chopper,Hip-Hop / Rap / R&B,Vocals / Lyrics,2006
Mass Communication Break Down,President BPM,Hip-Hop / Rap / R&B,Hook / Riff,1986
3 Days Later,De La Soul,Hip-Hop / Rap / R&B,Vocals / Lyrics,1993
Butterfly Style (Club Mix),Funkmaster Flex,Hip-Hop / Rap / R&B,Multiple Elements,1993
Namaste,Dinos,Hip-Hop / Rap / R&B,Vocals / Lyrics,2013
Get Ya Money Right,Young Buck,Hip-Hop / Rap / R&B,Vocals / Lyrics,2015
La Force Du Coté Obscur,Cut Killer,Hip-Hop / Rap / R&B,Multiple Elements,1994
Let Me Hear You Scream,Kooley C,Hip-Hop / Rap / R&B,Vocals / Lyrics,1988
Four Elements,Looptroop,Hip-Hop / Rap / R&B,Multiple Elements,1998
1000 Bars Die Meisterprüfung,Eko Fresh,Hip-Hop / Rap / R&B,Vocals / Lyrics,2014
Count on That,Demrick,Hip-Hop / Rap / R&B,Multiple Elements,2018
Count on That,Dizzy Wright,Hip-Hop / Rap / R&B,Multiple Elements,2018
Count on That,DJ Hoppa,Hip-Hop / Rap / R&B,Multiple Elements,2018
Count on That,Audio Push,Hip-Hop / Rap / R&B,Multiple Elements,2018
Just a Sample,Simple House Production,Hip-Hop / Rap / R&B,Vocals / Lyrics,1990
Allt Från Mig,Lorentz,Hip-Hop / Rap / R&B,Vocals / Lyrics,2014
Shake It Up,The Jamaica Boys,Hip-Hop / Rap / R&B,Vocals / Lyrics,1990
I'm Coming Home (Purple Disco Machine Remix),Dino Lenny,Rock / Pop,Vocals / Lyrics,2013
Big Time Chillin,Lightnin Lee,Hip-Hop / Rap / R&B,Multiple Elements,1988
Big Time Chillin,Poppy P,Hip-Hop / Rap / R&B,Multiple Elements,1988
X Breaks,The Heritage Orchestra,Soul / Funk / Disco,Multiple Elements,2021
X Breaks,Jules Buckley,Soul / Funk / Disco,Multiple Elements,2021
X Breaks,Ghost-Note,Soul / Funk / Disco,Multiple Elements,2021
Bass Game,Finesse & Synquis,Hip-Hop / Rap / R&B,Hook / Riff,1987
Hack and Slash,Sid Roams,Hip-Hop / Rap / R&B,Vocals / Lyrics,2009
Rep N' Serve,Mr. Capone-E,Hip-Hop / Rap / R&B,Vocals / Lyrics,2017
"Ciuchy, Kobiety",Quebonafide,Hip-Hop / Rap / R&B,Vocals / Lyrics,2015
"Ciuchy, Kobiety",Dwa Sławy,Hip-Hop / Rap / R&B,Vocals / Lyrics,2015
"Ciuchy, Kobiety",Sitek,Hip-Hop / Rap / R&B,Vocals / Lyrics,2015
"Ciuchy, Kobiety",Ras,Hip-Hop / Rap / R&B,Vocals / Lyrics,2015
Run,Jim-E Stack,Electronic / Dance,Vocals / Lyrics,2014
Sittin' on Chrome (Pitkin Ave Mix),Masta Ace Incorporated,Hip-Hop / Rap / R&B,Hook / Riff,1995
Hood Drug Warz,DJ Kay Slay,Hip-Hop / Rap / R&B,Vocals / Lyrics,2006
Hood Drug Warz,Greg Street,Hip-Hop / Rap / R&B,Vocals / Lyrics,2006
Hood Drug Warz,Three 6 Mafia,Hip-Hop / Rap / R&B,Vocals / Lyrics,2006
Hood Drug Warz,B.G.,Hip-Hop / Rap / R&B,Vocals / Lyrics,2006
As-Salaam-Alaikum,Shaka,Hip-Hop / Rap / R&B,Vocals / Lyrics,1994
Party Pooper,TC Islam,Hip-Hop / Rap / R&B,Hook / Riff,1987
Diáspora,DV Tribo,Hip-Hop / Rap / R&B,Multiple Elements,2016
Big Dancin,Bounce Camp,Electronic / Dance,Hook / Riff,2008
Trappa,Young Dolph,Hip-Hop / Rap / R&B,Vocals / Lyrics,2016
Capo,The Hippy Boys,Reggae / Dub,Hook / Riff,1969
The Way We Used To,Cevin Fisher,Electronic / Dance,Multiple Elements,1998
The Way We Used To,Jason Jinx,Electronic / Dance,Multiple Elements,1998
Cold World,Sid Roams,Hip-Hop / Rap / R&B,Vocals / Lyrics,2009
Deaf Mick's Throwdown,Clockwork Voodoo Freaks,Electronic / Dance,Multiple Elements,1997
God Made Me Funke,Kool Moe Dee,Hip-Hop / Rap / R&B,Hook / Riff,1989
Get Down,Joell Ortiz,Hip-Hop / Rap / R&B,Vocals / Lyrics,2014
1956,Mr. X & Mr. Y,Electronic / Dance,Vocals / Lyrics,1998
Just a Taste of Lovin',Al B. Sure!,Hip-Hop / Rap / R&B,Vocals / Lyrics,1988
Qui Tu Connais,Ol' Kainry,Hip-Hop / Rap / R&B,Vocals / Lyrics,2013
Qui Tu Connais,Dany Dan,Hip-Hop / Rap / R&B,Vocals / Lyrics,2013
Qui Tu Connais,Jango Jack,Hip-Hop / Rap / R&B,Vocals / Lyrics,2013
Qui Tu Connais,Nekfeu,Hip-Hop / Rap / R&B,Vocals / Lyrics,2013
Total Control,K.D. Nice,Hip-Hop / Rap / R&B,Hook / Riff,1988
Der Blutige Pfad 2,Eko Fresh,Hip-Hop / Rap / R&B,Vocals / Lyrics,2013
Der Blutige Pfad 2,Farid Bang,Hip-Hop / Rap / R&B,Vocals / Lyrics,2013
Block 2 Block,DJ JS-One,Hip-Hop / Rap / R&B,Vocals / Lyrics,2011
Block 2 Block,Sadat X,Hip-Hop / Rap / R&B,Vocals / Lyrics,2011
Block 2 Block,Akil,Hip-Hop / Rap / R&B,Vocals / Lyrics,2011
Block 2 Block,Freestyle (Rapper),Hip-Hop / Rap / R&B,Vocals / Lyrics,2011
Krazy Wit Da Books,Das EFX,Hip-Hop / Rap / R&B,Multiple Elements,1993
Mafia Musik,Summer Cem,Hip-Hop / Rap / R&B,Vocals / Lyrics,2014
Mafia Musik,Farid Bang,Hip-Hop / Rap / R&B,Vocals / Lyrics,2014
Robbery,Abra Cadabra,Hip-Hop / Rap / R&B,Multiple Elements,2016
Jungle Message 2 Man,S.F.C.,Hip-Hop / Rap / R&B,Hook / Riff,1990
Nobody,Mulatto,Hip-Hop / Rap / R&B,Vocals / Lyrics,2017
Real Mutha for Ya,Cash Money & Marvelous,Hip-Hop / Rap / R&B,Vocals / Lyrics,1988
Aladdin's on a Rampage,Low Profile,Hip-Hop / Rap / R&B,Vocals / Lyrics,1989
Hip Hop Reggae,Longsy D,Hip-Hop / Rap / R&B,Hook / Riff,1987
Hip Hop Reggae,Cut Master M.C.,Hip-Hop / Rap / R&B,Hook / Riff,1987
Listen to the Man,Kev E Kev,Hip-Hop / Rap / R&B,Multiple Elements,1988
Listen to the Man,AK B,Hip-Hop / Rap / R&B,Multiple Elements,1988
F.Y.F.R. (Fuck Your Favorite Rapper),Ace Hood,Hip-Hop / Rap / R&B,Vocals / Lyrics,2014
Brain Damage,Twisted Insane,Hip-Hop / Rap / R&B,Vocals / Lyrics,2015
Allow Me,Shuko,Hip-Hop / Rap / R&B,Vocals / Lyrics,2015
Allow Me,Pete Philly,Hip-Hop / Rap / R&B,Vocals / Lyrics,2015
Allow Me,Evidence,Hip-Hop / Rap / R&B,Vocals / Lyrics,2015
Allow Me,20Syl,Hip-Hop / Rap / R&B,Vocals / Lyrics,2015
6 Words,Wretch 32,Rock / Pop,Multiple Elements,2014
Super Cool Mack Daddy,Marky Mark and the Funky Bunch,Hip-Hop / Rap / R&B,Vocals / Lyrics,1992
Gangsta,Kornél Kovács,Electronic / Dance,Vocals / Lyrics,2015
Zza Grobu,Medium,Hip-Hop / Rap / R&B,Vocals / Lyrics,2012
If I Die Tonight,Kohh,Hip-Hop / Rap / R&B,Vocals / Lyrics,2016
If I Die Tonight,Dutch Montana,Hip-Hop / Rap / R&B,Vocals / Lyrics,2016
If I Die Tonight,SALU,Hip-Hop / Rap / R&B,Vocals / Lyrics,2016
Dorsal,Oceanica,Hip-Hop / Rap / R&B,Multiple Elements,2020
Let Me Clear My Throat (Funkmaster Flex Remix),DJ Kool,Hip-Hop / Rap / R&B,Vocals / Lyrics,1996
The Exclusive (Bar Scene),Madlib,Hip-Hop / Rap / R&B,Vocals / Lyrics,2011
The Exclusive (Bar Scene),Frank Nitty,Hip-Hop / Rap / R&B,Vocals / Lyrics,2011
The Exclusive (Bar Scene),The Professionals (Hip-Hop),Hip-Hop / Rap / R&B,Vocals / Lyrics,2011
At a Jam,Tray-Bag MC,Hip-Hop / Rap / R&B,Multiple Elements,1987
Unstoppable,Mic Geronimo,Hip-Hop / Rap / R&B,Vocals / Lyrics,1997
The Exclusive,Quasimoto,Hip-Hop / Rap / R&B,Multiple Elements,2005
The Exclusive,M.E.D.,Hip-Hop / Rap / R&B,Multiple Elements,2005
Murda Bizness,Iggy Azalea,Hip-Hop / Rap / R&B,Vocals / Lyrics,2012
Murda Bizness,T.I.,Hip-Hop / Rap / R&B,Vocals / Lyrics,2012
Yessaï,Caballero,Hip-Hop / Rap / R&B,Vocals / Lyrics,2016
Yessaï,JeanJass,Hip-Hop / Rap / R&B,Vocals / Lyrics,2016
W.R.O.H.,Ab-Soul,Hip-Hop / Rap / R&B,Vocals / Lyrics,2014
Dreamyness,Keys N Krates,Electronic / Dance,Vocals / Lyrics,2013
Your Love Ain't Right,Harmony (Female Rapper),Hip-Hop / Rap / R&B,Hook / Riff,1990
Different Places One Hip Hop,The Returners,Hip-Hop / Rap / R&B,Vocals / Lyrics,2007
Gyokai Konna Mon Da Rap,Seiko Ito,Hip-Hop / Rap / R&B,Multiple Elements,1985
Ya Can't Test Me Again,Red Fox,Reggae / Dub,Vocals / Lyrics,1993
Just Got Paid,*NSYNC,Rock / Pop,Multiple Elements,2000
Rup Rup (Bad Inna Real Life),Popcaan,Reggae / Dub,Vocals / Lyrics,2015
G'z Iz G'z,Tash,Hip-Hop / Rap / R&B,Vocals / Lyrics,1999
G'z Iz G'z,Snoop Dogg,Hip-Hop / Rap / R&B,Vocals / Lyrics,1999
G'z Iz G'z,Xzibit,Hip-Hop / Rap / R&B,Vocals / Lyrics,1999
G'z Iz G'z,Kurupt,Hip-Hop / Rap / R&B,Vocals / Lyrics,1999
Prosciutto Crudo,Kaz Bałagane,Hip-Hop / Rap / R&B,Vocals / Lyrics,2017
What Comes Around,Beastie Boys,Hip-Hop / Rap / R&B,Vocals / Lyrics,1989
Traphouse of Horrors Chapter 4,DJ Smokey,Hip-Hop / Rap / R&B,Multiple Elements,2017
Wonder,Bizzle,Hip-Hop / Rap / R&B,Vocals / Lyrics,2013
YRN 2 Intro,Migos,Hip-Hop / Rap / R&B,Vocals / Lyrics,2016
SLU 3 Litery,Peja,Hip-Hop / Rap / R&B,Vocals / Lyrics,2006
SLU 3 Litery,Slums Attack,Hip-Hop / Rap / R&B,Vocals / Lyrics,2006
Perfected on Puritan Ave.,Black Milk,Hip-Hop / Rap / R&B,Vocals / Lyrics,2013
Losin' My Mind,Kiesza,Rock / Pop,Vocals / Lyrics,2014
Losin' My Mind,Mick Jenkins,Rock / Pop,Vocals / Lyrics,2014
Playground,Another Bad Creation,Hip-Hop / Rap / R&B,Hook / Riff,1991
Секс без перерыва,Мальчишник,Hip-Hop / Rap / R&B,Multiple Elements,1992
Pressure,Plump DJs,Electronic / Dance,Vocals / Lyrics,2005
Esta Noche,BIA,Hip-Hop / Rap / R&B,Vocals / Lyrics,2018
Powinnaś?,Eldo,Hip-Hop / Rap / R&B,Vocals / Lyrics,2010
Take You Higher,Curren$y,Hip-Hop / Rap / R&B,Vocals / Lyrics,2016
Baku Baku to Jest Skład,Kaliber 44,Hip-Hop / Rap / R&B,Multiple Elements,2000
Dig It,The Coup,Hip-Hop / Rap / R&B,Vocals / Lyrics,1993
Shock Dat Monkey,TLC,Hip-Hop / Rap / R&B,Multiple Elements,1992
Brainfreeze (Side 1),DJ Shadow,Other,Multiple Elements,1999
Brainfreeze (Side 1),Cut Chemist,Other,Multiple Elements,1999
Summer Power,Summer Madness,Electronic / Dance,Hook / Riff,1999
Toss It,Snoop Dogg,Hip-Hop / Rap / R&B,Vocals / Lyrics,2017
Toss It,Too Short,Hip-Hop / Rap / R&B,Vocals / Lyrics,2017
Toss It,Nef the Pharaoh,Hip-Hop / Rap / R&B,Vocals / Lyrics,2017
Livin',The Clark Sisters,Gospel,Hook / Riff,2007
Gone Too Soon,Vybz Kartel,Reggae / Dub,Vocals / Lyrics,2016
Highway 85,Migos,Hip-Hop / Rap / R&B,Vocals / Lyrics,2015
Pleazer,Tyga,Hip-Hop / Rap / R&B,Vocals / Lyrics,2015
Pleazer,Boosie Badazz,Hip-Hop / Rap / R&B,Vocals / Lyrics,2015
Squalo,Guè,Hip-Hop / Rap / R&B,Vocals / Lyrics,2015
Camp Registration,The Alchemist,Hip-Hop / Rap / R&B,Multiple Elements,2013
Camp Registration,Action Bronson,Hip-Hop / Rap / R&B,Multiple Elements,2013
Camp Registration,Blu,Hip-Hop / Rap / R&B,Multiple Elements,2013
Camp Registration,Domo Genesis,Hip-Hop / Rap / R&B,Multiple Elements,2013
Camp Registration,Step Brothers,Hip-Hop / Rap / R&B,Multiple Elements,2013
Musical Journey,Kero One,Hip-Hop / Rap / R&B,Vocals / Lyrics,2005
Ghetto House Groove,Armand Van Helden,Electronic / Dance,Multiple Elements,1998
Ghetto House Groove,The Horse,Electronic / Dance,Multiple Elements,1998
My Squad,Problem,Hip-Hop / Rap / R&B,Vocals / Lyrics,2016
Push It Along,Slum Village,Hip-Hop / Rap / R&B,Vocals / Lyrics,2015
I Don't Kare,Redman,Hip-Hop / Rap / R&B,Vocals / Lyrics,1998
What Part of the Game,Mike Fresh,Hip-Hop / Rap / R&B,Vocals / Lyrics,2014
Teddy Bear,G-Wiz (Group),Hip-Hop / Rap / R&B,Hook / Riff,1993
Midnight,Ice-T,Hip-Hop / Rap / R&B,Vocals / Lyrics,1991
Cover Me,Lloyd Banks,Hip-Hop / Rap / R&B,Multiple Elements,2013
Cover Me,Styles P,Hip-Hop / Rap / R&B,Multiple Elements,2013
13 Uhr,Bonez MC,Hip-Hop / Rap / R&B,Vocals / Lyrics,2016
13 Uhr,Gzuz,Hip-Hop / Rap / R&B,Vocals / Lyrics,2016
13 Uhr,Sa4,Hip-Hop / Rap / R&B,Vocals / Lyrics,2016
Jerk Out (Sexy Mix),The Time,Electronic / Dance,Hook / Riff,1990
Almost Famous,Swollen Members,Hip-Hop / Rap / R&B,Vocals / Lyrics,2013
Weekend,Club Dogo,Hip-Hop / Rap / R&B,Vocals / Lyrics,2014
Destitute Illusions,Jamiroquai,Soul / Funk / Disco,Vocals / Lyrics,1999
Fear (Intro),Ace Hood,Hip-Hop / Rap / R&B,Vocals / Lyrics,2014
Nie Zobaczysz,Kaz Bałagane,Hip-Hop / Rap / R&B,Vocals / Lyrics,2016
Nie Zobaczysz,Belmondo,Hip-Hop / Rap / R&B,Vocals / Lyrics,2016
Mission,Lupe Fiasco,Hip-Hop / Rap / R&B,Vocals / Lyrics,2014
Old School Beat,Ruff -N- Rugged,Hip-Hop / Rap / R&B,Hook / Riff,1994
The Rhythm,Everlast,Hip-Hop / Rap / R&B,Vocals / Lyrics,1989
The Rhythm,Donald D,Hip-Hop / Rap / R&B,Vocals / Lyrics,1989
The Rhythm,Ice-T,Hip-Hop / Rap / R&B,Vocals / Lyrics,1989
U Must Be Crazy,Ken Rebel,Hip-Hop / Rap / R&B,Multiple Elements,2013
U Must Be Crazy,brandUn DeShay,Hip-Hop / Rap / R&B,Multiple Elements,2013
Dirty Ass Rats,Dre Dog,Hip-Hop / Rap / R&B,Hook / Riff,1993
Dirty Ass Rats,Totally Insane,Hip-Hop / Rap / R&B,Hook / Riff,1993
Thanos vs J Robert Oppenheimer,Epic Rap Battles of History,Hip-Hop / Rap / R&B,Vocals / Lyrics,2019
Barbary Coast,OverDoz,Hip-Hop / Rap / R&B,Vocals / Lyrics,2013
Funky Rhyming,Edan,Hip-Hop / Rap / R&B,Hook / Riff,2005
Vampire Hunter J,J-Live,Hip-Hop / Rap / R&B,Vocals / Lyrics,2001
Bounce,Mercer,Electronic / Dance,Vocals / Lyrics,2015
Bounce,4B,Electronic / Dance,Vocals / Lyrics,2015
Beat of the Street,Choice M.C.'s,Hip-Hop / Rap / R&B,Vocals / Lyrics,1985
Intro,Suprême NTM,Hip-Hop / Rap / R&B,Vocals / Lyrics,1993
Assassins,Childish Gambino,Hip-Hop / Rap / R&B,Drums,2008
Assassins,DC,Hip-Hop / Rap / R&B,Drums,2008
Assassins,Nick Packard,Hip-Hop / Rap / R&B,Drums,2008
Lonely,Sistar,Rock / Pop,Vocals / Lyrics,2017
Lucky Ones,Lecrae,Hip-Hop / Rap / R&B,Vocals / Lyrics,2012
Lucky Ones,Rudy Currence,Hip-Hop / Rap / R&B,Vocals / Lyrics,2012
My Old Label,Phat Kat,Hip-Hop / Rap / R&B,Vocals / Lyrics,2007
Loving Every Minute (Cutfather & Joe Remix),Lighthouse Family,Hip-Hop / Rap / R&B,Vocals / Lyrics,1996
Never Let Go (A-Trak Remix),Surkin,Electronic / Dance,Vocals / Lyrics,2012
Never Let Go (A-Trak Remix),Kevin Irving,Electronic / Dance,Vocals / Lyrics,2012
Bitches & Booze,Kato,Hip-Hop / Rap / R&B,Vocals / Lyrics,2015
Bitches & Booze,TopGunn,Hip-Hop / Rap / R&B,Vocals / Lyrics,2015
Bitches & Booze,Brandon Beal,Hip-Hop / Rap / R&B,Vocals / Lyrics,2015
Gorilas,Matiah Chinaski,Hip-Hop / Rap / R&B,Vocals / Lyrics,2013
Gorilas,Brous One,Hip-Hop / Rap / R&B,Vocals / Lyrics,2013
Gorilas,Naranjuano,Hip-Hop / Rap / R&B,Vocals / Lyrics,2013
Gorilas,DJ Cidtronyck,Hip-Hop / Rap / R&B,Vocals / Lyrics,2013
Shoppin',Niko G4,Hip-Hop / Rap / R&B,Multiple Elements,2013
Shoppin',Dom Kennedy,Hip-Hop / Rap / R&B,Multiple Elements,2013
Shoppin',Jay 305,Hip-Hop / Rap / R&B,Multiple Elements,2013
Let's Be Adult (This Year's Model Version),Pizzicato Five,Electronic / Dance,Hook / Riff,1991
Bania,ReTo,Hip-Hop / Rap / R&B,Vocals / Lyrics,2017
My Boy,Young Thug,Hip-Hop / Rap / R&B,Vocals / Lyrics,2017
Genetic Freak,Sid Roams,Hip-Hop / Rap / R&B,Vocals / Lyrics,2009
Get It Poppin,The Globetroddas,Hip-Hop / Rap / R&B,Vocals / Lyrics,2010
Slag Under Bältet,Petter,Hip-Hop / Rap / R&B,Sound Effect / Other,2009
Say Listen to Me,Ganjah Posse,Hip-Hop / Rap / R&B,Sound Effect / Other,1991
Think Better,Slow Motion Replay,Electronic / Dance,Multiple Elements,2010
Keep It Street,Chubb Rock,Hip-Hop / Rap / R&B,Multiple Elements,1990
Not This Time,Young Buck,Hip-Hop / Rap / R&B,Multiple Elements,2015
Next Big Thing,Blueface,Hip-Hop / Rap / R&B,Vocals / Lyrics,2018
Dub Plate Pressure (Remix),Sniper (5),Electronic / Dance,Hook / Riff,1999
Dub Plate Pressure (Remix),MC GQ,Electronic / Dance,Hook / Riff,1999
Вот Лето Пролетело И Ага,С.Т.Д.К.,Hip-Hop / Rap / R&B,Vocals / Lyrics,1998
I Like It (Kenny Smoove Remix),Jomanda,Hip-Hop / Rap / R&B,Vocals / Lyrics,1993
The Finest Ingredients,Norman Cook,Hip-Hop / Rap / R&B,Hook / Riff,1986
M & M Getting Off,DJ Magic Mike,Hip-Hop / Rap / R&B,Hook / Riff,1989
Jeden Tag,PA Sports,Hip-Hop / Rap / R&B,Vocals / Lyrics,2016
Jeden Tag,Kianush,Hip-Hop / Rap / R&B,Vocals / Lyrics,2016
Got a Good Thing Going On,Kid 'N Play,Hip-Hop / Rap / R&B,Vocals / Lyrics,1991
Slide Thru,Rayven Justice,Hip-Hop / Rap / R&B,Vocals / Lyrics,2013
Slide Thru,Philthy Rich,Hip-Hop / Rap / R&B,Vocals / Lyrics,2013
Slide Thru,Keak Da Sneak,Hip-Hop / Rap / R&B,Vocals / Lyrics,2013
Right Here (Smooth Bam Jam Mix),SWV,Hip-Hop / Rap / R&B,Hook / Riff,1992
Feuerwerk,Wincent Weiss,Rock / Pop,Vocals / Lyrics,2017
Smooth Walk,Emapea,Hip-Hop / Rap / R&B,Vocals / Lyrics,2016
Stronzo,Nitro,Hip-Hop / Rap / R&B,Vocals / Lyrics,2015
Stronzo,DJ Ms,Hip-Hop / Rap / R&B,Vocals / Lyrics,2015
Up2me,Mavi,Hip-Hop / Rap / R&B,Vocals / Lyrics,2018
Up2me,Orpheus,Hip-Hop / Rap / R&B,Vocals / Lyrics,2018
Заколебал ты,Дискотека Авария,Hip-Hop / Rap / R&B,Vocals / Lyrics,2001
I'm Outstanding (Funk Lord Remix),Shaquille O'Neal,Hip-Hop / Rap / R&B,Vocals / Lyrics,1994
I Love U,J.C. & the Boyz,Hip-Hop / Rap / R&B,Hook / Riff,1992
Crazy,Yvette Michele,Hip-Hop / Rap / R&B,Vocals / Lyrics,1997
No New Leaders,Mibbs,Hip-Hop / Rap / R&B,Vocals / Lyrics,2014
Sacré Français! (Dim's Zulu B-Boy Jam),Dimitri From Paris,Electronic / Dance,Vocals / Lyrics,1997
Hip Hop (Qu'Importe La Discipline),Triptik,Hip-Hop / Rap / R&B,Vocals / Lyrics,2003
Box-I-Kox,Eis,Hip-Hop / Rap / R&B,Vocals / Lyrics,2003
Pete's Theme,Finesse & Showbiz,Hip-Hop / Rap / R&B,Hook / Riff,1993
Fragile,Stokka & MadBuddy,Hip-Hop / Rap / R&B,Vocals / Lyrics,2014
Legacy,Cold 187um,Hip-Hop / Rap / R&B,Vocals / Lyrics,2016
Legacy,Ice Cube,Hip-Hop / Rap / R&B,Vocals / Lyrics,2016
Legacy,The D.O.C.,Hip-Hop / Rap / R&B,Vocals / Lyrics,2016
Im Wit It (Top Shotta),Lil Mouse,Hip-Hop / Rap / R&B,Vocals / Lyrics,2015
Im Wit It (Top Shotta),Top Shotta,Hip-Hop / Rap / R&B,Vocals / Lyrics,2015
The Official Adventures of the Toad Man (The Bay Bridge Is Over),Invisibl Skratch Piklz,Hip-Hop / Rap / R&B,Multiple Elements,1999
Scratch 22 (Jay-Rock's Theme),Freestylers,Hip-Hop / Rap / R&B,Multiple Elements,1998
24-7,Threat,Hip-Hop / Rap / R&B,Hook / Riff,1993
Blame Em,Yhung T.O.,Hip-Hop / Rap / R&B,Vocals / Lyrics,2017
Caca,DJ Mendez,Hip-Hop / Rap / R&B,Multiple Elements,2001
Soap Boxin',Living Legends,Hip-Hop / Rap / R&B,Vocals / Lyrics,2001
Don't Play With Me,Eniquity,Hip-Hop / Rap / R&B,Hook / Riff,1989
I Wish (Instrumental),Skee-Lo,Hip-Hop / Rap / R&B,Vocals / Lyrics,1995
Counter Parts,Swollen Members,Hip-Hop / Rap / R&B,Vocals / Lyrics,1999
Counter Parts,Dilated Peoples,Hip-Hop / Rap / R&B,Vocals / Lyrics,1999
Jya Ashita Ni Sureba?,Dance☆Man,Soul / Funk / Disco,Vocals / Lyrics,1999
U Wanna Know Somethin',Esham,Hip-Hop / Rap / R&B,Vocals / Lyrics,1992
Televised Executions,Suicide,Soul / Funk / Disco,Hook / Riff,2002
Get Loose,Project Pat,Hip-Hop / Rap / R&B,Vocals / Lyrics,2014
Hitman,Gregory D,Hip-Hop / Rap / R&B,Vocals / Lyrics,1989
I Need Your Love (Hip Hop Mix),The Good Girls,Hip-Hop / Rap / R&B,Hook / Riff,1990
Die Füllung Vom Kissen,Prinz Pi,Hip-Hop / Rap / R&B,Vocals / Lyrics,2016
World War Jam,Debonair Dimension,Hip-Hop / Rap / R&B,Vocals / Lyrics,1988
Whiskey COla,Megaloh,Hip-Hop / Rap / R&B,Vocals / Lyrics,2019
Mush Mouf,Spillage Village,Hip-Hop / Rap / R&B,Vocals / Lyrics,2014
Mush Mouf,EARTHGANG,Hip-Hop / Rap / R&B,Vocals / Lyrics,2014
Mush Mouf,JID,Hip-Hop / Rap / R&B,Vocals / Lyrics,2014
Really Into You,Around the Way,Hip-Hop / Rap / R&B,Vocals / Lyrics,1993
"You, Me and Everything (Evil Edit)",The Shamen,Electronic / Dance,Vocals / Lyrics,1989
Push It Up (Ky Jelly Mix),Rhodes-K,Electronic / Dance,Multiple Elements,1992
Push It Up (Ky Jelly Mix),Splice,Electronic / Dance,Multiple Elements,1992
GAZZA,Tuzza,Hip-Hop / Rap / R&B,Vocals / Lyrics,2017
I Can Make You Dance,DJ Kool,Hip-Hop / Rap / R&B,Vocals / Lyrics,1990
Az Eredeti Gengszter,Dopeman,Hip-Hop / Rap / R&B,Multiple Elements,2008
Az Eredeti Gengszter,Kicsi Dope,Hip-Hop / Rap / R&B,Multiple Elements,2008
Bez Twarzy (Kociołek Remix),Pezet,Hip-Hop / Rap / R&B,Vocals / Lyrics,2003
Bez Twarzy (Kociołek Remix),Noon,Hip-Hop / Rap / R&B,Vocals / Lyrics,2003
Lad Os Feste,MC Clemens,Hip-Hop / Rap / R&B,Hook / Riff,1997
#Christmas (Guess Who),Trey Songz,Hip-Hop / Rap / R&B,Multiple Elements,2015
Qualcosa X Chi Balla I,Ice One,Hip-Hop / Rap / R&B,Vocals / Lyrics,1994
On the Run,Edyta Górniak,Rock / Pop,Vocals / Lyrics,2012
It's Time (Teddy Riley's New Jack Swing Mix),The Winans,Gospel,Vocals / Lyrics,1990
Hoein' for the Dough,UTFO,Hip-Hop / Rap / R&B,Multiple Elements,1991
The Funk Is Still Pending,E-40,Hip-Hop / Rap / R&B,Vocals / Lyrics,2020
C-O-N,Conejo,Hip-Hop / Rap / R&B,Multiple Elements,2005
Hard Rock,Mystidious Misfitss,Hip-Hop / Rap / R&B,Hook / Riff,1995
Voy a Bailar,Ali B,Hip-Hop / Rap / R&B,Vocals / Lyrics,2017
Voy a Bailar,Boef,Hip-Hop / Rap / R&B,Vocals / Lyrics,2017
Voy a Bailar,Rolf Sanchez,Hip-Hop / Rap / R&B,Vocals / Lyrics,2017
Voy a Bailar,RedOne,Hip-Hop / Rap / R&B,Vocals / Lyrics,2017
Syndication (Remix),Everlast,Hip-Hop / Rap / R&B,Hook / Riff,1989
"TBM Mix 4 (Work That Body, Move That Body)",Sample Syndicate,Electronic / Dance,Hook / Riff,1990
All the Way,Tony! Toni! Toné!,Hip-Hop / Rap / R&B,Vocals / Lyrics,1990
Dynomite,Lone Catalysts,Hip-Hop / Rap / R&B,Multiple Elements,2000
Dynomite,J-Live,Hip-Hop / Rap / R&B,Multiple Elements,2000
Old School,Brillz,Hip-Hop / Rap / R&B,Vocals / Lyrics,2013
Old School,Etc!Etc!,Hip-Hop / Rap / R&B,Vocals / Lyrics,2013
Flex,Swoope,Hip-Hop / Rap / R&B,Vocals / Lyrics,2018
It's R Thyme,New Breed of Hustlas,Hip-Hop / Rap / R&B,Hook / Riff,1993
Forsaken,Reazy Renegade,Hip-Hop / Rap / R&B,Multiple Elements,2015
Flowin',Kid Sensation,Hip-Hop / Rap / R&B,Vocals / Lyrics,1990
The Dirt,Edgar Allen Floe,Hip-Hop / Rap / R&B,Sound Effect / Other,2008
The Dirt,Mal Demolish,Hip-Hop / Rap / R&B,Sound Effect / Other,2008
Twista Miculek,Twista,Hip-Hop / Rap / R&B,Sound Effect / Other,2021
Dead Azz,Honey Cocaine,Hip-Hop / Rap / R&B,Vocals / Lyrics,2014
New Heights,Guilty Simpson,Hip-Hop / Rap / R&B,Multiple Elements,2010
Lucky 13 (Adam Beyer Remix),Hertz,Electronic / Dance,Hook / Riff,2005
That's Enough,Talib Kweli,Hip-Hop / Rap / R&B,Sound Effect / Other,2012
That's Enough,John Forté,Hip-Hop / Rap / R&B,Sound Effect / Other,2012
That's Enough,Skyzoo,Hip-Hop / Rap / R&B,Sound Effect / Other,2012
That's Enough,Posdnuos,Hip-Hop / Rap / R&B,Sound Effect / Other,2012
That's Enough,Rubix (Hip-Hop),Hip-Hop / Rap / R&B,Sound Effect / Other,2012
That's Enough,Fashawn,Hip-Hop / Rap / R&B,Sound Effect / Other,2012
Open (Remix),Da Beatminerz,Hip-Hop / Rap / R&B,Multiple Elements,2001
Open (Remix),Caron Wheeler,Hip-Hop / Rap / R&B,Multiple Elements,2001
Open (Remix),Pete Rock,Hip-Hop / Rap / R&B,Multiple Elements,2001
Nobody on This Earth,Shawn Chrystopher,Hip-Hop / Rap / R&B,Vocals / Lyrics,2013
AIDS Attack,MC Steel,Hip-Hop / Rap / R&B,Vocals / Lyrics,1989
AIDS Attack,Doc Rock,Hip-Hop / Rap / R&B,Vocals / Lyrics,1989
Better Off,SPZRKT,Rock / Pop,Vocals / Lyrics,2014
What Is Hip,Badboe,Soul / Funk / Disco,Vocals / Lyrics,2008
I Believe in Music,Fresh Gordon,Hip-Hop / Rap / R&B,Multiple Elements,1987
I Believe in Music,Jaz,Hip-Hop / Rap / R&B,Multiple Elements,1987
West Side Story,"Bobby ""Bobcat"" Ervin",Hip-Hop / Rap / R&B,Hook / Riff,1989
Fugitive Psyhopath,Kubi Producent,Hip-Hop / Rap / R&B,Vocals / Lyrics,2015
Playa$Club,June,Hip-Hop / Rap / R&B,Vocals / Lyrics,2015
Milking,Croatia Squad,Electronic / Dance,Vocals / Lyrics,2014
The Man in the Back,Dee and Ice,Hip-Hop / Rap / R&B,Hook / Riff,1989
Words and Music From Da Lowlands,Gotcha!,Hip-Hop / Rap / R&B,Vocals / Lyrics,1991
The Last Song,Meen Green,Hip-Hop / Rap / R&B,Vocals / Lyrics,1998
The Last Song,Aceyalone,Hip-Hop / Rap / R&B,Vocals / Lyrics,1998
The Last Song,Mykill Miers,Hip-Hop / Rap / R&B,Vocals / Lyrics,1998
The Last Song,Mark the Murderah,Hip-Hop / Rap / R&B,Vocals / Lyrics,1998
The Last Song,Microphone Mike,Hip-Hop / Rap / R&B,Vocals / Lyrics,1998
The Last Song,C-Weed,Hip-Hop / Rap / R&B,Vocals / Lyrics,1998
The Last Song,TeReek,Hip-Hop / Rap / R&B,Vocals / Lyrics,1998
Intocables,Piezas,Hip-Hop / Rap / R&B,Vocals / Lyrics,2008
Intocables,Jayder,Hip-Hop / Rap / R&B,Vocals / Lyrics,2008
Intocables,Ferran MDE,Hip-Hop / Rap / R&B,Vocals / Lyrics,2008
Estimate,Electric Mantis,Electronic / Dance,Vocals / Lyrics,2015
Kings of the Battle,MC Miker G,Hip-Hop / Rap / R&B,Hook / Riff,1987
ヴァイオレンス・ファンタジー,Rhymester,Hip-Hop / Rap / R&B,Multiple Elements,1993
Light It Up,Hendersin,Hip-Hop / Rap / R&B,Multiple Elements,2014
Sick Wid' It Is the Crew,Turf Talk,Hip-Hop / Rap / R&B,Vocals / Lyrics,2007
Sick Wid' It Is the Crew,E-40,Hip-Hop / Rap / R&B,Vocals / Lyrics,2007
Charlie Brown,Jared Evan,Rock / Pop,Vocals / Lyrics,2012
B.Y.O.B.,Bobby Brackins,Hip-Hop / Rap / R&B,Vocals / Lyrics,2012
B.Y.O.B.,Wallpaper,Hip-Hop / Rap / R&B,Vocals / Lyrics,2012
Too Close,Skipper,Hip-Hop / Rap / R&B,Vocals / Lyrics,2015
Confianza,Cream Gang,Hip-Hop / Rap / R&B,Vocals / Lyrics,2013
Confianza,Bronko Yotte,Hip-Hop / Rap / R&B,Vocals / Lyrics,2013
How I Make Papes,London Posse,Hip-Hop / Rap / R&B,Vocals / Lyrics,1993
All the Way Live,Mix Master Mike,Hip-Hop / Rap / R&B,Multiple Elements,2001
Watching My Style,Kooley C,Hip-Hop / Rap / R&B,Vocals / Lyrics,1989
Take Up and Read,Shai Linne,Hip-Hop / Rap / R&B,Vocals / Lyrics,2013
Take Up and Read,Through Him,Hip-Hop / Rap / R&B,Vocals / Lyrics,2013
Take Up and Read,Omri & Ant,Hip-Hop / Rap / R&B,Vocals / Lyrics,2013
Don't Be Afraid,DJ Craze,Hip-Hop / Rap / R&B,Vocals / Lyrics,2000
More Props (Than a Hollywood Set),A Brotha Named Quick,Hip-Hop / Rap / R&B,Hook / Riff,1994
Don't Love Me,Slimmy B,Hip-Hop / Rap / R&B,Vocals / Lyrics,2018
Don't Love Me,Philthy Rich,Hip-Hop / Rap / R&B,Vocals / Lyrics,2018
Light in Nightmare,Velocity (Drum & Bass),Electronic / Dance,Vocals / Lyrics,2012
Strong,Evidence,Hip-Hop / Rap / R&B,Vocals / Lyrics,2003
Posse Jam,Def Dames,Hip-Hop / Rap / R&B,Multiple Elements,1991
Dooit,Teh Tarik Crew,Hip-Hop / Rap / R&B,Vocals / Lyrics,2002
Born Don't Play That,Supreme NYborn,Hip-Hop / Rap / R&B,Multiple Elements,1991
Boojie,Travis Porter,Hip-Hop / Rap / R&B,Multiple Elements,2015
Boojie,Cap1,Hip-Hop / Rap / R&B,Multiple Elements,2015
Unforgivable,Theory Hazit,Hip-Hop / Rap / R&B,Multiple Elements,2015
Unforgivable,India Lee,Hip-Hop / Rap / R&B,Multiple Elements,2015
Dis Is How It Should Be Done,Candyman,Hip-Hop / Rap / R&B,Multiple Elements,1989
Kung-Fu Theatre Pt. 2,Ted Allen,Soundtrack / Library,Hook / Riff,1998
Kung-Fu Theatre Pt. 2,Kurt Harland,Soundtrack / Library,Hook / Riff,1998
Kung-Fu Theatre Pt. 2,Jim Hedges,Soundtrack / Library,Hook / Riff,1998
Loud and Clear,Da' T.R.U.T.H.,Hip-Hop / Rap / R&B,Vocals / Lyrics,2014
Loud and Clear,Jon White,Hip-Hop / Rap / R&B,Vocals / Lyrics,2014
Loud and Clear,Tedashii,Hip-Hop / Rap / R&B,Vocals / Lyrics,2014
Intro,Zale,Hip-Hop / Rap / R&B,Vocals / Lyrics,2005
Intro,Dj Paul (Romanian DJ),Hip-Hop / Rap / R&B,Vocals / Lyrics,2005
Beach City,Willie Mammuth,Hip-Hop / Rap / R&B,Vocals / Lyrics,2015
Beach City,Beefy Bankz,Hip-Hop / Rap / R&B,Vocals / Lyrics,2015
Beach City,Fade RR,Hip-Hop / Rap / R&B,Vocals / Lyrics,2015
Beach City,SD the Emcee,Hip-Hop / Rap / R&B,Vocals / Lyrics,2015
Beach City,Jooba Loc,Hip-Hop / Rap / R&B,Vocals / Lyrics,2015
Beach City,Saggzilla,Hip-Hop / Rap / R&B,Vocals / Lyrics,2015
Beach City,Sam I Am,Hip-Hop / Rap / R&B,Vocals / Lyrics,2015
How God Do It,The Ambassador,Hip-Hop / Rap / R&B,Vocals / Lyrics,2013
Money '90,DBX (3),Hip-Hop / Rap / R&B,Hook / Riff,1989
Something That U Not,Kurupt,Hip-Hop / Rap / R&B,Vocals / Lyrics,2014
Lesson 7: What's Funk?,Ruckus Roboticus,Electronic / Dance,Hook / Riff,2007
Core Audience,Ras Kass,Hip-Hop / Rap / R&B,Hook / Riff,2014
U Wanna Know Something,Esham,Hip-Hop / Rap / R&B,Vocals / Lyrics,1992
Shake,Monty,Hip-Hop / Rap / R&B,Vocals / Lyrics,2015
Shake,Tapia,Hip-Hop / Rap / R&B,Vocals / Lyrics,2015
Running With the Lyrics,Too Def Connection,Hip-Hop / Rap / R&B,Hook / Riff,1992
Rising to the Top,Phalon,Hip-Hop / Rap / R&B,Hook / Riff,1990
The Brougham Shaker,Mr. Mixx,Hip-Hop / Rap / R&B,Multiple Elements,1993
The Brougham Shaker,Da Roughneck Posse,Hip-Hop / Rap / R&B,Multiple Elements,1993
Lettin' You Know,The Kid Rock Group,Hip-Hop / Rap / R&B,Vocals / Lyrics,1991
Doin' Damage,MC Ant,Hip-Hop / Rap / R&B,Multiple Elements,1991
Proppa Ragga,Def Wish Cast,Hip-Hop / Rap / R&B,Vocals / Lyrics,1992
Burn Rubber,DJ Mustard,Hip-Hop / Rap / R&B,Vocals / Lyrics,2013
Burn Rubber,Joe Moses,Hip-Hop / Rap / R&B,Vocals / Lyrics,2013
Burn Rubber,YG,Hip-Hop / Rap / R&B,Vocals / Lyrics,2013
Fall,Oklou,Electronic / Dance,Vocals / Lyrics,2020
Wait a Minute,Musiq Soulchild,Hip-Hop / Rap / R&B,Vocals / Lyrics,2016
Servis,Squeezie,Hip-Hop / Rap / R&B,Vocals / Lyrics,2020
Servis,Gambi,Hip-Hop / Rap / R&B,Vocals / Lyrics,2020
Spill the Milk,Eartheater,Electronic / Dance,Multiple Elements,2019
Luvstuff,Sagat,Electronic / Dance,Multiple Elements,1994
28 Gun Bad Boy,A Guy Called Gerald,Electronic / Dance,Vocals / Lyrics,1992
Insomnie,Népal,Hip-Hop / Rap / R&B,Vocals / Lyrics,2017
Scyzoryk,Liroy,Hip-Hop / Rap / R&B,Vocals / Lyrics,1995
Scyzoryk,Wzgórze Ya-Pa 3,Hip-Hop / Rap / R&B,Vocals / Lyrics,1995
Hiya,Ivy Lab,Electronic / Dance,Vocals / Lyrics,2015
Hiya,Havelock,Electronic / Dance,Vocals / Lyrics,2015
Like This,STAYC,Rock / Pop,Vocals / Lyrics,2020
Kit (What's the Scoop),Slick Rick,Hip-Hop / Rap / R&B,Vocals / Lyrics,1988
White Label Freestyle,Nas,Hip-Hop / Rap / R&B,Multiple Elements,2014
NIGHT DANCER,Imase,Rock / Pop,Vocals / Lyrics,2022
Party Rocker,MC Don & EZ Ed,Hip-Hop / Rap / R&B,Multiple Elements,1988
We Don't Get Down Like Y'all,T.I.,Hip-Hop / Rap / R&B,Vocals / Lyrics,2011
We Don't Get Down Like Y'all,B.o.B,Hip-Hop / Rap / R&B,Vocals / Lyrics,2011
Guillotine,Buddy,Hip-Hop / Rap / R&B,Vocals / Lyrics,2017
Feedback,Steve Aoki,Electronic / Dance,Vocals / Lyrics,2014
Feedback,Autoérotique,Electronic / Dance,Vocals / Lyrics,2014
Feedback,Dimitri Vegas & Like Mike,Electronic / Dance,Vocals / Lyrics,2014
2 Bad (Refugee Camp Mix),Michael Jackson,Hip-Hop / Rap / R&B,Vocals / Lyrics,1997
Believe Me Das Bad,Steady B,Hip-Hop / Rap / R&B,Hook / Riff,1987
Live Intro (1989),N.W.A,Hip-Hop / Rap / R&B,Hook / Riff,1996
Pop Lock This Rock,Two Sisters,Hip-Hop / Rap / R&B,Hook / Riff,1983
Tables,Joey Trap,Hip-Hop / Rap / R&B,Vocals / Lyrics,2018
The Champ,The Kid Daytona,Hip-Hop / Rap / R&B,Multiple Elements,2010
Eric B. Never Scared,Eric B. & Rakim,Hip-Hop / Rap / R&B,Vocals / Lyrics,1988
Walk Like the Dead,Sid Roams,Hip-Hop / Rap / R&B,Vocals / Lyrics,2009
The Shining Pt. 2 (Ice),J Dilla,Hip-Hop / Rap / R&B,Hook / Riff,2016
Comm. 2,The D.O.C.,Hip-Hop / Rap / R&B,Hook / Riff,1989
Comm. 2,MC Ren,Hip-Hop / Rap / R&B,Hook / Riff,1989
Whatchulookinat (P. Diddy Remix),Whitney Houston,Hip-Hop / Rap / R&B,Multiple Elements,2002
Whatchulookinat (P. Diddy Remix),P. Diddy,Hip-Hop / Rap / R&B,Multiple Elements,2002
Dye,Lido,Electronic / Dance,Vocals / Lyrics,2016
Dye,Cashmere Cat,Electronic / Dance,Vocals / Lyrics,2016
Props,INI,Hip-Hop / Rap / R&B,Vocals / Lyrics,1996
Bibi Boy Swag,Hamza,Hip-Hop / Rap / R&B,Vocals / Lyrics,2015
We Will Rock You (1991 Bonus Remix Ruined by Rick Rubin),Queen,Rock / Pop,Vocals / Lyrics,1991
Freak Me,Another Level,Hip-Hop / Rap / R&B,Vocals / Lyrics,1998
Castelos & Ruínas,Bk',Hip-Hop / Rap / R&B,Vocals / Lyrics,2016
Gonna Breakthrough,Mary J. Blige,Hip-Hop / Rap / R&B,Multiple Elements,2005
"Nah, Nah...",E-40,Hip-Hop / Rap / R&B,Vocals / Lyrics,2000
"Nah, Nah...",Nate Dogg,Hip-Hop / Rap / R&B,Vocals / Lyrics,2000
Unified Rebelution,Jurassic 5,Hip-Hop / Rap / R&B,Vocals / Lyrics,1995
At Your Own Risk (Budha Mix),King Tee,Hip-Hop / Rap / R&B,Multiple Elements,1990
World Gone Sour (The Lost Kids),Method Man,Hip-Hop / Rap / R&B,Vocals / Lyrics,2011
Insta Lova,Marracash,Hip-Hop / Rap / R&B,Vocals / Lyrics,2016
Insta Lova,Guè,Hip-Hop / Rap / R&B,Vocals / Lyrics,2016
A Number of Microphones,Propellerheads,Electronic / Dance,Vocals / Lyrics,1998
Cbd,Brakence,Rock / Pop,Vocals / Lyrics,2022
The Man Marley Marl,Marley Marl,Hip-Hop / Rap / R&B,Hook / Riff,1986
Smack a Bitch,J Dilla,Hip-Hop / Rap / R&B,Vocals / Lyrics,2013
YHWH,Salmo,Hip-Hop / Rap / R&B,Vocals / Lyrics,2021
YHWH,Guè,Hip-Hop / Rap / R&B,Vocals / Lyrics,2021
Strength,Dilated Peoples,Hip-Hop / Rap / R&B,Vocals / Lyrics,1999
Jazzy's Groove,DJ Jazzy Jeff & the Fresh Prince,Hip-Hop / Rap / R&B,Hook / Riff,1989
Lick,Cardi B,Hip-Hop / Rap / R&B,Vocals / Lyrics,2017
Lick,Offset,Hip-Hop / Rap / R&B,Vocals / Lyrics,2017
Baseado Em Fatos Reais,Marcelo D2,Hip-Hop / Rap / R&B,Vocals / Lyrics,1998
More Beats & Pieces,Coldcut,Electronic / Dance,Hook / Riff,1997
"The Big Payback (7"" Remix)",EPMD,Hip-Hop / Rap / R&B,Hook / Riff,1989
On FIRE,Joyryde,Electronic / Dance,Vocals / Lyrics,2020
Hip Hop on Wax - Volume 1,Chuck Chillout,Hip-Hop / Rap / R&B,Hook / Riff,1984
Two to Make It Right (The Club Mix),Seduction,Electronic / Dance,Multiple Elements,1989
The Day It All Changed,G-EAZY,Hip-Hop / Rap / R&B,Vocals / Lyrics,2014
Quiet Storm,DJ Snake,Electronic / Dance,Vocals / Lyrics,2019
Quiet Storm,Zomboy,Electronic / Dance,Vocals / Lyrics,2019
You Can't Jam,True Love,Hip-Hop / Rap / R&B,Multiple Elements,1988
Unforgettable (Promnite & Juelz Remix),French Montana,Electronic / Dance,Vocals / Lyrics,2017
Unforgettable (Promnite & Juelz Remix),Swae Lee,Electronic / Dance,Vocals / Lyrics,2017
Sofia,Alvaro Soler,Rock / Pop,Vocals / Lyrics,2016
Entre Deux Feux,Fonky Family,Hip-Hop / Rap / R&B,Multiple Elements,2001
Where Are They Now (West Coast Remix),Nas,Hip-Hop / Rap / R&B,Hook / Riff,2007
Where Are They Now (West Coast Remix),Kam,Hip-Hop / Rap / R&B,Hook / Riff,2007
Where Are They Now (West Coast Remix),King Tee,Hip-Hop / Rap / R&B,Hook / Riff,2007
Where Are They Now (West Coast Remix),Candyman,Hip-Hop / Rap / R&B,Hook / Riff,2007
Where Are They Now (West Coast Remix),Threat,Hip-Hop / Rap / R&B,Hook / Riff,2007
Where Are They Now (West Coast Remix),Ice-T,Hip-Hop / Rap / R&B,Hook / Riff,2007
Where Are They Now (West Coast Remix),Sir Mix-a-Lot,Hip-Hop / Rap / R&B,Hook / Riff,2007
Lend Me an Ear,The D.O.C.,Hip-Hop / Rap / R&B,Hook / Riff,1989
Miami Bass,Stetsasonic,Hip-Hop / Rap / R&B,Multiple Elements,1988
Large Professor,Main Source,Hip-Hop / Rap / R&B,Multiple Elements,1991
Wieder Von Der Skyline Zum Bordstein Zurück,Bushido,Hip-Hop / Rap / R&B,Vocals / Lyrics,2006
The Weekend (Funk Wav Remix),SZA,Rock / Pop,Vocals / Lyrics,2017
The Weekend (Funk Wav Remix),Calvin Harris,Rock / Pop,Vocals / Lyrics,2017
Pump Up the Bass,DJ Jazzy Jeff & the Fresh Prince,Hip-Hop / Rap / R&B,Vocals / Lyrics,1988
Pump It Up (Here's the News),MC Hammer,Hip-Hop / Rap / R&B,Hook / Riff,1988
"NRG (Skrillex, Kill the Noise, Milo & Otis Remix)",Duck Sauce,Electronic / Dance,Vocals / Lyrics,2014
Plan of Attack,Curren$y,Hip-Hop / Rap / R&B,Vocals / Lyrics,2019
Plan of Attack,Trademark Da Skydiver,Hip-Hop / Rap / R&B,Vocals / Lyrics,2019
Plan of Attack,Young Roddy,Hip-Hop / Rap / R&B,Vocals / Lyrics,2019
Let You Love Me,Rita Ora,Rock / Pop,Vocals / Lyrics,2018
Self Destruction,The Stop the Violence Movement,Hip-Hop / Rap / R&B,Multiple Elements,1989
Burn Rubber,Too Short,Hip-Hop / Rap / R&B,Vocals / Lyrics,2003
T.H.O.T,The Game,Hip-Hop / Rap / R&B,Vocals / Lyrics,2014
T.H.O.T,Problem,Hip-Hop / Rap / R&B,Vocals / Lyrics,2014
T.H.O.T,Huddy,Hip-Hop / Rap / R&B,Vocals / Lyrics,2014
T.H.O.T,Bad Lucc,Hip-Hop / Rap / R&B,Vocals / Lyrics,2014
Fantasy,Miles Davis,Jazz / Blues,Hook / Riff,1992
Ruthless Villain,Eazy-E,Hip-Hop / Rap / R&B,Vocals / Lyrics,1988
Ruthless Villain,MC Ren,Hip-Hop / Rap / R&B,Vocals / Lyrics,1988
Return of the Funky Man,Lord Finesse,Hip-Hop / Rap / R&B,Hook / Riff,1991
"Sincerely, Jane",Janelle Monáe,Hip-Hop / Rap / R&B,Vocals / Lyrics,2008
Perfect Strangers,Jonas Blue,Electronic / Dance,Vocals / Lyrics,2016
Perfect Strangers,JP Cooper,Electronic / Dance,Vocals / Lyrics,2016
Intro: Babs,Benny the Butcher,Hip-Hop / Rap / R&B,Vocals / Lyrics,2018
Intro: Babs,Keisha Plum,Hip-Hop / Rap / R&B,Vocals / Lyrics,2018
Can You Feel It,Original Concept,Hip-Hop / Rap / R&B,Multiple Elements,1986
Ice,Jaylib,Hip-Hop / Rap / R&B,Hook / Riff,2003
Tramp,Salt-N-Pepa,Hip-Hop / Rap / R&B,Multiple Elements,1986
Teddy's Jam,Guy,Hip-Hop / Rap / R&B,Vocals / Lyrics,1988
Pac Div,Pac Div,Hip-Hop / Rap / R&B,Vocals / Lyrics,2009
50 Niggaz,Nipsey Hussle,Hip-Hop / Rap / R&B,Vocals / Lyrics,2014
Where Ya From,Mobb Deep,Hip-Hop / Rap / R&B,Vocals / Lyrics,1999
Where Ya From,8Ball,Hip-Hop / Rap / R&B,Vocals / Lyrics,1999
Got to Give It Up,Aaliyah,Hip-Hop / Rap / R&B,Vocals / Lyrics,1996
Got to Give It Up,Slick Rick,Hip-Hop / Rap / R&B,Vocals / Lyrics,1996
All the Time,Ty Dolla $ign,Hip-Hop / Rap / R&B,Vocals / Lyrics,2017
Fresh Is the Word,Mantronix,Hip-Hop / Rap / R&B,Vocals / Lyrics,1985
Fresh Is the Word,MC Tee,Hip-Hop / Rap / R&B,Vocals / Lyrics,1985
Get Lifted,Keith Murray,Hip-Hop / Rap / R&B,Multiple Elements,1994
Codeine Bumpin,PARTYNEXTDOOR,Hip-Hop / Rap / R&B,Multiple Elements,2015
Da Funk,Redman,Hip-Hop / Rap / R&B,Hook / Riff,1992
Unity,Afrika Bambaataa,Hip-Hop / Rap / R&B,Sound Effect / Other,1984
Unity,James Brown,Hip-Hop / Rap / R&B,Sound Effect / Other,1984
Lower Eastside,Delinquent Habits,Hip-Hop / Rap / R&B,Hook / Riff,1996
Groove Me,Guy,Hip-Hop / Rap / R&B,Hook / Riff,1988
Smooth Operator,Big Daddy Kane,Hip-Hop / Rap / R&B,Hook / Riff,1989
Let's Ride,Q-Tip,Hip-Hop / Rap / R&B,Vocals / Lyrics,1999
3 Tha Hard Way,Bahamadia,Hip-Hop / Rap / R&B,Vocals / Lyrics,1996
Fusion Beats Vol. 2,Afrika Bambaataa,Hip-Hop / Rap / R&B,Multiple Elements,1982
Fusion Beats Vol. 2,Afrika Islam,Hip-Hop / Rap / R&B,Multiple Elements,1982
Fusion Beats Vol. 2,Jazzy Jay,Hip-Hop / Rap / R&B,Multiple Elements,1982
La Schmoove,Fu-Schnickens,Hip-Hop / Rap / R&B,Multiple Elements,1992
La Schmoove,Phife Dawg,Hip-Hop / Rap / R&B,Multiple Elements,1992
Ride Out,ScHoolboy Q,Hip-Hop / Rap / R&B,Vocals / Lyrics,2016
Ride Out,Vince Staples,Hip-Hop / Rap / R&B,Vocals / Lyrics,2016
You Don't Know Me,Ariana Grande,Rock / Pop,Vocals / Lyrics,2014
On Fire,Lloyd Banks,Hip-Hop / Rap / R&B,Hook / Riff,2004
Hoover Street,ScHoolboy Q,Hip-Hop / Rap / R&B,Vocals / Lyrics,2014
Let Your Backbone Slide,Maestro Fresh Wes,Hip-Hop / Rap / R&B,Multiple Elements,1989
Plug Talk,Soulja Boy,Hip-Hop / Rap / R&B,Vocals / Lyrics,2015
Still Talkin',Eazy-E,Hip-Hop / Rap / R&B,Vocals / Lyrics,1988
Machine Gun Funk (DJ Premier Remix),The Notorious B.I.G.,Hip-Hop / Rap / R&B,Hook / Riff,2008
Yesterday,Black Eyed Peas,Hip-Hop / Rap / R&B,Hook / Riff,2015
Titi Parisien,Seth Gueko,Hip-Hop / Rap / R&B,Vocals / Lyrics,2015
